time,"Average fuel consumption (km/L)","Average fuel consumption (Today) (km/L)","Average fuel consumption (total) (km/L)","Average fuel consumption (Week) (km/L)","Average speed (km/h)","Calculated boost (bar)","Calculated instant fuel consumption (km/L)","Calculated instant fuel rate (L/h)","Distance travelled (km)","Distance travelled (Today) (km)","Distance travelled (total) (km)","Distance travelled (Week) (km)","Engine RPM (rpm)","Engine RPM x1000 (rpm)","Fuel economizer (based on fuel system status and throttle position) ()","Fuel used (L)","Fuel used (Today) (L)","Fuel used (total) (L)","Fuel used (Week) (L)","Fuel used price (₹$)","Fuel used price (Today) (₹$)","Fuel used price (total) (₹$)","Fuel used price (Week) (₹$)","Instant engine power (based on fuel consumption) (hp)","Intake air temperature (℃)","Intake manifold absolute pressure (kPa)","Throttle position (%)","Vehicle acceleration (g)","Vehicle speed (km/h)",
09:05:40.878,,,,,,,,,,,,,,,,,,,,,,,,,,,,-0,0,
09:05:41.110,,,,,,-0.68325,,,,,,,,,,,,,,,,,,,,33,,-0,0,
09:05:41.595,,,,,,-0.68325,,,,,,,,,-1,,,,,,,,,,,33,0,-0,0,
09:05:41.804,,,,,,-0.68325,,0.4463038563860137,,,,,1283,1.3,-1,,,,,,,,,1.7460290106036516,,33,0,-0,0,
09:05:42.045,,,,,0,-0.68325,,0.4463038563860137,0,0,284.204318,0,1283,1.3,-1,,,,,,,,,1.7460290106036516,,33,0,-0,0,
09:05:42.252,,,,,0,-0.68325,,0.4463038563860137,0,0,284.204318,0,1283,1.3,-1,,,,,,,,,1.7460290106036516,,33,0,-0,0,
09:05:42.721,,,,,0,-0.68325,,0.4463038563860137,0,0,284.204318,0,1283,1.3,-1,,,,,,,,,1.7460290106036516,,33,0,-0,0,
09:05:42.947,,,16.864924510433575,,0,-0.68325,,0.4442166988347151,0,0,284.204318,0,1277,1.3,-1,0.00014074317566694755,0.000141,16.851799,0.000141,0.016185465201698966,0.016215,1703.3447188200003,0.016215,1.7378636372103369,,33,0,-0,0,
09:05:43.185,,,16.864924510433575,,0,-0.68325,,0.4442166988347151,0,0,284.204318,0,1277,1.3,-1,0.00014074317566694755,0.000141,16.851799,0.000141,0.016185465201698966,0.016215,1703.3447188200003,0.016215,1.7378636372103369,,33,0,-0,0,
09:05:43.399,,,16.864924510433575,,0,-0.68325,,0.4442166988347151,0,0,284.204318,0,1277,1.3,-1,0.00014074317566694755,0.000141,16.851799,0.000141,0.016185465201698966,0.016215,1703.3447188200003,0.016215,1.7378636372103369,,33,0,-0,0,
09:05:43.856,,,16.864924510433575,,0,-0.68325,,0.4442166988347151,0,0,284.204318,0,1277,1.3,-1,0.00014074317566694755,0.000141,16.851799,0.000141,0.016185465201698966,0.016215,1703.3447188200003,0.016215,1.7378636372103369,,33,0,-0,0,
09:05:44.103,,,16.86477939874474,,0,-0.68325,,0.4501303118967277,0,0,284.204318,0,1294,1.3,-1,0.0002852695282799957,0.000286,16.851944,0.000286,0.03280599575219951,0.03289,1703.36139382,0.03289,1.7609988618247268,,33,0,-0,0,
09:05:44.316,,,16.86477939874474,,0,-0.68325,,0.4501303118967277,0,0,284.204318,0,1294,1.3,-1,0.0002852695282799957,0.000286,16.851944,0.000286,0.03280599575219951,0.03289,1703.36139382,0.03289,1.7609988618247268,,33,0,-0,0,
09:05:44.549,,,16.86477939874474,,0,-0.69325,,0.4501303118967277,0,0,284.204318,0,1294,1.3,-1,0.0002852695282799957,0.000286,16.851944,0.000286,0.03280599575219951,0.03289,1703.36139382,0.03289,1.7609988618247268,,32,0,-0,0,
09:05:45.010,,,16.86477939874474,,0,-0.69325,,0.4501303118967277,0,0,284.204318,0,1294,1.3,-1,0.0002852695282799957,0.000286,16.851944,0.000286,0.03280599575219951,0.03289,1703.36139382,0.03289,1.7609988618247268,,32,0,-0,0,
09:05:45.234,,,16.864645297749036,,0,-0.69325,,0.42603312925900766,0,0,284.204318,0,1263,1.3,-1,0.00041892111498356157,0.00042,16.852078,0.00042,0.04817592822310958,0.0483,1703.37680382,0.0483,1.6667259144655555,,32,0,-0,0,
09:05:45.463,,,16.864645297749036,,0,-0.69325,,0.42603312925900766,0,0,284.204318,0,1263,1.3,-1,0.00041892111498356157,0.00042,16.852078,0.00042,0.04817592822310958,0.0483,1703.37680382,0.0483,1.6667259144655555,,32,0,0,0,
09:05:45.711,,,16.864645297749036,,0,-0.69325,,0.42603312925900766,0,0,284.204318,0,1263,1.3,-1,0.00041892111498356157,0.00042,16.852078,0.00042,0.04817592822310958,0.0483,1703.37680382,0.0483,1.6667259144655555,,32,0,0,0,
09:05:46.221,,,16.864645297749036,,0,-0.69325,,0.42603312925900766,0,0,284.204318,0,1263,1.3,-1,0.00041892111498356157,0.00042,16.852078,0.00042,0.04817592822310958,0.0483,1703.37680382,0.0483,1.6667259144655555,,32,0,0,0,
09:05:46.490,,,16.86449418649604,,0,-0.69325,,0.43075558674881465,0,0,284.204318,0,1277,1.3,-1,0.0005695236182104622,0.000571,16.852229,0.000571,0.06549521609420315,0.065665,1703.3941688200002,0.065665,1.6852011027494176,,32,0,0,0,
09:05:46.828,,,16.86449418649604,,0,-0.69325,,0.43075558674881465,0,0,284.204318,0,1277,1.3,-1,0.0005695236182104622,0.000571,16.852229,0.000571,0.06549521609420315,0.065665,1703.3941688200002,0.065665,1.6852011027494176,,32,0,0,0,
09:05:47.081,,,16.86449418649604,,0,-0.69325,,0.43075558674881465,0,0,284.204318,0,1277,1.3,-1,0.0005695236182104622,0.000571,16.852229,0.000571,0.06549521609420315,0.065665,1703.3941688200002,0.065665,1.6852011027494176,,32,0,0,0,
09:05:47.612,,,16.86449418649604,,0,-0.69325,,0.43075558674881465,0,0,284.204318,0,1277,1.3,-1,0.0005695236182104622,0.000571,16.852229,0.000571,0.06549521609420315,0.065665,1703.3941688200002,0.065665,1.6852011027494176,,32,0,0,0,
09:05:47.867,,,16.8643290680244,,0,-0.69325,,0.43210486031733086,0,0,284.204318,0,1281,1.3,-1,0.0007348504666242322,0.000736,16.852394,0.000736,0.0845078036617867,0.08464,1703.4131438200002,0.08464,1.690479727973378,,32,0,0,0,
09:05:48.201,,,16.8643290680244,,0,-0.69325,,0.43210486031733086,0,0,284.204318,0,1281,1.3,-1,0.0007348504666242322,0.000736,16.852394,0.000736,0.0845078036617867,0.08464,1703.4131438200002,0.08464,1.690479727973378,,32,0,0,0,
09:05:48.384,,,16.8643290680244,,0,-0.69325,,0.43210486031733086,0,0,284.204318,0,1281,1.3,-1,0.0007348504666242322,0.000736,16.852394,0.000736,0.0845078036617867,0.08464,1703.4131438200002,0.08464,1.690479727973378,,32,0,0,0,
09:05:48.910,,,16.8643290680244,,0,-0.69325,,0.43210486031733086,0,0,284.204318,0,1281,1.3,1,0.0007348504666242322,0.000736,16.852394,0.000736,0.0845078036617867,0.08464,1703.4131438200002,0.08464,1.690479727973378,,32,0,0,0,
09:05:49.155,,,16.864173959678148,,0,-0.69325,,0.4327794971015891,0,0,284.204318,0,1283,1.3,1,0.0008894780728188685,0.000891,16.852549,0.000891,0.10228997837416988,0.102465,1703.43096882,0.102465,1.6931190405853591,,32,0,0,0,
09:05:49.354,,,16.864173959678148,,0,-0.69325,,0.4327794971015891,0,0,284.204318,0,1283,1.3,1,0.0008894780728188685,0.000891,16.852549,0.000891,0.10228997837416988,0.102465,1703.43096882,0.102465,1.6931190405853591,,32,0,0,0,
09:05:49.567,,,16.864173959678148,,0,-0.70325,,0.4327794971015891,0,0,284.204318,0,1283,1.3,1,0.0008894780728188685,0.000891,16.852549,0.000891,0.10228997837416988,0.102465,1703.43096882,0.102465,1.6931190405853591,,31,0,0,0,
09:05:50.043,,,16.864173959678148,,0,-0.70325,,0.4327794971015891,0,0,284.204318,0,1283,1.3,1,0.0008894780728188685,0.000891,16.852549,0.000891,0.10228997837416988,0.102465,1703.43096882,0.102465,1.6931190405853591,,31,0,0,0,
09:05:50.270,,,16.86404687303073,,0,-0.70325,,0.4081447132764133,0,0,284.204318,0,1249,1.2,1,0.001015999011210368,0.001018,16.852676,0.001018,0.11683988628919231,0.11707000000000001,1703.4455738200002,0.11707000000000001,1.5967428909885155,,31,0,0,0,
09:05:50.497,,,16.86404687303073,,0,-0.70325,,0.4081447132764133,0,0,284.204318,0,1249,1.2,1,0.001015999011210368,0.001018,16.852676,0.001018,0.11683988628919231,0.11707000000000001,1703.4455738200002,0.11707000000000001,1.5967428909885155,,31,0,0,0,
09:05:50.831,,,16.86404687303073,,0,-0.69325,,0.4081447132764133,0,0,284.204318,0,1249,1.2,1,0.001015999011210368,0.001018,16.852676,0.001018,0.11683988628919231,0.11707000000000001,1703.4455738200002,0.11707000000000001,1.5967428909885155,,32,0,0,0,
09:05:51.273,,,16.86404687303073,,0,-0.69325,,0.4081447132764133,0,0,284.204318,0,1249,1.2,1,0.001015999011210368,0.001018,16.852676,0.001018,0.11683988628919231,0.11707000000000001,1703.4455738200002,0.11707000000000001,1.5967428909885155,,32,0,0,0,
09:05:51.511,,,16.863900775786988,,0,-0.69325,,0.4250211740826205,0,0,284.204318,0,1260,1.3,1,0.001162482440796506,0.001164,16.852822,0.001164,0.1336854806915982,0.13386,1703.46236382,0.13386,1.6627669455475858,,32,0,0,0,
09:05:51.751,,,16.863900775786988,,0,-0.69325,,0.4250211740826205,0,0,284.204318,0,1260,1.3,1,0.001162482440796506,0.001164,16.852822,0.001164,0.1336854806915982,0.13386,1703.46236382,0.13386,1.6627669455475858,,32,0,0,0,
09:05:51.989,,,16.863900775786988,,0,-0.68325,,0.4250211740826205,0,0,284.204318,0,1260,1.3,1,0.001162482440796506,0.001164,16.852822,0.001164,0.1336854806915982,0.13386,1703.46236382,0.13386,1.6627669455475858,,33,0,0,0,
09:05:52.423,,,16.863900775786988,,0,-0.68325,,0.4250211740826205,0,0,284.204318,0,1260,1.3,1,0.001162482440796506,0.001164,16.852822,0.001164,0.1336854806915982,0.13386,1703.46236382,0.13386,1.6627669455475858,,33,0,0,0,
09:05:52.668,,,16.863763686839796,,0,-0.68325,,0.4257801404649109,0,0,284.204318,0,1224,1.2,1,0.001299338171948003,0.001301,16.852959000000002,0.001301,0.14942388977402035,0.149615,1703.4781188200002,0.149615,1.665736172236063,,33,0,0,0,
09:05:52.874,,,16.863763686839796,,0,-0.68325,,0.4257801404649109,0,0,284.204318,0,1224,1.2,1,0.001299338171948003,0.001301,16.852959000000002,0.001301,0.14942388977402035,0.149615,1703.4781188200002,0.149615,1.665736172236063,,33,0,0,0,
09:05:53.106,,,16.863763686839796,,0,-0.68325,,0.4257801404649109,0,0,284.204318,0,1224,1.2,1,0.001299338171948003,0.001301,16.852959000000002,0.001301,0.14942388977402035,0.149615,1703.4781188200002,0.149615,1.665736172236063,,33,0,0,0,
09:05:53.565,,,16.863763686839796,,0,-0.68325,,0.4257801404649109,0,0,284.204318,0,1224,1.2,1,0.001299338171948003,0.001301,16.852959000000002,0.001301,0.14942388977402035,0.149615,1703.4781188200002,0.149615,1.665736172236063,,33,0,0,0,
09:05:53.792,,,16.863630602621765,,0,-0.68325,,0.42612800005679397,0,0,284.204318,0,1225,1.2,1,0.0014326465403639926,0.001434,16.853092,0.001434,0.16475435214185916,0.16491,1703.4934138200001,0.16491,1.6670970678016157,,33,0,0,0,
09:05:54.021,,,16.863630602621765,,0,-0.68325,,0.42612800005679397,0,0,284.204318,0,1225,1.2,1,0.0014326465403639926,0.001434,16.853092,0.001434,0.16475435214185916,0.16491,1703.4934138200001,0.16491,1.6670970678016157,,33,0,0,0,
09:05:54.268,,,16.863630602621765,,0,-0.68325,,0.42612800005679397,0,0,284.204318,0,1225,1.2,1,0.0014326465403639926,0.001434,16.853092,0.001434,0.16475435214185916,0.16491,1703.4934138200001,0.16491,1.6670970678016157,,33,0,0,0,
09:05:54.703,,,16.863630602621765,,0,-0.68325,,0.42612800005679397,0,0,284.204318,0,1225,1.2,1,0.0014326465403639926,0.001434,16.853092,0.001434,0.16475435214185916,0.16491,1703.4934138200001,0.16491,1.6670970678016157,,33,0,0,0,
09:05:54.951,,,16.86348851502329,,0,-0.68325,,0.4410859625077672,0,0,284.204318,0,1268,1.3,1,0.0015744288568332416,0.001576,16.853234,0.001576,0.1810593185358228,0.18123999999999998,1703.50974382,0.18123999999999998,1.725615577120366,,33,0,0,0,
09:05:55.167,,,16.86348851502329,,0,-0.68325,,0.4410859625077672,0,0,284.204318,0,1268,1.3,1,0.0015744288568332416,0.001576,16.853234,0.001576,0.1810593185358228,0.18123999999999998,1703.50974382,0.18123999999999998,1.725615577120366,,33,0,0,0,
09:05:55.390,,,16.86348851502329,,0,-0.68325,,0.4410859625077672,0,0,284.204318,0,1268,1.3,1,0.0015744288568332416,0.001576,16.853234,0.001576,0.1810593185358228,0.18123999999999998,1703.50974382,0.18123999999999998,1.725615577120366,,33,0,0,0,
09:05:55.864,,,16.86348851502329,,0,-0.68325,,0.4410859625077672,0,0,284.204318,0,1268,1.3,1,0.0015744288568332416,0.001576,16.853234,0.001576,0.1810593185358228,0.18123999999999998,1703.50974382,0.18123999999999998,1.725615577120366,,33,0,0,0,
09:05:56.096,,,16.863346429819163,,0,-0.68325,,0.4463038563860137,0,0,284.204318,0,1283,1.3,1,0.0017163495656079212,0.001718,16.853376,0.001718,0.19738020004491094,0.19757,1703.5260738200002,0.19757,1.7460290106036516,,33,0,0,0,
09:05:56.310,,,16.863346429819163,,0,-0.68325,,0.4463038563860137,0,0,284.204318,0,1283,1.3,1,0.0017163495656079212,0.001718,16.853376,0.001718,0.19738020004491094,0.19757,1703.5260738200002,0.19757,1.7460290106036516,,33,0,0,0,
09:05:56.520,,,16.863346429819163,,0,-0.69325,,0.4463038563860137,0,0,284.204318,0,1283,1.3,1,0.0017163495656079212,0.001718,16.853376,0.001718,0.19738020004491094,0.19757,1703.5260738200002,0.19757,1.7460290106036516,,32,0,0,0,
09:05:56.984,,,16.863346429819163,,0,-0.69325,,0.4463038563860137,0,0,284.204318,0,1283,1.3,1,0.0017163495656079212,0.001718,16.853376,0.001718,0.19738020004491094,0.19757,1703.5260738200002,0.19757,1.7460290106036516,,32,0,0,0,
09:05:57.230,,,16.86321235161103,,0,-0.69325,,0.4263704476511368,0,0,284.204318,0,1264,1.3,1,0.0018507282658491882,0.001852,16.85351,0.001852,0.21283375057265663,0.21298,1703.5414838200002,0.21298,1.668045570771546,,32,0,0,0,
09:05:57.479,,,16.86321235161103,,0,-0.69325,,0.4263704476511368,0,0,284.204318,0,1264,1.3,1,0.0018507282658491882,0.001852,16.85351,0.001852,0.21283375057265663,0.21298,1703.5414838200002,0.21298,1.668045570771546,,32,0,0,0,
09:05:57.678,,,16.86321235161103,,0,-0.68325,,0.4263704476511368,0,0,284.204318,0,1264,1.3,1,0.0018507282658491882,0.001852,16.85351,0.001852,0.21283375057265663,0.21298,1703.5414838200002,0.21298,1.668045570771546,,33,0,0,0,
09:05:58.153,,,16.86321235161103,,0,-0.68325,,0.4263704476511368,0,0,284.204318,0,1264,1.3,1,0.0018507282658491882,0.001852,16.85351,0.001852,0.21283375057265663,0.21298,1703.5414838200002,0.21298,1.668045570771546,,33,0,0,0,
09:05:58.376,,,16.863075273856158,,0,-0.68325,,0.4299544555675081,0,0,284.204318,0,1236,1.2,1,0.0019873958105272303,0.001989,16.853647,0.001989,0.2285505182106315,0.228735,1703.55723882,0.228735,1.6820669190226913,,33,0,0,0,
09:05:58.613,,,16.863075273856158,,0,-0.68325,,0.4299544555675081,0,0,284.204318,0,1236,1.2,1,0.0019873958105272303,0.001989,16.853647,0.001989,0.2285505182106315,0.228735,1703.55723882,0.228735,1.6820669190226913,,33,0,0,0,
09:05:58.912,,,16.863075273856158,,0,-0.68325,,0.4299544555675081,0,0,284.204318,0,1236,1.2,1,0.0019873958105272303,0.001989,16.853647,0.001989,0.2285505182106315,0.228735,1703.55723882,0.228735,1.6820669190226913,,33,0,0,0,
09:05:59.416,,,16.863075273856158,,0,-0.68325,,0.4299544555675081,0,0,284.204318,0,1236,1.2,1,0.0019873958105272303,0.001989,16.853647,0.001989,0.2285505182106315,0.228735,1703.55723882,0.228735,1.6820669190226913,,33,0,0,0,
09:05:59.616,,,16.86292819290422,,0,-0.68325,,0.4275194384243265,0,0,284.204318,0,1229,1.2,1,0.0021346879900978875,0.002136,16.853794,0.002136,0.24548911886125707,0.24564,1703.5741438200002,0.24564,1.6725406500638251,,33,0,0,0,
09:05:59.835,,,16.86292819290422,,0,-0.68325,,0.4275194384243265,0,0,284.204318,0,1229,1.2,1,0.0021346879900978875,0.002136,16.853794,0.002136,0.24548911886125707,0.24564,1703.5741438200002,0.24564,1.6725406500638251,,33,0,0,0,
09:06:00.086,,,16.86292819290422,,0,-0.68325,,0.4275194384243265,0,0,284.204318,0,1229,1.2,1,0.0021346879900978875,0.002136,16.853794,0.002136,0.24548911886125707,0.24564,1703.5741438200002,0.24564,1.6725406500638251,,33,0,0,0,
09:06:00.537,,,16.86292819290422,,0,-0.68325,,0.4275194384243265,0,0,284.204318,0,1229,1.2,1,0.0021346879900978875,0.002136,16.853794,0.002136,0.24548911886125707,0.24564,1703.5741438200002,0.24564,1.6725406500638251,,33,0,0,0,
09:06:00.782,,,16.862785116616966,,0,-0.68325,,0.4396945241402347,0,0,284.204318,0,1264,1.3,1,0.0022772381884115667,0.002279,16.853937000000002,0.002279,0.2618823916673302,0.262085,1703.5905888200002,0.262085,1.7201719948581564,,33,0,0,0,
09:06:01.005,,,16.862785116616966,,0,-0.68325,,0.4396945241402347,0,0,284.204318,0,1264,1.3,1,0.0022772381884115667,0.002279,16.853937000000002,0.002279,0.2618823916673302,0.262085,1703.5905888200002,0.262085,1.7201719948581564,,33,0,0,0,
09:06:01.267,,,16.862785116616966,,0,-0.69325,,0.4396945241402347,0,0,284.204318,0,1264,1.3,1,0.0022772381884115667,0.002279,16.853937000000002,0.002279,0.2618823916673302,0.262085,1703.5905888200002,0.262085,1.7201719948581564,,32,0,0,0,
09:06:01.686,,,16.862785116616966,,0,-0.69325,,0.4396945241402347,0,0,284.204318,0,1264,1.3,1,0.0022772381884115667,0.002279,16.853937000000002,0.002279,0.2618823916673302,0.262085,1703.5905888200002,0.262085,1.7201719948581564,,32,0,0,0,
09:06:01.920,,,16.86265204784364,,0,-0.69325,,0.4206360349849427,0,0,284.204318,0,1247,1.2,1,0.002410168300931901,0.002412,16.85407,0.002412,0.27716935460716857,0.27738,1703.6058838200001,0.27738,1.6456114135697135,,32,0,0,0,
09:06:02.157,,,16.86265204784364,,0,-0.69325,,0.4206360349849427,0,0,284.204318,0,1247,1.2,1,0.002410168300931901,0.002412,16.85407,0.002412,0.27716935460716857,0.27738,1703.6058838200001,0.27738,1.6456114135697135,,32,0,0,0,
09:06:02.380,,,16.86265204784364,,0,-0.69325,,0.4206360349849427,0,0,284.204318,0,1247,1.2,1,0.002410168300931901,0.002412,16.85407,0.002412,0.27716935460716857,0.27738,1703.6058838200001,0.27738,1.6456114135697135,,32,0,0,0,
09:06:02.864,,,16.86265204784364,,0,-0.69325,,0.4206360349849427,0,0,284.204318,0,1247,1.2,1,0.002410168300931901,0.002412,16.85407,0.002412,0.27716935460716857,0.27738,1703.6058838200001,0.27738,1.6456114135697135,,32,0,0,0,
09:06:03.071,,,16.86251898117045,,0,-0.69325,,0.4155762591030067,0,0,284.204318,0,1232,1.2,1,0.002543072497626856,0.002545,16.854203000000002,0.002545,0.29245333722708844,0.292675,1703.62117882,0.292675,1.625816568979861,,32,0,0,0,
09:06:03.295,,,16.86251898117045,,0,-0.69325,,0.4155762591030067,0,0,284.204318,0,1232,1.2,1,0.002543072497626856,0.002545,16.854203000000002,0.002545,0.29245333722708844,0.292675,1703.62117882,0.292675,1.625816568979861,,32,0,0,0,
09:06:03.530,,,16.86251898117045,,0,-0.68325,,0.4155762591030067,0,0,284.204318,0,1232,1.2,1,0.002543072497626856,0.002545,16.854203000000002,0.002545,0.29245333722708844,0.292675,1703.62117882,0.292675,1.625816568979861,,33,0,0,0,
09:06:03.993,,,16.86251898117045,,0,-0.68325,,0.4155762591030067,0,0,284.204318,0,1232,1.2,1,0.002543072497626856,0.002545,16.854203000000002,0.002545,0.29245333722708844,0.292675,1703.62117882,0.292675,1.625816568979861,,33,0,0,0,
09:06:04.214,,,16.86238291516505,,0,-0.68325,,0.4292587363837419,0,0,284.204318,0,1234,1.2,1,0.002679205514685329,0.002681,16.854339,0.002681,0.30810863418881285,0.30831499999999995,1703.6368188200001,0.30831499999999995,1.6793451278915867,,33,0,0,0,
09:06:04.449,,,16.86238291516505,,0,-0.68325,,0.4292587363837419,0,0,284.204318,0,1234,1.2,1,0.002679205514685329,0.002681,16.854339,0.002681,0.30810863418881285,0.30831499999999995,1703.6368188200001,0.30831499999999995,1.6793451278915867,,33,0,0,0,
09:06:04.676,,,16.86238291516505,,0,-0.55325,,0.4292587363837419,0,0,284.204318,0,1234,1.2,1,0.002679205514685329,0.002681,16.854339,0.002681,0.30810863418881285,0.30831499999999995,1703.6368188200001,0.30831499999999995,1.6793451278915867,,46,0,0,0,
09:06:05.160,,,16.86238291516505,,0,-0.55325,,0.4292587363837419,0,0,284.204318,0,1234,1.2,1,0.002679205514685329,0.002681,16.854339,0.002681,0.30810863418881285,0.30831499999999995,1703.6368188200001,0.30831499999999995,1.6793451278915867,,46,0,0,0,
09:06:05.370,,,16.86219982981422,,0,-0.55325,,0.5687820563281258,0,0,284.204318,0,1173,1.2,1,0.002862031943362157,0.002864,16.854522,0.002864,0.32913367348664807,0.32936,1703.65786382,0.32936,2.225187967456761,,46,0,0,0,
09:06:05.608,,,16.86219982981422,,0,-0.55325,,0.5687820563281258,0,0,284.204318,0,1173,1.2,1,0.002862031943362157,0.002864,16.854522,0.002864,0.32913367348664807,0.32936,1703.65786382,0.32936,2.225187967456761,,46,0,0,0,
09:06:05.880,,,16.86219982981422,,0,-0.55325,,0.5687820563281258,0,0,284.204318,0,1173,1.2,1,0.002862031943362157,0.002864,16.854522,0.002864,0.32913367348664807,0.32936,1703.65786382,0.32936,2.225187967456761,,46,0,0,0,
09:06:06.290,,,16.86219982981422,,0,-0.55325,,0.5687820563281258,0,0,284.204318,0,1173,1.2,1,0.002862031943362157,0.002864,16.854522,0.002864,0.32913367348664807,0.32936,1703.65786382,0.32936,2.225187967456761,,46,0,0,0,
09:06:06.546,,,16.862009745405324,,0,-0.55325,,0.5818742264226353,0,0,284.204318,0,1200,1.2,1,0.00305203548845139,0.003054,16.854712,0.003054,0.3509840811719098,0.35120999999999997,1703.6797138200002,0.35120999999999997,2.276407127833004,,46,0,0,0,
09:06:06.809,,,16.862009745405324,,0,-0.55325,,0.5818742264226353,0,0,284.204318,0,1200,1.2,1,0.00305203548845139,0.003054,16.854712,0.003054,0.3509840811719098,0.35120999999999997,1703.6797138200002,0.35120999999999997,2.276407127833004,,46,0,0,0,
09:06:07.056,,,16.862009745405324,,0,-0.55325,,0.5818742264226353,0,0,284.204318,0,1200,1.2,1,0.00305203548845139,0.003054,16.854712,0.003054,0.3509840811719098,0.35120999999999997,1703.6797138200002,0.35120999999999997,2.276407127833004,,46,0,0,0,
09:06:07.510,,,16.862009745405324,,0,-0.55325,,0.5818742264226353,0,0,284.204318,0,1200,1.2,1,0.00305203548845139,0.003054,16.854712,0.003054,0.3509840811719098,0.35120999999999997,1703.6797138200002,0.35120999999999997,2.276407127833004,,46,0,0,0,
09:06:07.758,,,16.861809661183635,,0,-0.55325,,0.5939966061397735,0,0,284.204318,0,1225,1.2,1,0.0032520337992406312,0.003254,16.854912,0.003254,0.3739838869126726,0.37421,1703.70271382,0.37421,2.323832276329524,,46,0,0,0,
09:06:07.988,,,16.861809661183635,,0,-0.55325,,0.5939966061397735,0,0,284.204318,0,1225,1.2,1,0.0032520337992406312,0.003254,16.854912,0.003254,0.3739838869126726,0.37421,1703.70271382,0.37421,2.323832276329524,,46,0,0,0,
09:06:08.203,,,16.861809661183635,,0,-0.52325,,0.5939966061397735,0,0,284.204318,0,1225,1.2,1,0.0032520337992406312,0.003254,16.854912,0.003254,0.3739838869126726,0.37421,1703.70271382,0.37421,2.323832276329524,,49,0,0,0,
09:06:08.641,,,16.861809661183635,,0,-0.52325,,0.5939966061397735,0,0,284.204318,0,1225,1.2,1,0.0032520337992406312,0.003254,16.854912,0.003254,0.3739838869126726,0.37421,1703.70271382,0.37421,2.323832276329524,,49,0,0,0,
09:06:08.947,,,16.86160758093953,,0,-0.52325,,0.6115582449299929,0,0,284.204318,0,1184,1.2,1,0.0034543009129233576,0.003456,16.855114,0.003456,0.39724460498618613,0.39743999999999996,1703.72594382,0.39743999999999996,2.3925368827601368,,49,0,0,0,
09:06:09.264,,,16.86160758093953,,0,-0.52325,,0.6115582449299929,0,0,284.204318,0,1184,1.2,1,0.0034543009129233576,0.003456,16.855114,0.003456,0.39724460498618613,0.39743999999999996,1703.72594382,0.39743999999999996,2.3925368827601368,,49,0,0,0,
09:06:09.507,,,16.86160758093953,,0,-0.52325,,0.6115582449299929,0,0,284.204318,0,1184,1.2,1,0.0034543009129233576,0.003456,16.855114,0.003456,0.39724460498618613,0.39743999999999996,1703.72594382,0.39743999999999996,2.3925368827601368,,49,0,0,0,
09:06:09.960,,,16.86160758093953,,0,-0.52325,,0.6115582449299929,0,0,284.204318,0,1184,1.2,1,0.0034543009129233576,0.003456,16.855114,0.003456,0.39724460498618613,0.39743999999999996,1703.72594382,0.39743999999999996,2.3925368827601368,,49,0,0,0,
09:06:10.179,,,16.861383497619567,,0,-0.52325,,0.6570118982693844,0,0,284.204318,0,1272,1.3,1,0.003678705735820893,0.00368,16.855338,0.00368,0.4230511596194027,0.4232,1703.75170382,0.4232,2.57036056999231,,49,0,0,0,
09:06:10.392,,,16.861383497619567,,0,-0.52325,,0.6570118982693844,0,0,284.204318,0,1272,1.3,1,0.003678705735820893,0.00368,16.855338,0.00368,0.4230511596194027,0.4232,1703.75170382,0.4232,2.57036056999231,,49,0,0,0,
09:06:10.629,,,16.861383497619567,,0,-0.51325,,0.6570118982693844,0,0,284.204318,0,1272,1.3,1,0.003678705735820893,0.00368,16.855338,0.00368,0.4230511596194027,0.4232,1703.75170382,0.4232,2.57036056999231,,50,0,0,0,
09:06:11.095,,,16.861383497619567,,0,-0.51325,,0.6570118982693844,0,0,284.204318,0,1272,1.3,1,0.003678705735820893,0.00368,16.855338,0.00368,0.4230511596194027,0.4232,1703.75170382,0.4232,2.57036056999231,,50,0,0,0,
09:06:11.305,,,16.861177426252155,,0,-0.51325,,0.6582979246393763,0,0,284.204318,0,1249,1.2,1,0.0038848029803031834,0.003886,16.855544000000002,0.003886,0.4467523427348661,0.44689,1703.77539382,0.44689,2.575391759658897,,50,0,0,0,
09:06:11.543,,,16.861177426252155,,0,-0.51325,,0.6582979246393763,0,0,284.204318,0,1249,1.2,1,0.0038848029803031834,0.003886,16.855544000000002,0.003886,0.4467523427348661,0.44689,1703.77539382,0.44689,2.575391759658897,,50,0,0,0,
09:06:11.774,,,16.861177426252155,,0,-0.51325,,0.6582979246393763,0,0,284.204318,0,1249,1.2,1,0.0038848029803031834,0.003886,16.855544000000002,0.003886,0.4467523427348661,0.44689,1703.77539382,0.44689,2.575391759658897,,50,0,0,0,
09:06:12.217,,,16.861177426252155,,0,-0.51325,,0.6582979246393763,0,0,284.204318,0,1249,1.2,1,0.0038848029803031834,0.003886,16.855544000000002,0.003886,0.4467523427348661,0.44689,1703.77539382,0.44689,2.575391759658897,,50,0,0,0,
09:06:12.465,,,16.860963357447346,,0,-0.51325,,0.6646226444917963,0,0,284.204318,0,1261,1.3,1,0.0040988111764417,0.0041,16.855758,0.0041,0.47136328529079546,0.47150000000000003,1703.8000038200003,0.47150000000000003,2.6001353153962117,,50,0,0,0,
09:06:12.701,,,16.860963357447346,,0,-0.51325,,0.6646226444917963,0,0,284.204318,0,1261,1.3,1,0.0040988111764417,0.0041,16.855758,0.0041,0.47136328529079546,0.47150000000000003,1703.8000038200003,0.47150000000000003,2.6001353153962117,,50,0,0,0,
09:06:12.927,,,16.860963357447346,,0,-0.52325,,0.6646226444917963,0,0,284.204318,0,1261,1.3,1,0.0040988111764417,0.0041,16.855758,0.0041,0.47136328529079546,0.47150000000000003,1703.8000038200003,0.47150000000000003,2.6001353153962117,,49,0,0,0,
09:06:13.398,,,16.860963357447346,,0,-0.52325,,0.6646226444917963,0,0,284.204318,0,1261,1.3,1,0.0040988111764417,0.0041,16.855758,0.0041,0.47136328529079546,0.47150000000000003,1703.8000038200003,0.47150000000000003,2.6001353153962117,,49,0,0,0,
09:06:13.620,,,16.86076929977019,,0,-0.52325,,0.6048435006866737,0,0,284.204318,0,1171,1.2,1,0.004292976760140301,0.004294,16.855952000000002,0.004294,0.4936923274161346,0.49381,1703.82231382,0.49381,2.36626747441902,,49,0,0,0,
09:06:13.874,,,16.86076929977019,,0,-0.52325,,0.6048435006866737,0,0,284.204318,0,1171,1.2,1,0.004292976760140301,0.004294,16.855952000000002,0.004294,0.4936923274161346,0.49381,1703.82231382,0.49381,2.36626747441902,,49,0,0,0,
09:06:14.069,,,16.86076929977019,,0,-0.51325,,0.6048435006866737,0,0,284.204318,0,1171,1.2,1,0.004292976760140301,0.004294,16.855952000000002,0.004294,0.4936923274161346,0.49381,1703.82231382,0.49381,2.36626747441902,,50,0,0,0,
09:06:14.529,,,16.86076929977019,,0,-0.51325,,0.6048435006866737,0,0,284.204318,0,1171,1.2,1,0.004292976760140301,0.004294,16.855952000000002,0.004294,0.4936923274161346,0.49381,1703.82231382,0.49381,2.36626747441902,,50,0,0,0,
09:06:14.785,,,16.860577247085693,,0,-0.51325,,0.5945236661274752,0,0,284.204318,0,1128,1.1,1,0.0044854038405465705,0.004486,16.856144,0.004486,0.5158214416628556,0.5158900000000001,1703.84439382,0.5158900000000001,2.3258942393076345,,50,0,0,0,
09:06:14.979,,,16.860577247085693,,0,-0.51325,,0.5945236661274752,0,0,284.204318,0,1128,1.1,1,0.0044854038405465705,0.004486,16.856144,0.004486,0.5158214416628556,0.5158900000000001,1703.84439382,0.5158900000000001,2.3258942393076345,,50,0,0,0,
09:06:15.215,,,16.860577247085693,,0,-0.52325,,0.5945236661274752,0,0,284.204318,0,1128,1.1,1,0.0044854038405465705,0.004486,16.856144,0.004486,0.5158214416628556,0.5158900000000001,1703.84439382,0.5158900000000001,2.3258942393076345,,49,0,0,0,
09:06:15.649,,,16.860577247085693,,0,-0.52325,,0.5945236661274752,0,0,284.204318,0,1128,1.1,1,0.0044854038405465705,0.004486,16.856144,0.004486,0.5158214416628556,0.5158900000000001,1703.84439382,0.5158900000000001,2.3258942393076345,,49,0,0,0,
09:06:15.881,,,16.860393200701836,,0,-0.52325,,0.6043269818987262,0,0,284.204318,0,1170,1.2,1,0.004669530588276129,0.00467,16.856328,0.00467,0.5369960176517549,0.5370499999999999,1703.86555382,0.5370499999999999,2.3642467507004734,,49,0,0,0,
09:06:16.132,,,16.860393200701836,,0,-0.52325,,0.6043269818987262,0,0,284.204318,0,1170,1.2,1,0.004669530588276129,0.00467,16.856328,0.00467,0.5369960176517549,0.5370499999999999,1703.86555382,0.5370499999999999,2.3642467507004734,,49,0,0,0,
09:06:16.344,,,16.860393200701836,,0,-0.49325,,0.6043269818987262,0,0,284.204318,0,1170,1.2,1,0.004669530588276129,0.00467,16.856328,0.00467,0.5369960176517549,0.5370499999999999,1703.86555382,0.5370499999999999,2.3642467507004734,,52,0,0,0,
09:06:16.820,,,16.860393200701836,,0,-0.49325,,0.6043269818987262,0,0,284.204318,0,1170,1.2,1,0.004669530588276129,0.00467,16.856328,0.00467,0.5369960176517549,0.5370499999999999,1703.86555382,0.5370499999999999,2.3642467507004734,,52,0,0,0,
09:06:17.028,,,16.860180152025258,,0,-0.49325,,0.6687337123958693,0,0,284.204318,0,1220,1.2,1,0.004882201692162865,0.004883,16.856541,0.004883,0.5614531945987296,0.5615450000000001,1703.8900488200002,0.5615450000000001,2.6162186266254674,,52,0,0,0,
09:06:17.250,,,16.860180152025258,,0,-0.49325,,0.6687337123958693,0,0,284.204318,0,1220,1.2,1,0.004882201692162865,0.004883,16.856541,0.004883,0.5614531945987296,0.5615450000000001,1703.8900488200002,0.5615450000000001,2.6162186266254674,,52,0,0,0,
09:06:17.488,,,16.860180152025258,,0,-0.51325,,0.6687337123958693,0,0,284.204318,0,1220,1.2,1,0.004882201692162865,0.004883,16.856541,0.004883,0.5614531945987296,0.5615450000000001,1703.8900488200002,0.5615450000000001,2.6162186266254674,,50,0,0,0,
09:06:17.955,,,16.860180152025258,,0,-0.51325,,0.6687337123958693,0,0,284.204318,0,1220,1.2,1,0.004882201692162865,0.004883,16.856541,0.004883,0.5614531945987296,0.5615450000000001,1703.8900488200002,0.5615450000000001,2.6162186266254674,,50,0,0,0,
09:06:18.197,,,16.859973109878606,,0,-0.51325,,0.6372155251313099,0,0,284.204318,0,1209,1.2,1,0.005089148850727416,0.00509,16.856748,0.00509,0.5852521178336529,0.58535,1703.9138538200002,0.58535,2.492913240534512,,50,0,0,0,
09:06:18.409,,,16.859973109878606,,0,-0.51325,,0.6372155251313099,0,0,284.204318,0,1209,1.2,1,0.005089148850727416,0.00509,16.856748,0.00509,0.5852521178336529,0.58535,1703.9138538200002,0.58535,2.492913240534512,,50,0,0,0,
09:06:18.646,,,16.859973109878606,,0,-0.5032500000000001,,0.6372155251313099,0,0,284.204318,0,1209,1.2,1,0.005089148850727416,0.00509,16.856748,0.00509,0.5852521178336529,0.58535,1703.9138538200002,0.58535,2.492913240534512,,51,0,0,0,
09:06:19.091,,,16.859973109878606,,0,-0.5032500000000001,,0.6372155251313099,0,0,284.204318,0,1209,1.2,1,0.005089148850727416,0.00509,16.856748,0.00509,0.5852521178336529,0.58535,1703.9138538200002,0.58535,2.492913240534512,,51,0,0,0,
09:06:19.327,,,16.859764072483543,,0,-0.5032500000000001,,0.6650126688826955,0,0,284.204318,0,1237,1.2,1,0.005298044532951985,0.005299,16.856957,0.005299,0.6092751212894782,0.609385,1703.9378888200001,0.609385,2.601661168000013,,51,0,0,0,
09:06:19.565,,,16.859764072483543,,0,-0.5032500000000001,,0.6650126688826955,0,0,284.204318,0,1237,1.2,1,0.005298044532951985,0.005299,16.856957,0.005299,0.6092751212894782,0.609385,1703.9378888200001,0.609385,2.601661168000013,,51,0,0,0,
09:06:19.777,,,16.859764072483543,,0,-0.52325,,0.6650126688826955,0,0,284.204318,0,1237,1.2,1,0.005298044532951985,0.005299,16.856957,0.005299,0.6092751212894782,0.609385,1703.9378888200001,0.609385,2.601661168000013,,49,0,0,0,
09:06:20.262,,,16.859764072483543,,0,-0.52325,,0.6650126688826955,0,0,284.204318,0,1237,1.2,1,0.005298044532951985,0.005299,16.856957,0.005299,0.6092751212894782,0.609385,1703.9378888200001,0.609385,2.601661168000013,,49,0,0,0,
09:06:20.455,,,16.859573042842122,,0,-0.52325,,0.6094921697782023,0,0,284.204318,0,1180,1.2,1,0.005488970951804842,0.00549,16.857148000000002,0.00549,0.6312316594575568,0.63135,1703.9598538200003,0.63135,2.384453987885947,,49,0,0,0,
09:06:20.700,,,16.859573042842122,,0,-0.52325,,0.6094921697782023,0,0,284.204318,0,1180,1.2,1,0.005488970951804842,0.00549,16.857148000000002,0.00549,0.6312316594575568,0.63135,1703.9598538200003,0.63135,2.384453987885947,,49,0,0,0,
09:06:20.929,,,16.859573042842122,,0,-0.51325,,0.6094921697782023,0,0,284.204318,0,1180,1.2,1,0.005488970951804842,0.00549,16.857148000000002,0.00549,0.6312316594575568,0.63135,1703.9598538200003,0.63135,2.384453987885947,,50,0,0,0,
09:06:21.407,,,16.859573042842122,,0,-0.51325,,0.6094921697782023,0,0,284.204318,0,1180,1.2,1,0.005488970951804842,0.00549,16.857148000000002,0.00549,0.6312316594575568,0.63135,1703.9598538200003,0.63135,2.384453987885947,,50,0,0,0,
09:06:21.614,,,16.859365015486414,,0,-0.51325,,0.6461755449222379,0,0,284.204318,0,1226,1.2,1,0.00569694142013086,0.005698,16.857356,0.005698,0.6551482633150489,0.65527,1703.9837738200001,0.65527,2.5279666111623746,,50,0,0,0,
09:06:21.854,,,16.859365015486414,,0,-0.51325,,0.6461755449222379,0,0,284.204318,0,1226,1.2,1,0.00569694142013086,0.005698,16.857356,0.005698,0.6551482633150489,0.65527,1703.9837738200001,0.65527,2.5279666111623746,,50,0,0,0,
09:06:22.078,,,16.859365015486414,,0,-0.52325,,0.6461755449222379,0,0,284.204318,0,1226,1.2,1,0.00569694142013086,0.005698,16.857356,0.005698,0.6551482633150489,0.65527,1703.9837738200001,0.65527,2.5279666111623746,,49,0,0,0,
09:06:22.523,,,16.859365015486414,,0,-0.52325,,0.6461755449222379,0,0,284.204318,0,1226,1.2,1,0.00569694142013086,0.005698,16.857356,0.005698,0.6551482633150489,0.65527,1703.9837738200001,0.65527,2.5279666111623746,,49,0,0,0,
09:06:22.740,,,16.859163993928657,,0,-0.52325,,0.643582409782746,0,0,284.204318,0,1246,1.2,1,0.005898335303822006,0.005899,16.857557,0.005899,0.6783085599395307,0.678385,1704.00688882,0.678385,2.5178217533100766,,49,0,0,0,
09:06:22.990,,,16.859163993928657,,0,-0.52325,,0.643582409782746,0,0,284.204318,0,1246,1.2,1,0.005898335303822006,0.005899,16.857557,0.005899,0.6783085599395307,0.678385,1704.00688882,0.678385,2.5178217533100766,,49,0,0,0,
09:06:23.218,,,16.859163993928657,,0,-0.53325,,0.643582409782746,0,0,284.204318,0,1246,1.2,1,0.005898335303822006,0.005899,16.857557,0.005899,0.6783085599395307,0.678385,1704.00688882,0.678385,2.5178217533100766,,48,0,0,0,
09:06:23.708,,,16.859163993928657,,0,-0.53325,,0.643582409782746,0,0,284.204318,0,1246,1.2,1,0.005898335303822006,0.005899,16.857557,0.005899,0.6783085599395307,0.678385,1704.00688882,0.678385,2.5178217533100766,,48,0,0,0,
09:06:23.905,,,16.85896097702186,,0,-0.53325,,0.6274122093600589,0,0,284.204318,0,1240,1.2,1,0.006101316085212745,0.006102,16.85776,0.006102,0.7016513497994656,0.70173,1704.0302338200001,0.70173,2.454560729141674,,48,0,0,0,
09:06:24.129,,,16.85896097702186,,0,-0.53325,,0.6274122093600589,0,0,284.204318,0,1240,1.2,1,0.006101316085212745,0.006102,16.85776,0.006102,0.7016513497994656,0.70173,1704.0302338200001,0.70173,2.454560729141674,,48,0,0,0,
09:06:24.372,,,16.85896097702186,,0,-0.49325,,0.6274122093600589,0,0,284.204318,0,1240,1.2,1,0.006101316085212745,0.006102,16.85776,0.006102,0.7016513497994656,0.70173,1704.0302338200001,0.70173,2.454560729141674,,52,0,0,0,
09:06:24.828,,,16.85896097702186,,0,-0.49325,,0.6274122093600589,0,0,284.204318,0,1240,1.2,1,0.006101316085212745,0.006102,16.85776,0.006102,0.7016513497994656,0.70173,1704.0302338200001,0.70173,2.454560729141674,,52,0,0,0,
09:06:25.048,,,16.858755964910358,,0,-0.49325,,0.6435191625842218,0,0,284.204318,0,1174,1.2,1,0.006306182895320421,0.006307,16.857965,0.006307,0.7252110329618484,0.725305,1704.05380882,0.725305,2.5175743177527035,,52,0,0,0,
09:06:25.287,,,16.858755964910358,,0,-0.49325,,0.6435191625842218,0,0,284.204318,0,1174,1.2,1,0.006306182895320421,0.006307,16.857965,0.006307,0.7252110329618484,0.725305,1704.05380882,0.725305,2.5175743177527035,,52,0,0,0,
09:06:25.526,,,16.858755964910358,,0,-0.47325000000000006,,0.6435191625842218,0,0,284.204318,0,1174,1.2,1,0.006306182895320421,0.006307,16.857965,0.006307,0.7252110329618484,0.725305,1704.05380882,0.725305,2.5175743177527035,,54,0,0,0,
09:06:25.962,,,16.858755964910358,,0,-0.47325000000000006,,0.6435191625842218,0,0,284.204318,0,1174,1.2,1,0.006306182895320421,0.006307,16.857965,0.006307,0.7252110329618484,0.725305,1704.05380882,0.725305,2.5175743177527035,,54,0,0,0,
09:06:26.182,,,16.858535957459242,,0,-0.47325000000000006,,0.6990080380894527,0,0,284.204318,0,1228,1.2,1,0.006525881179942606,0.006527,16.858185,0.006527,0.7504763356933997,0.750605,1704.07910882,0.750605,2.734657780088082,,54,0,0,0,
09:06:26.458,,,16.858535957459242,,0,-0.47325000000000006,,0.6990080380894527,0,0,284.204318,0,1228,1.2,1,0.006525881179942606,0.006527,16.858185,0.006527,0.7504763356933997,0.750605,1704.07910882,0.750605,2.734657780088082,,54,0,0,0,
09:06:26.637,,,16.858535957459242,,0,-0.52325,,0.6990080380894527,0,0,284.204318,0,1228,1.2,1,0.006525881179942606,0.006527,16.858185,0.006527,0.7504763356933997,0.750605,1704.07910882,0.750605,2.734657780088082,,49,0,0,0,
09:06:27.090,,,16.858535957459242,,0,-0.52325,,0.6990080380894527,0,0,284.204318,0,1228,1.2,1,0.006525881179942606,0.006527,16.858185,0.006527,0.7504763356933997,0.750605,1704.07910882,0.750605,2.734657780088082,,49,0,0,0,
09:06:27.321,,,16.85834295565089,,0,-0.52325,,0.6115582449299929,0,0,284.204318,0,1184,1.2,1,0.006719379448742674,0.00672,16.858378000000002,0.00672,0.7727286366054076,0.7728,1704.10130382,0.7728,2.3925368827601368,,49,0,0,0,
09:06:27.590,,,16.85834295565089,,0,-0.52325,,0.6115582449299929,0,0,284.204318,0,1184,1.2,1,0.006719379448742674,0.00672,16.858378000000002,0.00672,0.7727286366054076,0.7728,1704.10130382,0.7728,2.3925368827601368,,49,0,0,0,
09:06:27.764,,,16.85834295565089,,0,-0.51325,,0.6115582449299929,0,0,284.204318,0,1184,1.2,1,0.006719379448742674,0.00672,16.858378000000002,0.00672,0.7727286366054076,0.7728,1704.10130382,0.7728,2.3925368827601368,,50,0,0,0,
09:06:28.241,,,16.85834295565089,,0,-0.51325,,0.6115582449299929,0,0,284.204318,0,1184,1.2,1,0.006719379448742674,0.00672,16.858378000000002,0.00672,0.7727286366054076,0.7728,1704.10130382,0.7728,2.3925368827601368,,50,0,0,0,
09:06:28.465,,,16.858145958362435,,0,-0.51325,,0.6198225455371551,0,0,284.204318,0,1176,1.2,1,0.006916175878934883,0.006917,16.858575000000002,0.006917,0.7953602260775116,0.795455,1704.12395882,0.795455,2.4248684622568963,,50,0,0,0,
09:06:28.690,,,16.858145958362435,,0,-0.51325,,0.6198225455371551,0,0,284.204318,0,1176,1.2,1,0.006916175878934883,0.006917,16.858575000000002,0.006917,0.7953602260775116,0.795455,1704.12395882,0.795455,2.4248684622568963,,50,0,0,0,
09:06:28.930,,,16.858145958362435,,0,-0.52325,,0.6198225455371551,0,0,284.204318,0,1176,1.2,1,0.006916175878934883,0.006917,16.858575000000002,0.006917,0.7953602260775116,0.795455,1704.12395882,0.795455,2.4248684622568963,,49,0,0,0,
09:06:29.347,,,16.858145958362435,,0,-0.52325,,0.6198225455371551,0,0,284.204318,0,1176,1.2,1,0.006916175878934883,0.006917,16.858575000000002,0.006917,0.7953602260775116,0.795455,1704.12395882,0.795455,2.4248684622568963,,49,0,0,0,
09:06:29.583,,,16.857951965532003,,0,-0.52325,,0.6234381770527881,0,0,284.204318,0,1207,1.2,1,0.007110102437064833,0.007111,16.858769,0.007111,0.8176617802624558,0.817765,1704.1462688200002,0.817765,2.4390135282867265,,49,0,0,0,
09:06:29.823,,,16.857951965532003,,0,-0.52325,,0.6234381770527881,0,0,284.204318,0,1207,1.2,1,0.007110102437064833,0.007111,16.858769,0.007111,0.8176617802624558,0.817765,1704.1462688200002,0.817765,2.4390135282867265,,49,0,0,0,
09:06:30.039,,,16.857951965532003,,0,-0.52325,,0.6234381770527881,0,0,284.204318,0,1207,1.2,1,0.007110102437064833,0.007111,16.858769,0.007111,0.8176617802624558,0.817765,1704.1462688200002,0.817765,2.4390135282867265,,49,0,0,0,
09:06:30.511,,,16.857951965532003,,0,-0.52325,,0.6234381770527881,0,0,284.204318,0,1207,1.2,1,0.007110102437064833,0.007111,16.858769,0.007111,0.8176617802624558,0.817765,1704.1462688200002,0.817765,2.4390135282867265,,49,0,0,0,
09:06:30.741,,,16.85775397745307,,0,-0.52325,,0.6172399515974166,0,0,284.204318,0,1195,1.2,1,0.0073084572619747335,0.007309,16.858967,0.007309,0.8404725851270943,0.840535,1704.1690388200002,0.840535,2.414764843664158,,49,0,0,0,
09:06:30.970,,,16.85775397745307,,0,-0.52325,,0.6172399515974166,0,0,284.204318,0,1195,1.2,1,0.0073084572619747335,0.007309,16.858967,0.007309,0.8404725851270943,0.840535,1704.1690388200002,0.840535,2.414764843664158,,49,0,0,0,
09:06:31.210,,,16.85775397745307,,0,-0.52325,,0.6172399515974166,0,0,284.204318,0,1195,1.2,1,0.0073084572619747335,0.007309,16.858967,0.007309,0.8404725851270943,0.840535,1704.1690388200002,0.840535,2.414764843664158,,49,0,0,0,
09:06:31.693,,,16.85775397745307,,0,-0.52325,,0.6172399515974166,0,0,284.204318,0,1195,1.2,1,0.0073084572619747335,0.007309,16.858967,0.007309,0.8404725851270943,0.840535,1704.1690388200002,0.840535,2.414764843664158,,49,0,0,0,
09:06:31.915,,,16.857555994024615,,0,-0.52325,,0.6074260946264121,0,0,284.204318,0,1176,1.2,1,0.0075066709253703056,0.007507,16.859165,0.007507,0.8632671564175851,0.863305,1704.1918088200002,0.863305,2.3763710930117585,,49,0,0,0,
09:06:32.135,,,16.857555994024615,,0,-0.52325,,0.6074260946264121,0,0,284.204318,0,1176,1.2,1,0.0075066709253703056,0.007507,16.859165,0.007507,0.8632671564175851,0.863305,1704.1918088200002,0.863305,2.3763710930117585,,49,0,0,0,
09:06:32.370,,,16.857555994024615,,0,-0.52325,,0.6074260946264121,0,0,284.204318,0,1176,1.2,1,0.0075066709253703056,0.007507,16.859165,0.007507,0.8632671564175851,0.863305,1704.1918088200002,0.863305,2.3763710930117585,,49,0,0,0,
09:06:32.827,,,16.857555994024615,,0,-0.52325,,0.6074260946264121,0,0,284.204318,0,1176,1.2,1,0.0075066709253703056,0.007507,16.859165,0.007507,0.8632671564175851,0.863305,1704.1918088200002,0.863305,2.3763710930117585,,49,0,0,0,
09:06:33.035,,,16.857361014890245,,0,-0.52325,,0.6286033649322647,0,0,284.204318,0,1217,1.2,1,0.007701901126632192,0.007702,16.85936,0.007702,0.8857186295627021,0.8857299999999999,1704.2142338200001,0.8857299999999999,2.459220765472202,,49,0,0,0,
09:06:33.262,,,16.857361014890245,,0,-0.52325,,0.6286033649322647,0,0,284.204318,0,1217,1.2,1,0.007701901126632192,0.007702,16.85936,0.007702,0.8857186295627021,0.8857299999999999,1704.2142338200001,0.8857299999999999,2.459220765472202,,49,0,0,0,
09:06:33.516,,,16.857361014890245,,0,-0.5032500000000001,,0.6286033649322647,0,0,284.204318,0,1217,1.2,1,0.007701901126632192,0.007702,16.85936,0.007702,0.8857186295627021,0.8857299999999999,1704.2142338200001,0.8857299999999999,2.459220765472202,,51,0,0,0,
09:06:33.961,,,16.857361014890245,,0,-0.5032500000000001,,0.6286033649322647,0,0,284.204318,0,1217,1.2,1,0.007701901126632192,0.007702,16.85936,0.007702,0.8857186295627021,0.8857299999999999,1704.2142338200001,0.8857299999999999,2.459220765472202,,51,0,0,0,
09:06:34.182,,,16.857156041689095,,0,-0.5032500000000001,,0.6435086213844676,0,0,284.204318,0,1197,1.2,1,0.00790723078502918,0.007907,16.859565,0.007907,0.9093315402783557,0.9093050000000001,1704.23780882,0.9093050000000001,2.517533078493141,,51,0,0,0,
09:06:34.402,,,16.857156041689095,,0,-0.5032500000000001,,0.6435086213844676,0,0,284.204318,0,1197,1.2,1,0.00790723078502918,0.007907,16.859565,0.007907,0.9093315402783557,0.9093050000000001,1704.23780882,0.9093050000000001,2.517533078493141,,51,0,0,0,
09:06:34.645,,,16.857156041689095,,0,-0.53325,,0.6435086213844676,0,0,284.204318,0,1197,1.2,1,0.00790723078502918,0.007907,16.859565,0.007907,0.9093315402783557,0.9093050000000001,1704.23780882,0.9093050000000001,2.517533078493141,,48,0,0,0,
09:06:35.107,,,16.857156041689095,,0,-0.53325,,0.6435086213844676,0,0,284.204318,0,1197,1.2,1,0.00790723078502918,0.007907,16.859565,0.007907,0.9093315402783557,0.9093050000000001,1704.23780882,0.9093050000000001,2.517533078493141,,48,0,0,0,
09:06:35.329,,,16.856969070482176,,0,-0.53325,,0.5879459574809582,0,0,284.204318,0,1162,1.2,1,0.008094654221203269,0.008094,16.859752,0.008094,0.930885235438376,0.93081,1704.2593138200002,0.93081,2.3001609413408257,,48,0,0,0,
09:06:35.568,,,16.856969070482176,,0,-0.53325,,0.5879459574809582,0,0,284.204318,0,1162,1.2,1,0.008094654221203269,0.008094,16.859752,0.008094,0.930885235438376,0.93081,1704.2593138200002,0.93081,2.3001609413408257,,48,0,0,0,
09:06:35.781,,,16.856969070482176,,0,-0.49325,,0.5879459574809582,0,0,284.204318,0,1162,1.2,1,0.008094654221203269,0.008094,16.859752,0.008094,0.930885235438376,0.93081,1704.2593138200002,0.93081,2.3001609413408257,,52,0,0,0,
09:06:36.232,,,16.856969070482176,,0,-0.49325,,0.5879459574809582,0,0,284.204318,0,1162,1.2,1,0.008094654221203269,0.008094,16.859752,0.008094,0.930885235438376,0.93081,1704.2593138200002,0.93081,2.3001609413408257,,52,0,0,0,
09:06:36.467,,,16.85676810605581,,0,-0.49325,,0.6363933115504952,0,0,284.204318,0,1161,1.2,1,0.008295480027682435,0.008295,16.859953,0.008295,0.9539802031834801,0.953925,1704.2824288200002,0.953925,2.489696578288661,,52,0,0,0,
09:06:36.682,,,16.85676810605581,,0,-0.49325,,0.6363933115504952,0,0,284.204318,0,1161,1.2,1,0.008295480027682435,0.008295,16.859953,0.008295,0.9539802031834801,0.953925,1704.2824288200002,0.953925,2.489696578288661,,52,0,0,0,
09:06:36.947,,,16.85676810605581,,0,-0.5032500000000001,,0.6363933115504952,0,0,284.204318,0,1161,1.2,1,0.008295480027682435,0.008295,16.859953,0.008295,0.9539802031834801,0.953925,1704.2824288200002,0.953925,2.489696578288661,,51,0,0,0,
09:06:37.477,,,16.85676810605581,,0,-0.5032500000000001,,0.6363933115504952,0,0,284.204318,0,1161,1.2,1,0.008295480027682435,0.008295,16.859953,0.008295,0.9539802031834801,0.953925,1704.2824288200002,0.953925,2.489696578288661,,51,0,0,0,
09:06:37.699,,,16.856561147699665,,0,-0.5032500000000001,,0.6042637347002018,0,0,284.204318,0,1124,1.1,1,0.00850241826762073,0.008502,16.86016,0.008502,0.977778100776384,0.9777299999999999,1704.3062338200002,0.9777299999999999,2.3639993151430994,,51,0,0,0,
09:06:37.926,,,16.856561147699665,,0,-0.5032500000000001,,0.6042637347002018,0,0,284.204318,0,1124,1.1,1,0.00850241826762073,0.008502,16.86016,0.008502,0.977778100776384,0.9777299999999999,1704.3062338200002,0.9777299999999999,2.3639993151430994,,51,0,0,0,
09:06:38.176,,,16.856561147699665,,0,-0.48325,,0.6042637347002018,0,0,284.204318,0,1124,1.1,1,0.00850241826762073,0.008502,16.86016,0.008502,0.977778100776384,0.9777299999999999,1704.3062338200002,0.9777299999999999,2.3639993151430994,,53,0,0,0,
09:06:38.639,,,16.856561147699665,,0,-0.48325,,0.6042637347002018,0,0,284.204318,0,1124,1.1,1,0.00850241826762073,0.008502,16.86016,0.008502,0.977778100776384,0.9777299999999999,1704.3062338200002,0.9777299999999999,2.3639993151430994,,53,0,0,0,
09:06:38.858,,,16.856353194663367,,0,-0.48325,,0.6452795429431453,0,0,284.204318,0,1155,1.2,1,0.00871011398184591,0.00871,16.860368,0.00871,1.0016631079122797,1.0016500000000002,1704.33015382,1.0016500000000002,2.5244612740995893,,53,0,0,0,
09:06:39.096,,,16.856353194663367,,0,-0.48325,,0.6452795429431453,0,0,284.204318,0,1155,1.2,1,0.00871011398184591,0.00871,16.860368,0.00871,1.0016631079122797,1.0016500000000002,1704.33015382,1.0016500000000002,2.5244612740995893,,53,0,0,0,
09:06:39.298,,,16.856353194663367,,0,-0.44325000000000003,,0.6452795429431453,0,0,284.204318,0,1155,1.2,1,0.00871011398184591,0.00871,16.860368,0.00871,1.0016631079122797,1.0016500000000002,1704.33015382,1.0016500000000002,2.5244612740995893,,57,0,0,0,
09:06:39.907,,,16.856353194663367,,0,-0.44325000000000003,,0.6452795429431453,0,0,284.204318,0,1155,1.2,1,0.00871011398184591,0.00871,16.860368,0.00871,1.0016631079122797,1.0016500000000002,1704.33015382,1.0016500000000002,2.5244612740995893,,57,0,0,0,
09:06:40.139,,,16.85608326327865,,0,-0.44325000000000003,,0.7576698147206479,0,0,284.204318,0,1261,1.3,1,0.008979646136858841,0.00898,16.860638,0.00898,1.0326593057387667,1.0327,1704.3612038200001,1.0327,2.964154259551681,,57,0,0,0,
09:06:40.375,,,16.85608326327865,,0,-0.44325000000000003,,0.7576698147206479,0,0,284.204318,0,1261,1.3,1,0.008979646136858841,0.00898,16.860638,0.00898,1.0326593057387667,1.0327,1704.3612038200001,1.0327,2.964154259551681,,57,0,0,0,
09:06:40.602,,,16.85608326327865,,0,-0.55325,,0.7576698147206479,0,0,284.204318,0,1261,1.3,1,0.008979646136858841,0.00898,16.860638,0.00898,1.0326593057387667,1.0327,1704.3612038200001,1.0327,2.964154259551681,,46,0,0,0,
09:06:41.045,,,16.85608326327865,,0,-0.55325,,0.7576698147206479,0,0,284.204318,0,1261,1.3,1,0.008979646136858841,0.00898,16.860638,0.00898,1.0326593057387667,1.0327,1704.3612038200001,1.0327,2.964154259551681,,46,0,0,0,
09:06:41.257,,,16.855897315576037,,0,-0.55325,,0.5978757676492578,0,0,284.204318,0,1233,1.2,1,0.009165365332846323,0.009166,16.860824,0.009166,1.0540170132773272,1.05409,1704.3825938200002,1.05409,2.339008323848411,,46,0,0,0,
09:06:41.486,,,16.855897315576037,,0,-0.55325,,0.5978757676492578,0,0,284.204318,0,1233,1.2,1,0.009165365332846323,0.009166,16.860824,0.009166,1.0540170132773272,1.05409,1704.3825938200002,1.05409,2.339008323848411,,46,0,0,0,
09:06:41.735,,,16.855897315576037,,0,-0.57325,,0.5978757676492578,0,0,284.204318,0,1233,1.2,1,0.009165365332846323,0.009166,16.860824,0.009166,1.0540170132773272,1.05409,1704.3825938200002,1.05409,2.339008323848411,,44,0,0,0,
09:06:42.269,,,16.855897315576037,,0,-0.57325,,0.5978757676492578,0,0,284.204318,0,1233,1.2,1,0.009165365332846323,0.009166,16.860824,0.009166,1.0540170132773272,1.05409,1704.3825938200002,1.05409,2.339008323848411,,44,0,0,0,
09:06:42.500,,,16.85570237480902,,0,-0.57325,,0.563996351639795,0,0,284.204318,0,1216,1.2,1,0.009360232182298348,0.009361,16.861019,0.009361,1.07642670096431,1.0765149999999999,1704.4050188200001,1.0765149999999999,2.2064653436155264,,44,0,0,0,
09:06:42.736,,,16.85570237480902,,0,-0.57325,,0.563996351639795,0,0,284.204318,0,1216,1.2,1,0.009360232182298348,0.009361,16.861019,0.009361,1.07642670096431,1.0765149999999999,1704.4050188200001,1.0765149999999999,2.2064653436155264,,44,0,0,0,
09:06:42.940,,,16.85570237480902,,0,-0.54325,,0.563996351639795,0,0,284.204318,0,1216,1.2,1,0.009360232182298348,0.009361,16.861019,0.009361,1.07642670096431,1.0765149999999999,1704.4050188200001,1.0765149999999999,2.2064653436155264,,47,0,0,0,
09:06:43.476,,,16.85570237480902,,0,-0.54325,,0.563996351639795,0,0,284.204318,0,1216,1.2,1,0.009360232182298348,0.009361,16.861019,0.009361,1.07642670096431,1.0765149999999999,1704.4050188200001,1.0765149999999999,2.2064653436155264,,47,0,0,0,
09:06:43.710,,,16.85550443956685,,0,-0.54325,,0.5880829930777609,0,0,284.204318,0,1187,1.2,1,0.009557790561346029,0.009559,16.861217,0.009559,1.0991459145547933,1.099285,1704.4277888200002,1.099285,2.300697051715135,,47,0,0,0,
09:06:43.951,,,16.85550443956685,,0,-0.54325,,0.5880829930777609,0,0,284.204318,0,1187,1.2,1,0.009557790561346029,0.009559,16.861217,0.009559,1.0991459145547933,1.099285,1704.4277888200002,1.099285,2.300697051715135,,47,0,0,0,
09:06:44.177,,,16.85550443956685,,0,-0.54325,,0.5880829930777609,0,0,284.204318,0,1187,1.2,1,0.009557790561346029,0.009559,16.861217,0.009559,1.0991459145547933,1.099285,1704.4277888200002,1.099285,2.300697051715135,,47,0,0,0,
09:06:44.629,,,16.85550443956685,,0,-0.54325,,0.5880829930777609,0,0,284.204318,0,1187,1.2,1,0.009557790561346029,0.009559,16.861217,0.009559,1.0991459145547933,1.099285,1704.4277888200002,1.099285,2.300697051715135,,47,0,0,0,
09:06:44.862,,,16.855315505717616,,0,-0.54325,,0.591055611408398,0,0,284.204318,0,1193,1.2,1,0.009746937288503734,0.009748,16.861406,0.009748,1.1208977881779294,1.12102,1704.4495238200002,1.12102,2.3123265229116723,,47,0,0,0,
09:06:45.104,,,16.855315505717616,,0,-0.54325,,0.591055611408398,0,0,284.204318,0,1193,1.2,1,0.009746937288503734,0.009748,16.861406,0.009748,1.1208977881779294,1.12102,1704.4495238200002,1.12102,2.3123265229116723,,47,0,0,0,
09:06:45.333,,,16.855315505717616,,0,-0.55325,,0.591055611408398,0,0,284.204318,0,1193,1.2,1,0.009746937288503734,0.009748,16.861406,0.009748,1.1208977881779294,1.12102,1704.4495238200002,1.12102,2.3123265229116723,,46,0,0,0,
09:06:45.790,,,16.855315505717616,,0,-0.55325,,0.591055611408398,0,0,284.204318,0,1193,1.2,1,0.009746937288503734,0.009748,16.861406,0.009748,1.1208977881779294,1.12102,1704.4495238200002,1.12102,2.3123265229116723,,46,0,0,0,
09:06:46.022,,,16.855134573038704,,0,-0.55325,,0.5610237333091573,0,0,284.204318,0,1157,1.2,1,0.0099277701204622,0.009929,16.861587,0.009929,1.141693563853153,1.141835,1704.47033882,1.141835,2.1948358724189867,,46,0,0,0,
09:06:46.245,,,16.855134573038704,,0,-0.55325,,0.5610237333091573,0,0,284.204318,0,1157,1.2,1,0.0099277701204622,0.009929,16.861587,0.009929,1.141693563853153,1.141835,1704.47033882,1.141835,2.1948358724189867,,46,0,0,0,
09:06:46.465,,,16.855134573038704,,0,-0.54325,,0.5610237333091573,0,0,284.204318,0,1157,1.2,1,0.0099277701204622,0.009929,16.861587,0.009929,1.141693563853153,1.141835,1704.47033882,1.141835,2.1948358724189867,,47,0,0,0,
09:06:46.944,,,16.855134573038704,,0,-0.54325,,0.5610237333091573,0,0,284.204318,0,1157,1.2,1,0.0099277701204622,0.009929,16.861587,0.009929,1.141693563853153,1.141835,1704.47033882,1.141835,2.1948358724189867,,47,0,0,0,
09:06:47.167,,,16.854951645052687,,0,-0.54325,,0.5752016469783323,0,0,284.204318,0,1161,1.2,1,0.010110746222178772,0.010112,16.86177,0.010112,1.1627358155505587,1.16288,1704.4913838200002,1.16288,2.250302676530137,,47,0,0,0,
09:06:47.370,,,16.854951645052687,,0,-0.54325,,0.5752016469783323,0,0,284.204318,0,1161,1.2,1,0.010110746222178772,0.010112,16.86177,0.010112,1.1627358155505587,1.16288,1704.4913838200002,1.16288,2.250302676530137,,47,0,0,0,
09:06:47.606,,,16.854951645052687,,0,-0.54325,,0.5752016469783323,0,0,284.204318,0,1161,1.2,1,0.010110746222178772,0.010112,16.86177,0.010112,1.1627358155505587,1.16288,1704.4913838200002,1.16288,2.250302676530137,,47,0,0,0,
09:06:48.075,,,16.854951645052687,,0,-0.54325,,0.5752016469783323,0,0,284.204318,0,1161,1.2,1,0.010110746222178772,0.010112,16.86177,0.010112,1.1627358155505587,1.16288,1704.4913838200002,1.16288,2.250302676530137,,47,0,0,0,
09:06:48.291,,,16.85476772146336,,0,-0.54325,,0.591055611408398,0,0,284.204318,0,1193,1.2,1,0.010295053074044247,0.010296,16.861954,0.010296,1.1839311035150883,1.18404,1704.5125438200002,1.18404,2.3123265229116723,,47,0,0,0,
09:06:48.556,,,16.85476772146336,,0,-0.54325,,0.591055611408398,0,0,284.204318,0,1193,1.2,1,0.010295053074044247,0.010296,16.861954,0.010296,1.1839311035150883,1.18404,1704.5125438200002,1.18404,2.3123265229116723,,47,0,0,0,
09:06:48.743,,,16.85476772146336,,0,-0.59325,,0.591055611408398,0,0,284.204318,0,1193,1.2,1,0.010295053074044247,0.010296,16.861954,0.010296,1.1839311035150883,1.18404,1704.5125438200002,1.18404,2.3123265229116723,,42,0,0,0,
09:06:49.200,,,16.85476772146336,,0,-0.59325,,0.591055611408398,0,0,284.204318,0,1193,1.2,1,0.010295053074044247,0.010296,16.861954,0.010296,1.1839311035150883,1.18404,1704.5125438200002,1.18404,2.3123265229116723,,42,0,0,0,
09:06:49.436,,,16.854607791170192,,0,-0.59325,,0.5033844530541037,0,0,284.204318,0,1137,1.1,1,0.01045529498554921,0.010456,16.862114000000002,0.010456,1.202358923338159,1.20244,1704.5309438200002,1.20244,1.9693396011329216,,42,0,0,0,
09:06:49.664,,,16.854607791170192,,0,-0.59325,,0.5033844530541037,0,0,284.204318,0,1137,1.1,1,0.01045529498554921,0.010456,16.862114000000002,0.010456,1.202358923338159,1.20244,1704.5309438200002,1.20244,1.9693396011329216,,42,0,0,0,
09:06:49.891,,,16.854607791170192,,0,-0.6032500000000001,,0.5033844530541037,0,0,284.204318,0,1137,1.1,1,0.01045529498554921,0.010456,16.862114000000002,0.010456,1.202358923338159,1.20244,1704.5309438200002,1.20244,1.9693396011329216,,41,0,0,0,
09:06:50.340,,,16.854607791170192,,0,-0.6032500000000001,,0.5033844530541037,0,0,284.204318,0,1137,1.1,1,0.01045529498554921,0.010456,16.862114000000002,0.010456,1.202358923338159,1.20244,1704.5309438200002,1.20244,1.9693396011329216,,41,0,0,0,
09:06:50.570,,,16.85445086252024,,0,-0.6032500000000001,,0.4991785143522443,0,0,284.204318,0,1155,1.2,1,0.010612498723717311,0.010613,16.862271,0.010613,1.2204373532274908,1.2204949999999999,1704.5489988200002,1.2204949999999999,1.9528851365676063,,41,0,0,0,
09:06:50.805,,,16.85445086252024,,0,-0.6032500000000001,,0.4991785143522443,0,0,284.204318,0,1155,1.2,1,0.010612498723717311,0.010613,16.862271,0.010613,1.2204373532274908,1.2204949999999999,1704.5489988200002,1.2204949999999999,1.9528851365676063,,41,0,0,0,
09:06:51.038,,,16.85445086252024,,0,-0.6032500000000001,,0.4991785143522443,0,0,284.204318,0,1155,1.2,1,0.010612498723717311,0.010613,16.862271,0.010613,1.2204373532274908,1.2204949999999999,1704.5489988200002,1.2204949999999999,1.9528851365676063,,41,0,0,0,
09:06:51.537,,,16.85445086252024,,0,-0.6032500000000001,,0.4991785143522443,0,0,284.204318,0,1155,1.2,1,0.010612498723717311,0.010613,16.862271,0.010613,1.2204373532274908,1.2204949999999999,1704.5489988200002,1.2204949999999999,1.9528851365676063,,41,0,0,0,
09:06:51.730,,,16.85428893920587,,0,-0.6032500000000001,,0.502203838681652,0,0,284.204318,0,1162,1.2,1,0.010774117307426829,0.010775,16.862433,0.010775,1.2390234903540853,1.239125,1704.5676288200002,1.239125,1.964720804061956,,41,0,0,0,
09:06:51.946,,,16.85428893920587,,0,-0.6032500000000001,,0.502203838681652,0,0,284.204318,0,1162,1.2,1,0.010774117307426829,0.010775,16.862433,0.010775,1.2390234903540853,1.239125,1704.5676288200002,1.239125,1.964720804061956,,41,0,0,0,
09:06:52.317,,,16.85428893920587,,0,-0.6032500000000001,,0.502203838681652,0,0,284.204318,0,1162,1.2,1,0.010774117307426829,0.010775,16.862433,0.010775,1.2390234903540853,1.239125,1704.5676288200002,1.239125,1.964720804061956,,41,0,0,0,
09:06:52.886,,,16.85428893920587,,0,-0.6032500000000001,,0.502203838681652,0,0,284.204318,0,1162,1.2,1,0.010774117307426829,0.010775,16.862433,0.010775,1.2390234903540853,1.239125,1704.5676288200002,1.239125,1.964720804061956,,41,0,0,0,
09:06:53.141,,,16.85409703412132,,0,-0.6032500000000001,,0.4892381629841909,0,0,284.204318,0,1132,1.1,1,0.01096571683379939,0.010967,16.862625,0.010967,1.2610574358869298,1.261205,1704.5897088200002,1.261205,1.913996514800459,,41,0,0,0,
09:06:53.400,,,16.85409703412132,,0,-0.6032500000000001,,0.4892381629841909,0,0,284.204318,0,1132,1.1,1,0.01096571683379939,0.010967,16.862625,0.010967,1.2610574358869298,1.261205,1704.5897088200002,1.261205,1.913996514800459,,41,0,0,0,
09:06:53.579,,,16.85409703412132,,0,-0.6032500000000001,,0.4892381629841909,0,0,284.204318,0,1132,1.1,1,0.01096571683379939,0.010967,16.862625,0.010967,1.2610574358869298,1.261205,1704.5897088200002,1.261205,1.913996514800459,,41,0,0,0,
09:06:54.082,,,16.85409703412132,,0,-0.6032500000000001,,0.4892381629841909,0,0,284.204318,0,1132,1.1,1,0.01096571683379939,0.010967,16.862625,0.010967,1.2610574358869298,1.261205,1704.5897088200002,1.261205,1.913996514800459,,41,0,0,0,
09:06:54.271,,,16.853942113933766,,0,-0.6032500000000001,,0.4918312981236833,0,0,284.204318,0,1138,1.1,1,0.011120774424199786,0.011122,16.86278,0.011122,1.2788890587829753,1.27903,1704.60753382,1.27903,1.9241413726527588,,41,0,0,0,
09:06:54.488,,,16.853942113933766,,0,-0.6032500000000001,,0.4918312981236833,0,0,284.204318,0,1138,1.1,1,0.011120774424199786,0.011122,16.86278,0.011122,1.2788890587829753,1.27903,1704.60753382,1.27903,1.9241413726527588,,41,0,0,0,
09:06:54.722,,,16.853942113933766,,0,-0.6032500000000001,,0.4918312981236833,0,0,284.204318,0,1138,1.1,1,0.011120774424199786,0.011122,16.86278,0.011122,1.2788890587829753,1.27903,1704.60753382,1.27903,1.9241413726527588,,41,0,0,0,
09:06:55.158,,,16.853942113933766,,0,-0.6032500000000001,,0.4918312981236833,0,0,284.204318,0,1138,1.1,1,0.011120774424199786,0.011122,16.86278,0.011122,1.2788890587829753,1.27903,1704.60753382,1.27903,1.9241413726527588,,41,0,0,0,
09:06:55.406,,,16.853788196051767,,0,-0.6032500000000001,,0.4896703521741065,0,0,284.204318,0,1133,1.1,1,0.011274903404298963,0.011276,16.862934,0.011276,1.2966138914943808,1.29674,1704.6252438200002,1.29674,1.9156873244425097,,41,0,0,0,
09:06:55.630,,,16.853788196051767,,0,-0.6032500000000001,,0.4896703521741065,0,0,284.204318,0,1133,1.1,1,0.011274903404298963,0.011276,16.862934,0.011276,1.2966138914943808,1.29674,1704.6252438200002,1.29674,1.9156873244425097,,41,0,0,0,
09:06:55.852,,,16.853788196051767,,0,-0.6032500000000001,,0.4896703521741065,0,0,284.204318,0,1133,1.1,1,0.011274903404298963,0.011276,16.862934,0.011276,1.2966138914943808,1.29674,1704.6252438200002,1.29674,1.9156873244425097,,41,0,0,0,
09:06:56.328,,,16.853788196051767,,0,-0.6032500000000001,,0.4896703521741065,0,0,284.204318,0,1133,1.1,1,0.011274903404298963,0.011276,16.862934,0.011276,1.2966138914943808,1.29674,1704.6252438200002,1.29674,1.9156873244425097,,41,0,0,0,
09:06:56.541,,,16.85363228210251,,0,-0.6032500000000001,,0.49356005488334476,0,0,284.204318,0,1142,1.1,1,0.011430588190340943,0.011432,16.86309,0.011432,1.3145176418892084,1.3146799999999998,1704.64318382,1.3146799999999998,1.9309046112209585,,41,0,0,0,
09:06:56.797,,,16.85363228210251,,0,-0.6032500000000001,,0.49356005488334476,0,0,284.204318,0,1142,1.1,1,0.011430588190340943,0.011432,16.86309,0.011432,1.3145176418892084,1.3146799999999998,1704.64318382,1.3146799999999998,1.9309046112209585,,41,0,0,0,
09:06:57.018,,,16.85363228210251,,0,-0.6132500000000001,,0.49356005488334476,0,0,284.204318,0,1142,1.1,1,0.011430588190340943,0.011432,16.86309,0.011432,1.3145176418892084,1.3146799999999998,1704.64318382,1.3146799999999998,1.9309046112209585,,40,0,0,0,
09:06:57.480,,,16.85363228210251,,0,-0.6132500000000001,,0.49356005488334476,0,0,284.204318,0,1142,1.1,1,0.011430588190340943,0.011432,16.86309,0.011432,1.3145176418892084,1.3146799999999998,1704.64318382,1.3146799999999998,1.9309046112209585,,40,0,0,0,
09:06:57.708,,,16.85347637103794,,0,-0.6132500000000001,,0.4827869487347228,0,0,284.204318,0,1145,1.1,1,0.011587051916995916,0.011588,16.863246,0.011588,1.3325109704545304,1.33262,1704.66112382,1.33262,1.888758087948398,,40,0,0,0,
09:06:57.950,,,16.85347637103794,,0,-0.6132500000000001,,0.4827869487347228,0,0,284.204318,0,1145,1.1,1,0.011587051916995916,0.011588,16.863246,0.011588,1.3325109704545304,1.33262,1704.66112382,1.33262,1.888758087948398,,40,0,0,0,
09:06:58.170,,,16.85347637103794,,0,-0.6132500000000001,,0.4827869487347228,0,0,284.204318,0,1145,1.1,1,0.011587051916995916,0.011588,16.863246,0.011588,1.3325109704545304,1.33262,1704.66112382,1.33262,1.888758087948398,,40,0,0,0,
09:06:58.625,,,16.85347637103794,,0,-0.6132500000000001,,0.4827869487347228,0,0,284.204318,0,1145,1.1,1,0.011587051916995916,0.011588,16.863246,0.011588,1.3325109704545304,1.33262,1704.66112382,1.33262,1.888758087948398,,40,0,0,0,
09:06:58.851,,,16.853323461064996,,0,-0.6132500000000001,,0.4815220047642387,0,0,284.204318,0,1142,1.1,1,0.011740156519874641,0.011741,16.863399,0.011741,1.3501179997855837,1.350215,1704.67871882,1.350215,1.8838093768009345,,40,0,0,0,
09:06:59.085,,,16.853323461064996,,0,-0.6132500000000001,,0.4815220047642387,0,0,284.204318,0,1142,1.1,1,0.011740156519874641,0.011741,16.863399,0.011741,1.3501179997855837,1.350215,1704.67871882,1.350215,1.8838093768009345,,40,0,0,0,
09:06:59.293,,,16.853323461064996,,0,-0.6132500000000001,,0.4815220047642387,0,0,284.204318,0,1142,1.1,1,0.011740156519874641,0.011741,16.863399,0.011741,1.3501179997855837,1.350215,1704.67871882,1.350215,1.8838093768009345,,40,0,0,0,
09:06:59.764,,,16.853323461064996,,0,-0.6132500000000001,,0.4815220047642387,0,0,284.204318,0,1142,1.1,1,0.011740156519874641,0.011741,16.863399,0.011741,1.3501179997855837,1.350215,1704.67871882,1.350215,1.8838093768009345,,40,0,0,0,
09:06:59.987,,,16.853176550175153,,0,-0.6132500000000001,,0.4659210291282696,0,0,284.204318,0,1105,1.1,1,0.011886951864205686,0.011888,16.863546,0.011888,1.3669994643836538,1.36712,1704.69562382,1.36712,1.822775272648891,,40,0,0,0,
09:07:00.212,,,16.853176550175153,,0,-0.6132500000000001,,0.4659210291282696,0,0,284.204318,0,1105,1.1,1,0.011886951864205686,0.011888,16.863546,0.011888,1.3669994643836538,1.36712,1704.69562382,1.36712,1.822775272648891,,40,0,0,0,
09:07:00.456,,,16.853176550175153,,0,-0.6032500000000001,,0.4659210291282696,0,0,284.204318,0,1105,1.1,1,0.011886951864205686,0.011888,16.863546,0.011888,1.3669994643836538,1.36712,1704.69562382,1.36712,1.822775272648891,,41,0,0,0,
09:07:00.927,,,16.853176550175153,,0,-0.6032500000000001,,0.4659210291282696,0,0,284.204318,0,1105,1.1,1,0.011886951864205686,0.011888,16.863546,0.011888,1.3669994643836538,1.36712,1704.69562382,1.36712,1.822775272648891,,41,0,0,0,
09:07:01.141,,,16.85302864247893,,0,-0.6032500000000001,,0.46287462239935384,0,0,284.204318,0,1071,1.1,1,0.012035204279807026,0.012036,16.863694,0.012036,1.384048492177808,1.38414,1704.71264382,1.38414,1.810857126635417,,41,0,0,0,
09:07:01.374,,,16.85302864247893,,0,-0.6032500000000001,,0.46287462239935384,0,0,284.204318,0,1071,1.1,1,0.012035204279807026,0.012036,16.863694,0.012036,1.384048492177808,1.38414,1704.71264382,1.38414,1.810857126635417,,41,0,0,0,
09:07:01.622,,,16.85302864247893,,0,-0.59325,,0.46287462239935384,0,0,284.204318,0,1071,1.1,1,0.012035204279807026,0.012036,16.863694,0.012036,1.384048492177808,1.38414,1704.71264382,1.38414,1.810857126635417,,42,0,0,0,
09:07:02.060,,,16.85302864247893,,0,-0.59325,,0.46287462239935384,0,0,284.204318,0,1071,1.1,1,0.012035204279807026,0.012036,16.863694,0.012036,1.384048492177808,1.38414,1704.71264382,1.38414,1.810857126635417,,42,0,0,0,
09:07:02.299,,,16.852869744535845,,0,-0.59325,,0.4945298452607158,0,0,284.204318,0,1117,1.1,1,0.012194288088402469,0.012195,16.863853,0.012195,1.4023431301662839,1.4024249999999998,1704.7309288200001,1.4024249999999998,1.9346986231006802,,42,0,0,0,
09:07:02.582,,,16.852869744535845,,0,-0.59325,,0.4945298452607158,0,0,284.204318,0,1117,1.1,1,0.012194288088402469,0.012195,16.863853,0.012195,1.4023431301662839,1.4024249999999998,1704.7309288200001,1.4024249999999998,1.9346986231006802,,42,0,0,0,
09:07:02.842,,,16.852869744535845,,0,-0.59325,,0.4945298452607158,0,0,284.204318,0,1117,1.1,1,0.012194288088402469,0.012195,16.863853,0.012195,1.4023431301662839,1.4024249999999998,1704.7309288200001,1.4024249999999998,1.9346986231006802,,42,0,0,0,
09:07:03.295,,,16.852869744535845,,0,-0.59325,,0.4945298452607158,0,0,284.204318,0,1117,1.1,1,0.012194288088402469,0.012195,16.863853,0.012195,1.4023431301662839,1.4024249999999998,1704.7309288200001,1.4024249999999998,1.9346986231006802,,42,0,0,0,
09:07:03.520,,,16.852703854282897,,0,-0.59325,,0.4896598109743525,0,0,284.204318,0,1106,1.1,1,0.012360470576063605,0.012361,16.864019,0.012361,1.4214541162473147,1.421515,1704.7500188200002,1.421515,1.9156460851829478,,42,0,0,0,
09:07:03.792,,,16.852703854282897,,0,-0.59325,,0.4896598109743525,0,0,284.204318,0,1106,1.1,1,0.012360470576063605,0.012361,16.864019,0.012361,1.4214541162473147,1.421515,1704.7500188200002,1.421515,1.9156460851829478,,42,0,0,0,
09:07:03.990,,,16.852703854282897,,0,-0.6032500000000001,,0.4896598109743525,0,0,284.204318,0,1106,1.1,1,0.012360470576063605,0.012361,16.864019,0.012361,1.4214541162473147,1.421515,1704.7500188200002,1.421515,1.9156460851829478,,41,0,0,0,
09:07:04.423,,,16.852703854282897,,0,-0.6032500000000001,,0.4896598109743525,0,0,284.204318,0,1106,1.1,1,0.012360470576063605,0.012361,16.864019,0.012361,1.4214541162473147,1.421515,1704.7500188200002,1.421515,1.9156460851829478,,41,0,0,0,
09:07:04.652,,,16.852552956949555,,0,-0.6032500000000001,,0.4805943791858837,0,0,284.204318,0,1112,1.1,1,0.012511552481228093,0.012512,16.86417,0.012512,1.4388285353412307,1.4388800000000002,1704.76738382,1.4388800000000002,1.8801803219594617,,41,0,0,0,
09:07:04.886,,,16.852552956949555,,0,-0.6032500000000001,,0.4805943791858837,0,0,284.204318,0,1112,1.1,1,0.012511552481228093,0.012512,16.86417,0.012512,1.4388285353412307,1.4388800000000002,1704.76738382,1.4388800000000002,1.8801803219594617,,41,0,0,0,
09:07:05.117,,,16.852552956949555,,0,-0.59325,,0.4805943791858837,0,0,284.204318,0,1112,1.1,1,0.012511552481228093,0.012512,16.86417,0.012512,1.4388285353412307,1.4388800000000002,1704.76738382,1.4388800000000002,1.8801803219594617,,42,0,0,0,
09:07:05.614,,,16.852552956949555,,0,-0.59325,,0.4805943791858837,0,0,284.204318,0,1112,1.1,1,0.012511552481228093,0.012512,16.86417,0.012512,1.4388285353412307,1.4388800000000002,1704.76738382,1.4388800000000002,1.8801803219594617,,42,0,0,0,
09:07:05.861,,,16.852385074350384,,0,-0.59325,,0.4998426099367485,0,0,284.204318,0,1129,1.1,1,0.012679381274313454,0.01268,16.864338,0.01268,1.4581288465460471,1.4582,1704.7867038200002,1.4582,1.955483209920025,,42,0,0,0,
09:07:06.130,,,16.852385074350384,,0,-0.59325,,0.4998426099367485,0,0,284.204318,0,1129,1.1,1,0.012679381274313454,0.01268,16.864338,0.01268,1.4581288465460471,1.4582,1704.7867038200002,1.4582,1.955483209920025,,42,0,0,0,
09:07:06.472,,,16.852385074350384,,0,-0.59325,,0.4998426099367485,0,0,284.204318,0,1129,1.1,1,0.012679381274313454,0.01268,16.864338,0.01268,1.4581288465460471,1.4582,1704.7867038200002,1.4582,1.955483209920025,,42,0,0,0,
09:07:07.061,,,16.852385074350384,,0,-0.59325,,0.4998426099367485,0,0,284.204318,0,1129,1.1,1,0.012679381274313454,0.01268,16.864338,0.01268,1.4581288465460471,1.4582,1704.7867038200002,1.4582,1.955483209920025,,42,0,0,0,
09:07:07.237,,,16.85219720969329,,0,-0.59325,,0.49320165409170746,0,0,284.204318,0,1114,1.1,1,0.012867847531888531,0.012868,16.864526,0.012868,1.4798024661671811,1.47982,1704.8083238200002,1.47982,1.9295024763958435,,42,0,0,0,
09:07:07.494,,,16.85219720969329,,0,-0.59325,,0.49320165409170746,0,0,284.204318,0,1114,1.1,1,0.012867847531888531,0.012868,16.864526,0.012868,1.4798024661671811,1.47982,1704.8083238200002,1.47982,1.9295024763958435,,42,0,0,0,
09:07:07.702,,,16.85219720969329,,0,-0.59325,,0.49320165409170746,0,0,284.204318,0,1114,1.1,1,0.012867847531888531,0.012868,16.864526,0.012868,1.4798024661671811,1.47982,1704.8083238200002,1.47982,1.9295024763958435,,42,0,0,0,
09:07:08.165,,,16.85219720969329,,0,-0.59325,,0.49320165409170746,0,0,284.204318,0,1114,1.1,1,0.012867847531888531,0.012868,16.864526,0.012868,1.4798024661671811,1.47982,1704.8083238200002,1.47982,1.9295024763958435,,42,0,0,0,
09:07:08.401,,,16.852037328177946,,0,-0.59325,,0.49497257565038505,0,0,284.204318,0,1118,1.1,1,0.013028055126709195,0.013028,16.864686,0.013028,1.4982263395715574,1.4982199999999999,1704.82672382,1.4982199999999999,1.936430672002292,,42,0,0,0,
09:07:08.604,,,16.852037328177946,,0,-0.59325,,0.49497257565038505,0,0,284.204318,0,1118,1.1,1,0.013028055126709195,0.013028,16.864686,0.013028,1.4982263395715574,1.4982199999999999,1704.82672382,1.4982199999999999,1.936430672002292,,42,0,0,0,
09:07:08.826,,,16.852037328177946,,0,-0.6032500000000001,,0.49497257565038505,0,0,284.204318,0,1118,1.1,1,0.013028055126709195,0.013028,16.864686,0.013028,1.4982263395715574,1.4982199999999999,1704.82672382,1.4982199999999999,1.936430672002292,,41,0,0,0,
09:07:09.280,,,16.852037328177946,,0,-0.6032500000000001,,0.49497257565038505,0,0,284.204318,0,1118,1.1,1,0.013028055126709195,0.013028,16.864686,0.013028,1.4982263395715574,1.4982199999999999,1704.82672382,1.4982199999999999,1.936430672002292,,41,0,0,0,
09:07:09.510,,,16.851889440477148,,0,-0.6032500000000001,,0.4801621899959685,0,0,284.204318,0,1111,1.1,1,0.013175844367208603,0.013176,16.864834000000002,0.013176,1.5152221022289893,1.51524,1704.84374382,1.51524,1.878489512317412,,41,0,0,0,
09:07:09.775,,,16.851889440477148,,0,-0.6032500000000001,,0.4801621899959685,0,0,284.204318,0,1111,1.1,1,0.013175844367208603,0.013176,16.864834000000002,0.013176,1.5152221022289893,1.51524,1704.84374382,1.51524,1.878489512317412,,41,0,0,0,
09:07:09.967,,,16.851889440477148,,0,-0.59325,,0.4801621899959685,0,0,284.204318,0,1111,1.1,1,0.013175844367208603,0.013176,16.864834000000002,0.013176,1.5152221022289893,1.51524,1704.84374382,1.51524,1.878489512317412,,42,0,0,0,
09:07:10.491,,,16.851889440477148,,0,-0.59325,,0.4801621899959685,0,0,284.204318,0,1111,1.1,1,0.013175844367208603,0.013176,16.864834000000002,0.013176,1.5152221022289893,1.51524,1704.84374382,1.51524,1.878489512317412,,42,0,0,0,
09:07:10.738,,,16.851724568735523,,0,-0.59325,,0.48478977668798906,0,0,284.204318,0,1095,1.1,1,0.013341089473830904,0.013341,16.864999,0.013341,1.534225289490554,1.534215,1704.86271882,1.534215,1.8965935472652145,,42,0,0,0,
09:07:10.942,,,16.851724568735523,,0,-0.59325,,0.48478977668798906,0,0,284.204318,0,1095,1.1,1,0.013341089473830904,0.013341,16.864999,0.013341,1.534225289490554,1.534215,1704.86271882,1.534215,1.8965935472652145,,42,0,0,0,
09:07:11.191,,,16.851724568735523,,0,-0.6032500000000001,,0.48478977668798906,0,0,284.204318,0,1095,1.1,1,0.013341089473830904,0.013341,16.864999,0.013341,1.534225289490554,1.534215,1704.86271882,1.534215,1.8965935472652145,,41,0,0,0,
09:07:11.660,,,16.851724568735523,,0,-0.6032500000000001,,0.48478977668798906,0,0,284.204318,0,1095,1.1,1,0.013341089473830904,0.013341,16.864999,0.013341,1.534225289490554,1.534215,1704.86271882,1.534215,1.8965935472652145,,41,0,0,0,
09:07:11.896,,,16.851570691353942,,0,-0.6032500000000001,,0.47886562242622244,0,0,284.204318,0,1108,1.1,1,0.013495226514246467,0.013495,16.865153,0.013495,1.5519510491383437,1.551925,1704.8804288200001,1.551925,1.8734170833912631,,41,0,0,0,
09:07:12.118,,,16.851570691353942,,0,-0.6032500000000001,,0.47886562242622244,0,0,284.204318,0,1108,1.1,1,0.013495226514246467,0.013495,16.865153,0.013495,1.5519510491383437,1.551925,1704.8804288200001,1.551925,1.8734170833912631,,41,0,0,0,
09:07:12.314,,,16.851570691353942,,0,-0.59325,,0.47886562242622244,0,0,284.204318,0,1108,1.1,1,0.013495226514246467,0.013495,16.865153,0.013495,1.5519510491383437,1.551925,1704.8804288200001,1.551925,1.8734170833912631,,42,0,0,0,
09:07:12.772,,,16.851570691353942,,0,-0.59325,,0.47886562242622244,0,0,284.204318,0,1108,1.1,1,0.013495226514246467,0.013495,16.865153,0.013495,1.5519510491383437,1.551925,1704.8804288200001,1.551925,1.8734170833912631,,42,0,0,0,
09:07:13.002,,,16.851418815135574,,0,-0.59325,,0.49320165409170746,0,0,284.204318,0,1114,1.1,1,0.013646824961774882,0.013647,16.865305,0.013647,1.5693848706041114,1.569405,1704.89790882,1.569405,1.9295024763958435,,42,0,0,0,
09:07:13.263,,,16.851418815135574,,0,-0.59325,,0.49320165409170746,0,0,284.204318,0,1114,1.1,1,0.013646824961774882,0.013647,16.865305,0.013647,1.5693848706041114,1.569405,1704.89790882,1.569405,1.9295024763958435,,42,0,0,0,
09:07:13.461,,,16.851418815135574,,0,-0.59325,,0.49320165409170746,0,0,284.204318,0,1114,1.1,1,0.013646824961774882,0.013647,16.865305,0.013647,1.5693848706041114,1.569405,1704.89790882,1.569405,1.9295024763958435,,42,0,0,0,
09:07:13.909,,,16.851418815135574,,0,-0.59325,,0.49320165409170746,0,0,284.204318,0,1114,1.1,1,0.013646824961774882,0.013647,16.865305,0.013647,1.5693848706041114,1.569405,1704.89790882,1.569405,1.9295024763958435,,42,0,0,0,
09:07:14.187,,,16.851255950916986,,0,-0.59325,,0.49497257565038505,0,0,284.204318,0,1118,1.1,1,0.01380973908038844,0.01381,16.865468,0.01381,1.5881199942446707,1.58815,1704.9166538200002,1.58815,1.936430672002292,,42,0,0,0,
09:07:14.366,,,16.851255950916986,,0,-0.59325,,0.49497257565038505,0,0,284.204318,0,1118,1.1,1,0.01380973908038844,0.01381,16.865468,0.01381,1.5881199942446707,1.58815,1704.9166538200002,1.58815,1.936430672002292,,42,0,0,0,
09:07:14.599,,,16.851255950916986,,0,-0.59325,,0.49497257565038505,0,0,284.204318,0,1118,1.1,1,0.01380973908038844,0.01381,16.865468,0.01381,1.5881199942446707,1.58815,1704.9166538200002,1.58815,1.936430672002292,,42,0,0,0,
09:07:15.062,,,16.851255950916986,,0,-0.59325,,0.49497257565038505,0,0,284.204318,0,1118,1.1,1,0.01380973908038844,0.01381,16.865468,0.01381,1.5881199942446707,1.58815,1704.9166538200002,1.58815,1.936430672002292,,42,0,0,0,
09:07:15.305,,,16.851105079511164,,0,-0.59325,,0.48523250707765836,0,0,284.204318,0,1096,1.1,1,0.01396043974843498,0.013961,16.865619,0.013961,1.6054505710700226,1.605515,1704.9340188200001,1.605515,1.8983255961668266,,42,0,0,0,
09:07:15.515,,,16.851105079511164,,0,-0.59325,,0.48523250707765836,0,0,284.204318,0,1096,1.1,1,0.01396043974843498,0.013961,16.865619,0.013961,1.6054505710700226,1.605515,1704.9340188200001,1.605515,1.8983255961668266,,42,0,0,0,
09:07:15.716,,,16.851105079511164,,0,-0.6032500000000001,,0.48523250707765836,0,0,284.204318,0,1096,1.1,1,0.01396043974843498,0.013961,16.865619,0.013961,1.6054505710700226,1.605515,1704.9340188200001,1.605515,1.8983255961668266,,41,0,0,0,
09:07:16.224,,,16.851105079511164,,0,-0.6032500000000001,,0.48523250707765836,0,0,284.204318,0,1096,1.1,1,0.01396043974843498,0.013961,16.865619,0.013961,1.6054505710700226,1.605515,1704.9340188200001,1.605515,1.8983255961668266,,41,0,0,0,
09:07:16.409,,,16.850958207293992,,0,-0.6032500000000001,,0.4801621899959685,0,0,284.204318,0,1111,1.1,1,0.014107607979168659,0.014108,16.865766,0.014108,1.6223749176043958,1.6224200000000002,1704.95092382,1.6224200000000002,1.878489512317412,,41,0,0,0,
09:07:16.638,,,16.850958207293992,,0,-0.6032500000000001,,0.4801621899959685,0,0,284.204318,0,1111,1.1,1,0.014107607979168659,0.014108,16.865766,0.014108,1.6223749176043958,1.6224200000000002,1704.95092382,1.6224200000000002,1.878489512317412,,41,0,0,0,
09:07:16.877,,,16.850958207293992,,0,-0.6032500000000001,,0.4801621899959685,0,0,284.204318,0,1111,1.1,1,0.014107607979168659,0.014108,16.865766,0.014108,1.6223749176043958,1.6224200000000002,1704.95092382,1.6224200000000002,1.878489512317412,,41,0,0,0,
09:07:17.313,,,16.850958207293992,,0,-0.6032500000000001,,0.4801621899959685,0,0,284.204318,0,1111,1.1,1,0.014107607979168659,0.014108,16.865766,0.014108,1.6223749176043958,1.6224200000000002,1704.95092382,1.6224200000000002,1.878489512317412,,41,0,0,0,
09:07:17.535,,,16.85080933942807,,0,-0.6032500000000001,,0.4758402980968148,0,0,284.204318,0,1101,1.1,1,0.01425651005331267,0.014257,16.865915,0.014257,1.639498656130957,1.639555,1704.9680588200001,1.639555,1.8615814158969135,,41,0,0,0,
09:07:17.767,,,16.85080933942807,,0,-0.6032500000000001,,0.4758402980968148,0,0,284.204318,0,1101,1.1,1,0.01425651005331267,0.014257,16.865915,0.014257,1.639498656130957,1.639555,1704.9680588200001,1.639555,1.8615814158969135,,41,0,0,0,
09:07:18.015,,,16.85080933942807,,0,-0.59325,,0.4758402980968148,0,0,284.204318,0,1101,1.1,1,0.01425651005331267,0.014257,16.865915,0.014257,1.639498656130957,1.639555,1704.9680588200001,1.639555,1.8615814158969135,,42,0,0,0,
09:07:18.482,,,16.85080933942807,,0,-0.59325,,0.4758402980968148,0,0,284.204318,0,1101,1.1,1,0.01425651005331267,0.014257,16.865915,0.014257,1.639498656130957,1.639555,1704.9680588200001,1.639555,1.8615814158969135,,42,0,0,0,
09:07:18.726,,,16.85065048333121,,0,-0.59325,,0.47991974240162566,0,0,284.204318,0,1084,1.1,1,0.014415177212532037,0.014416,16.866074,0.014416,1.6577453794411843,1.65784,1704.9863438200002,1.65784,1.8775410093474818,,42,0,0,0,
09:07:18.909,,,16.85065048333121,,0,-0.59325,,0.47991974240162566,0,0,284.204318,0,1084,1.1,1,0.014415177212532037,0.014416,16.866074,0.014416,1.6577453794411843,1.65784,1704.9863438200002,1.65784,1.8775410093474818,,42,0,0,0,
09:07:19.141,,,16.85065048333121,,0,-0.6032500000000001,,0.47991974240162566,0,0,284.204318,0,1084,1.1,1,0.014415177212532037,0.014416,16.866074,0.014416,1.6577453794411843,1.65784,1704.9863438200002,1.65784,1.8775410093474818,,41,0,0,0,
09:07:19.595,,,16.85065048333121,,0,-0.6032500000000001,,0.47991974240162566,0,0,284.204318,0,1084,1.1,1,0.014415177212532037,0.014416,16.866074,0.014416,1.6577453794411843,1.65784,1704.9863438200002,1.65784,1.8775410093474818,,41,0,0,0,
09:07:19.819,,,16.85050761531172,,0,-0.6032500000000001,,0.46935746024808433,0,0,284.204318,0,1086,1.1,1,0.014557846222161072,0.014559,16.866217,0.014559,1.6741523155485232,1.674285,1705.0027888200002,1.674285,1.8362192712661651,,41,0,0,0,
09:07:20.064,,,16.85050761531172,,0,-0.6032500000000001,,0.46935746024808433,0,0,284.204318,0,1086,1.1,1,0.014557846222161072,0.014559,16.866217,0.014559,1.6741523155485232,1.674285,1705.0027888200002,1.674285,1.8362192712661651,,41,0,0,0,
09:07:20.285,,,16.85050761531172,,0,-0.59325,,0.46935746024808433,0,0,284.204318,0,1086,1.1,1,0.014557846222161072,0.014559,16.866217,0.014559,1.6741523155485232,1.674285,1705.0027888200002,1.674285,1.8362192712661651,,42,0,0,0,
09:07:20.737,,,16.85050761531172,,0,-0.59325,,0.46935746024808433,0,0,284.204318,0,1086,1.1,1,0.014557846222161072,0.014559,16.866217,0.014559,1.6741523155485232,1.674285,1705.0027888200002,1.674285,1.8362192712661651,,42,0,0,0,
09:07:20.941,,,16.85035475920426,,0,-0.59325,,0.4905452717536912,0,0,284.204318,0,1108,1.1,1,0.014710669101851084,0.014712,16.86637,0.014712,1.6917269467128746,1.6918799999999998,1705.0203838200002,1.6918799999999998,1.9191101829861714,,42,0,0,0,
09:07:21.164,,,16.85035475920426,,0,-0.59325,,0.4905452717536912,0,0,284.204318,0,1108,1.1,1,0.014710669101851084,0.014712,16.86637,0.014712,1.6917269467128746,1.6918799999999998,1705.0203838200002,1.6918799999999998,1.9191101829861714,,42,0,0,0,
09:07:21.425,,,16.85035475920426,,0,-0.6032500000000001,,0.4905452717536912,0,0,284.204318,0,1108,1.1,1,0.014710669101851084,0.014712,16.86637,0.014712,1.6917269467128746,1.6918799999999998,1705.0203838200002,1.6918799999999998,1.9191101829861714,,41,0,0,0,
09:07:21.868,,,16.85035475920426,,0,-0.6032500000000001,,0.4905452717536912,0,0,284.204318,0,1108,1.1,1,0.014710669101851084,0.014712,16.86637,0.014712,1.6917269467128746,1.6918799999999998,1705.0203838200002,1.6918799999999998,1.9191101829861714,,41,0,0,0,
09:07:22.110,,,16.850199907805553,,0,-0.6032500000000001,,0.4762724872867302,0,0,284.204318,0,1102,1.1,1,0.014865343764945853,0.014867,16.866525,0.014867,1.709514532968773,1.709705,1705.0382088200001,1.709705,1.863272225538963,,41,0,0,0,
09:07:22.325,,,16.850199907805553,,0,-0.6032500000000001,,0.4762724872867302,0,0,284.204318,0,1102,1.1,1,0.014865343764945853,0.014867,16.866525,0.014867,1.709514532968773,1.709705,1705.0382088200001,1.709705,1.863272225538963,,41,0,0,0,
09:07:22.517,,,16.850199907805553,,0,-0.6032500000000001,,0.4762724872867302,0,0,284.204318,0,1102,1.1,1,0.014865343764945853,0.014867,16.866525,0.014867,1.709514532968773,1.709705,1705.0382088200001,1.709705,1.863272225538963,,41,0,0,0,
09:07:22.988,,,16.850199907805553,,0,-0.6032500000000001,,0.4762724872867302,0,0,284.204318,0,1102,1.1,1,0.014865343764945853,0.014867,16.866525,0.014867,1.709514532968773,1.709705,1705.0382088200001,1.709705,1.863272225538963,,41,0,0,0,
09:07:23.228,,,16.850055049396236,,0,-0.6032500000000001,,0.46849308186825367,0,0,284.204318,0,1084,1.1,1,0.015010615856620618,0.015012,16.86667,0.015012,1.726220823511371,1.72638,1705.0548838200002,1.72638,1.832837651982066,,41,0,0,0,
09:07:23.456,,,16.850055049396236,,0,-0.6032500000000001,,0.46849308186825367,0,0,284.204318,0,1084,1.1,1,0.015010615856620618,0.015012,16.86667,0.015012,1.726220823511371,1.72638,1705.0548838200002,1.72638,1.832837651982066,,41,0,0,0,
09:07:23.715,,,16.850055049396236,,0,-0.6032500000000001,,0.46849308186825367,0,0,284.204318,0,1084,1.1,1,0.015010615856620618,0.015012,16.86667,0.015012,1.726220823511371,1.72638,1705.0548838200002,1.72638,1.832837651982066,,41,0,0,0,
09:07:24.193,,,16.850055049396236,,0,-0.6032500000000001,,0.46849308186825367,0,0,284.204318,0,1084,1.1,1,0.015010615856620618,0.015012,16.86667,0.015012,1.726220823511371,1.72638,1705.0548838200002,1.72638,1.832837651982066,,41,0,0,0,
09:07:24.438,,,16.84989620752069,,0,-0.6032500000000001,,0.4710862170077458,0,0,284.204318,0,1090,1.1,1,0.015169131971839032,0.015171,16.866829,0.015171,1.7444501767614886,1.7446650000000001,1705.07316882,1.7446650000000001,1.8429825098343648,,41,0,0,0,
09:07:24.665,,,16.84989620752069,,0,-0.6032500000000001,,0.4710862170077458,0,0,284.204318,0,1090,1.1,1,0.015169131971839032,0.015171,16.866829,0.015171,1.7444501767614886,1.7446650000000001,1705.07316882,1.7446650000000001,1.8429825098343648,,41,0,0,0,
09:07:24.911,,,16.84989620752069,,0,-0.69325,,0.4710862170077458,0,0,284.204318,0,1090,1.1,1,0.015169131971839032,0.015171,16.866829,0.015171,1.7444501767614886,1.7446650000000001,1705.07316882,1.7446650000000001,1.8429825098343648,,32,0,0,0,
09:07:25.495,,,16.84989620752069,,0,-0.69325,,0.4710862170077458,0,0,284.204318,0,1090,1.1,1,0.015169131971839032,0.015171,16.866829,0.015171,1.7444501767614886,1.7446650000000001,1705.07316882,1.7446650000000001,1.8429825098343648,,32,0,0,0,
09:07:25.763,,,16.849761344128083,,0,-0.69325,,0.36666509224429245,0,0,284.204318,0,1087,1.1,1,0.015304153102257304,0.015306,16.866964,0.015306,1.75997760675959,1.76019,1705.0886938200001,1.76019,1.4344664046112898,,32,0,0,0,
09:07:25.960,,,16.849761344128083,,0,-0.69325,,0.36666509224429245,0,0,284.204318,0,1087,1.1,1,0.015304153102257304,0.015306,16.866964,0.015306,1.75997760675959,1.76019,1705.0886938200001,1.76019,1.4344664046112898,,32,0,0,0,
09:07:26.182,,,16.849761344128083,,0,-0.71325,,0.36666509224429245,0,0,284.204318,0,1087,1.1,1,0.015304153102257304,0.015306,16.866964,0.015306,1.75997760675959,1.76019,1705.0886938200001,1.76019,1.4344664046112898,,30,0,0,0,
09:07:26.663,,,16.849761344128083,,0,-0.71325,,0.36666509224429245,0,0,284.204318,0,1087,1.1,1,0.015304153102257304,0.015306,16.866964,0.015306,1.75997760675959,1.76019,1705.0886938200001,1.76019,1.4344664046112898,,30,0,0,0,
09:07:26.874,,,16.849657450838524,,0,-0.71325,,0.3374238041266043,0,0,284.204318,0,1067,1.1,1,0.01540825793429013,0.01541,16.867068,0.01541,1.7719496624433648,1.7721500000000001,1705.1006538200002,1.7721500000000001,1.3200686985857693,,30,0,0,0,
09:07:27.106,,,16.849657450838524,,0,-0.71325,,0.3374238041266043,0,0,284.204318,0,1067,1.1,1,0.01540825793429013,0.01541,16.867068,0.01541,1.7719496624433648,1.7721500000000001,1705.1006538200002,1.7721500000000001,1.3200686985857693,,30,0,0,0,
09:07:27.338,,,16.849657450838524,,0,-0.7232500000000001,,0.3374238041266043,0,0,284.204318,0,1067,1.1,1,0.01540825793429013,0.01541,16.867068,0.01541,1.7719496624433648,1.7721500000000001,1705.1006538200002,1.7721500000000001,1.3200686985857693,,29,0,0,0,
09:07:27.805,,,16.849657450838524,,0,-0.7232500000000001,,0.3374238041266043,0,0,284.204318,0,1067,1.1,1,0.01540825793429013,0.01541,16.867068,0.01541,1.7719496624433648,1.7721500000000001,1705.1006538200002,1.7721500000000001,1.3200686985857693,,29,0,0,0,
09:07:28.022,,,16.849554557785655,,0,-0.7232500000000001,,0.32434217523184894,0,0,284.204318,0,1061,1.1,1,0.015511678283921382,0.015513,16.867171,0.015513,1.7838430026509589,1.783995,1705.1124988200002,1.783995,1.2688907774690885,,29,0,0,0,
09:07:28.256,,,16.849554557785655,,0,-0.7232500000000001,,0.32434217523184894,0,0,284.204318,0,1061,1.1,1,0.015511678283921382,0.015513,16.867171,0.015513,1.7838430026509589,1.783995,1705.1124988200002,1.783995,1.2688907774690885,,29,0,0,0,
09:07:28.498,,,16.849554557785655,,0,-0.71325,,0.32434217523184894,0,0,284.204318,0,1061,1.1,1,0.015511678283921382,0.015513,16.867171,0.015513,1.7838430026509589,1.783995,1705.1124988200002,1.783995,1.2688907774690885,,30,0,0,0,
09:07:28.955,,,16.849554557785655,,0,-0.71325,,0.32434217523184894,0,0,284.204318,0,1061,1.1,1,0.015511678283921382,0.015513,16.867171,0.015513,1.7838430026509589,1.783995,1705.1124988200002,1.783995,1.2688907774690885,,30,0,0,0,
09:07:29.179,,,16.84944667127401,,0,-0.71325,,0.3361588601561203,0,0,284.204318,0,1063,1.1,1,0.015619602655577018,0.015621,16.867279,0.015621,1.796254305391357,1.7964149999999999,1705.1249188200002,1.7964149999999999,1.315119987438306,,30,0,0,0,
09:07:29.416,,,16.84944667127401,,0,-0.71325,,0.3361588601561203,0,0,284.204318,0,1063,1.1,1,0.015619602655577018,0.015621,16.867279,0.015621,1.796254305391357,1.7964149999999999,1705.1249188200002,1.7964149999999999,1.315119987438306,,30,0,0,0,
09:07:29.651,,,16.84944667127401,,0,-0.71325,,0.3361588601561203,0,0,284.204318,0,1063,1.1,1,0.015619602655577018,0.015621,16.867279,0.015621,1.796254305391357,1.7964149999999999,1705.1249188200002,1.7964149999999999,1.315119987438306,,30,0,0,0,
09:07:30.118,,,16.84944667127401,,0,-0.71325,,0.3361588601561203,0,0,284.204318,0,1063,1.1,1,0.015619602655577018,0.015621,16.867279,0.015621,1.796254305391357,1.7964149999999999,1705.1249188200002,1.7964149999999999,1.315119987438306,,30,0,0,0,
09:07:30.350,,,16.849335789354488,,0,-0.71325,,0.3409024000454352,0,0,284.204318,0,1078,1.1,1,0.015730568507962298,0.015732,16.86739,0.015732,1.8090153784156642,1.80918,1705.1376838200001,1.80918,1.3336776542412925,,30,0,0,0,
09:07:30.566,,,16.849335789354488,,0,-0.71325,,0.3409024000454352,0,0,284.204318,0,1078,1.1,1,0.015730568507962298,0.015732,16.86739,0.015732,1.8090153784156642,1.80918,1705.1376838200001,1.80918,1.3336776542412925,,30,0,0,0,
09:07:30.805,,,16.849335789354488,,0,-0.71325,,0.3409024000454352,0,0,284.204318,0,1078,1.1,1,0.015730568507962298,0.015732,16.86739,0.015732,1.8090153784156642,1.80918,1705.1376838200001,1.80918,1.3336776542412925,,30,0,0,0,
09:07:31.268,,,16.849335789354488,,0,-0.71325,,0.3409024000454352,0,0,284.204318,0,1078,1.1,1,0.015730568507962298,0.015732,16.86739,0.015732,1.8090153784156642,1.80918,1705.1376838200001,1.80918,1.3336776542412925,,30,0,0,0,
09:07:31.489,,,16.849230902395405,,0,-0.71325,,0.3333127362225312,0,0,284.204318,0,1054,1.1,1,0.015836034064776384,0.015837,16.867495,0.015837,1.8211439174492843,1.821255,1705.1497588200002,1.821255,1.3039853873565137,,30,0,0,0,
09:07:31.724,,,16.849230902395405,,0,-0.71325,,0.3333127362225312,0,0,284.204318,0,1054,1.1,1,0.015836034064776384,0.015837,16.867495,0.015837,1.8211439174492843,1.821255,1705.1497588200002,1.821255,1.3039853873565137,,30,0,0,0,
09:07:31.945,,,16.849230902395405,,0,-0.66325,,0.3333127362225312,0,0,284.204318,0,1054,1.1,1,0.015836034064776384,0.015837,16.867495,0.015837,1.8211439174492843,1.821255,1705.1497588200002,1.821255,1.3039853873565137,,35,0,0,0,
09:07:32.431,,,16.849230902395405,,0,-0.66325,,0.3333127362225312,0,0,284.204318,0,1054,1.1,1,0.015836034064776384,0.015837,16.867495,0.015837,1.8211439174492843,1.821255,1705.1497588200002,1.821255,1.3039853873565137,,35,0,0,0,
09:07:32.628,,,16.849111033184005,,0,-0.66325,,0.3800102511328985,0,0,284.204318,0,1030,1,1,0.015956135249062905,0.015957,16.867615,0.015957,1.8349555536422342,1.8350549999999999,1705.1635588200002,1.8350549999999999,1.486675307217025,,35,0,0,0,
09:07:32.866,,,16.849111033184005,,0,-0.66325,,0.3800102511328985,0,0,284.204318,0,1030,1,1,0.015956135249062905,0.015957,16.867615,0.015957,1.8349555536422342,1.8350549999999999,1705.1635588200002,1.8350549999999999,1.486675307217025,,35,0,0,0,
09:07:33.093,,,16.849111033184005,,0,-0.6232500000000001,,0.3800102511328985,0,0,284.204318,0,1030,1,1,0.015956135249062905,0.015957,16.867615,0.015957,1.8349555536422342,1.8350549999999999,1705.1635588200002,1.8350549999999999,1.486675307217025,,39,0,0,0,
09:07:33.562,,,16.849111033184005,,0,-0.6232500000000001,,0.3800102511328985,0,0,284.204318,0,1030,1,1,0.015956135249062905,0.015957,16.867615,0.015957,1.8349555536422342,1.8350549999999999,1705.1635588200002,1.8350549999999999,1.486675307217025,,39,0,0,0,
09:07:33.785,,,16.848972186812777,,0,-0.6232500000000001,,0.432484343508476,0,0,284.204318,0,1052,1.1,1,0.01609522420816859,0.016096,16.867754,0.016096,1.850950783939388,1.8510399999999998,1705.1795438200002,1.8510399999999998,1.6919643413176169,,39,0,0,0,
09:07:34.026,,,16.848972186812777,,0,-0.6232500000000001,,0.432484343508476,0,0,284.204318,0,1052,1.1,1,0.01609522420816859,0.016096,16.867754,0.016096,1.850950783939388,1.8510399999999998,1705.1795438200002,1.8510399999999998,1.6919643413176169,,39,0,0,0,
09:07:34.253,,,16.848972186812777,,0,-0.59325,,0.432484343508476,0,0,284.204318,0,1052,1.1,1,0.01609522420816859,0.016096,16.867754,0.016096,1.850950783939388,1.8510399999999998,1705.1795438200002,1.8510399999999998,1.6919643413176169,,42,0,0,0,
09:07:34.704,,,16.848972186812777,,0,-0.59325,,0.432484343508476,0,0,284.204318,0,1052,1.1,1,0.01609522420816859,0.016096,16.867754,0.016096,1.850950783939388,1.8510399999999998,1705.1795438200002,1.8510399999999998,1.6919643413176169,,42,0,0,0,
09:07:34.933,,,16.848840334823223,,0,-0.59325,,0.4128018153277452,0,0,284.204318,0,999,1,1,0.016226830942385997,0.016228,16.867886000000002,0.016228,1.8660855583743896,1.86622,1705.1947238200003,1.86622,1.6149623958630925,,42,0,0,0,
09:07:35.179,,,16.848840334823223,,0,-0.59325,,0.4128018153277452,0,0,284.204318,0,999,1,1,0.016226830942385997,0.016228,16.867886000000002,0.016228,1.8660855583743896,1.86622,1705.1947238200003,1.86622,1.6149623958630925,,42,0,0,0,
09:07:35.417,,,16.848840334823223,,0,-0.57325,,0.4128018153277452,0,0,284.204318,0,999,1,1,0.016226830942385997,0.016228,16.867886000000002,0.016228,1.8660855583743896,1.86622,1705.1947238200003,1.86622,1.6149623958630925,,44,0,0,0,
09:07:35.856,,,16.848840334823223,,0,-0.57325,,0.4128018153277452,0,0,284.204318,0,999,1,1,0.016226830942385997,0.016228,16.867886000000002,0.016228,1.8660855583743896,1.86622,1705.1947238200003,1.86622,1.6149623958630925,,44,4.705882352941177,0,0,
09:07:36.095,,,16.848655545734896,,0,-0.57325,,0.5737364202125216,0,0,284.204318,0,1237,1.2,1,0.01641210966857982,0.016413,16.868071,0.016413,1.8873926118866795,1.8874950000000001,1705.21599882,1.8874950000000001,2.2445704194509917,,44,4.705882352941177,0,0,
09:07:36.320,,,16.848655545734896,,0,-0.57325,,0.5737364202125216,0,0,284.204318,0,1237,1.2,1,0.01641210966857982,0.016413,16.868071,0.016413,1.8873926118866795,1.8874950000000001,1705.21599882,1.8874950000000001,2.2445704194509917,,44,4.705882352941177,0,0,
09:07:36.548,,,16.848655545734896,,0,-0.57325,,0.5737364202125216,0,0,284.204318,0,1237,1.2,1,0.01641210966857982,0.016413,16.868071,0.016413,1.8873926118866795,1.8874950000000001,1705.21599882,1.8874950000000001,2.2445704194509917,,44,4.705882352941177,0,0,
09:07:36.999,,,16.848655545734896,,0,-0.57325,,0.5737364202125216,0,0,284.204318,0,1237,1.2,1,0.01641210966857982,0.016413,16.868071,0.016413,1.8873926118866795,1.8874950000000001,1705.21599882,1.8874950000000001,2.2445704194509917,,44,0,0,0,
09:07:37.241,,,16.848488739606353,,0,-0.57325,,0.5241084517705331,0,0,284.204318,0,1130,1.1,1,0.016578910065952277,0.01658,16.868238,0.01658,1.906574657584512,1.9067,1705.2352038200002,1.9067,2.050415985432191,,44,0,0,0,
09:07:37.566,,,16.848488739606353,,0,-0.57325,,0.5241084517705331,0,0,284.204318,0,1130,1.1,1,0.016578910065952277,0.01658,16.868238,0.01658,1.906574657584512,1.9067,1705.2352038200002,1.9067,2.050415985432191,,44,0,0,0,
09:07:37.784,,,16.848488739606353,,0,-0.46325000000000005,,0.5241084517705331,0,0,284.204318,0,1130,1.1,1,0.016578910065952277,0.01658,16.868238,0.01658,1.906574657584512,1.9067,1705.2352038200002,1.9067,2.050415985432191,,55,0,0,0,
09:07:38.223,,,16.848488739606353,,0,-0.46325000000000005,,0.5241084517705331,0,0,284.204318,0,1130,1.1,1,0.016578910065952277,0.01658,16.868238,0.01658,1.906574657584512,1.9067,1705.2352038200002,1.9067,2.050415985432191,,55,0,0,0,
09:07:38.454,,,16.848281984498275,,0,-0.46325000000000005,,0.6139721796736665,0,0,284.204318,0,1059,1.1,1,0.016785786729839394,0.016787,16.868445,0.016787,1.9303654739315304,1.930505,1705.2590088200002,1.930505,2.401980673199879,,55,0,0,0,
09:07:38.709,,,16.848281984498275,,0.00970543198629342,-0.46325000000000005,1.6287382932098193,0.6139721796736665,0.00031766455555555555,0.000318,284.204636,0.000318,1059,1.1,1,0.016785786729839394,0.016787,16.868445,0.016787,1.9303654739315304,1.930505,1705.2590088200002,1.930505,2.401980673199879,,55,0,0.006049392619776766,1,
09:07:38.904,,,16.848281984498275,,0.00970543198629342,-0.43325,1.6287382932098193,0.6139721796736665,0.00031766455555555555,0.000318,284.204636,0.000318,1059,1.1,1,0.016785786729839394,0.016787,16.868445,0.016787,1.9303654739315304,1.930505,1705.2590088200002,1.930505,2.401980673199879,,58,0,0.006049392619776766,1,
09:07:39.392,,,16.848281984498275,,0.00970543198629342,-0.43325,1.6287382932098193,0.6139721796736665,0.00031766455555555555,0.000318,284.204636,0.000318,1059,1.1,1,0.016785786729839394,0.016787,16.868445,0.016787,1.9303654739315304,1.930505,1705.2590088200002,1.930505,2.401980673199879,,58,0,0.006049392619776766,1,
09:07:39.593,0.018686473359441454,0.018704782071642844,16.848087094534307,0.018704782071642844,0.00970543198629342,-0.43325,1.6287382932098193,0.6761968818217247,0.00031766455555555555,0.000318,284.204636,0.000318,1106,1.1,1,0.01699970612138291,0.017001,16.868659,0.017001,1.9549662039590348,1.955115,1705.2836188200001,1.955115,2.645416022395498,,58,0,0.006049392619776766,1,
09:07:39.857,0.018686473359441454,0.018704782071642844,16.848087094534307,0.018704782071642844,0.03852979739115901,-0.43325,4.43657769009194,0.6761968818217247,0.0012733776388888889,0.001274,284.205592,0.001274,1106,1.1,1,0.01699970612138291,0.017001,16.868659,0.017001,1.9549662039590348,1.955115,1705.2836188200001,1.955115,2.645416022395498,,58,0,0.018167236848683703,3,
09:07:40.059,0.018686473359441454,0.018704782071642844,16.848087094534307,0.018704782071642844,0.03852979739115901,-0.46325000000000005,4.43657769009194,0.6761968818217247,0.0012733776388888889,0.001274,284.205592,0.001274,1106,1.1,1,0.01699970612138291,0.017001,16.868659,0.017001,1.9549662039590348,1.955115,1705.2836188200001,1.955115,2.645416022395498,,55,0,0.018167236848683703,3,
09:07:40.498,0.018686473359441454,0.018704782071642844,16.848087094534307,0.018704782071642844,0.03852979739115901,-0.46325000000000005,4.43657769009194,0.6761968818217247,0.0012733776388888889,0.001274,284.205592,0.001274,1106,1.1,1,0.01699970612138291,0.017001,16.868659,0.017001,1.9549662039590348,1.955115,1705.2836188200001,1.955115,2.645416022395498,,55,0,0.018167236848683703,3,
09:07:40.726,0.07397820457007799,0.07400952712908097,16.847931029413232,0.07400952712908097,0.03852979739115901,-0.46325000000000005,4.43657769009194,0.6771666721990958,0.0012733776388888889,0.001274,284.205592,0.001274,1168,1.2,1,0.017212875688036536,0.017214,16.868872,0.017214,1.9794807041242017,1.97961,1705.3081138200002,1.97961,2.6492100342752196,,55,0,0.018167236848683703,3,
09:07:40.957,0.07397820457007799,0.07400952712908097,16.847931029413232,0.07400952712908097,0.0840519526733315,-0.46325000000000005,7.383706560398967,0.6771666721990958,0.00280357,0.002804,284.207122,0.002804,1168,1.2,1,0.017212875688036536,0.017214,16.868872,0.017214,1.9794807041242017,1.97961,1705.3081138200002,1.97961,2.6492100342752196,,55,0,0.03053881445915968,5,
09:07:41.189,0.07397820457007799,0.07400952712908097,16.847931029413232,0.07400952712908097,0.0840519526733315,-0.52325,7.383706560398967,0.6771666721990958,0.00280357,0.002804,284.207122,0.002804,1168,1.2,1,0.017212875688036536,0.017214,16.868872,0.017214,1.9794807041242017,1.97961,1705.3081138200002,1.97961,2.6492100342752196,,49,0,0.03053881445915968,5,
09:07:41.640,0.07397820457007799,0.07400952712908097,16.847931029413232,0.07400952712908097,0.0840519526733315,-0.52325,7.383706560398967,0.6771666721990958,0.00280357,0.002804,284.207122,0.002804,1168,1.2,1,0.017212875688036536,0.017214,16.868872,0.017214,1.9794807041242017,1.97961,1705.3081138200002,1.97961,2.6492100342752196,,49,0,0.03053881445915968,5,
09:07:41.877,0.1611739762547675,0.16118647965049437,16.847839955933512,0.16118647965049437,0.0840519526733315,-0.52325,7.383706560398967,0.5681706667423919,0.00280357,0.002804,284.207122,0.002804,1100,1.1,1,0.017394681605226395,0.017396,16.869054000000002,0.017396,2.0003883846010355,2.00054,1705.3290438200002,2.00054,2.2227960904021535,,49,0,0.03053881445915968,5,
09:07:42.095,0.1611739762547675,0.16118647965049437,16.847839955933512,0.16118647965049437,0.13013830285025899,-0.52325,8.800172716883669,0.5681706667423919,0.004381869027777778,0.004382,284.2087,0.004382,1100,1.1,1,0.017394681605226395,0.017396,16.869054000000002,0.017396,2.0003883846010355,2.00054,1705.3290438200002,2.00054,2.2227960904021535,,49,0,0.03127596897704861,5,
09:07:42.325,0.1611739762547675,0.16118647965049437,16.847839955933512,0.16118647965049437,0.13013830285025899,-0.52325,8.800172716883669,0.5681706667423919,0.004381869027777778,0.004382,284.2087,0.004382,1100,1.1,1,0.017394681605226395,0.017396,16.869054000000002,0.017396,2.0003883846010355,2.00054,1705.3290438200002,2.00054,2.2227960904021535,,49,0,0.03127596897704861,5,
09:07:42.810,0.1611739762547675,0.16118647965049437,16.847839955933512,0.16118647965049437,0.13013830285025899,-0.52325,8.800172716883669,0.5681706667423919,0.004381869027777778,0.004382,284.2087,0.004382,1100,1.1,1,0.017394681605226395,0.017396,16.869054000000002,0.017396,2.0003883846010355,2.00054,1705.3290438200002,2.00054,2.2227960904021535,,49,0,0.03127596897704861,5,
09:07:43.024,0.24934518392584237,0.24933143669985772,16.847754726015108,0.24933143669985772,0.13013830285025899,-0.52325,8.800172716883669,0.5624889600749682,0.004381869027777778,0.004382,284.2087,0.004382,1089,1.1,1,0.017573505767334123,0.017575,16.869233,0.017575,2.020953163243424,2.021125,1705.3496288200001,2.021125,2.2005681294981327,,49,0,0.03127596897704861,5,
09:07:43.261,0.24934518392584237,0.24933143669985772,16.847754726015108,0.24933143669985772,0.17658127557120307,-0.52325,8.889063350387541,0.5624889600749682,0.006002892500000001,0.006003,284.210321,0.006003,1089,1.1,1,0.017573505767334123,0.017575,16.869233,0.017575,2.020953163243424,2.021125,1705.3496288200001,2.021125,2.2005681294981327,,49,0,0.02488892837512876,5,
09:07:43.491,0.24934518392584237,0.24933143669985772,16.847754726015108,0.24933143669985772,0.17658127557120307,-0.52325,8.889063350387541,0.5624889600749682,0.006002892500000001,0.006003,284.210321,0.006003,1089,1.1,1,0.017573505767334123,0.017575,16.869233,0.017575,2.020953163243424,2.021125,1705.3496288200001,2.021125,2.2005681294981327,,49,0,0.02488892837512876,5,
09:07:43.982,0.24934518392584237,0.24933143669985772,16.847754726015108,0.24933143669985772,0.17658127557120307,-0.52325,8.889063350387541,0.5624889600749682,0.006002892500000001,0.006003,284.210321,0.006003,1089,1.1,1,0.017573505767334123,0.017575,16.869233,0.017575,2.020953163243424,2.021125,1705.3496288200001,2.021125,2.2005681294981327,,49,0,0.02488892837512876,5,
09:07:44.169,0.3381645512091255,0.33814003267053455,16.847673045609003,0.33814003267053455,0.17658127557120307,-0.52325,8.889063350387541,0.5588733285593346,0.006002892500000001,0.006003,284.210321,0.006003,1082,1.1,1,0.01775139493047493,0.017753,16.869411,0.017753,2.041410417004617,2.041595,1705.37009882,2.041595,2.1864230634683,,49,0,0.02488892837512876,5,
09:07:44.408,0.3381645512091255,0.33814003267053455,16.847673045609003,0.33814003267053455,0.22131827546974206,-0.52325,8.946571153948277,0.5588733285593346,0.007594165416666667,0.007594,284.211912,0.007594,1082,1.1,1,0.01775139493047493,0.017753,16.869411,0.017753,2.041410417004617,2.041595,1705.37009882,2.041595,2.1864230634683,,49,0,0.01244704913302705,5,
09:07:44.626,0.3381645512091255,0.33814003267053455,16.847673045609003,0.33814003267053455,0.22131827546974206,-0.52325,8.946571153948277,0.5588733285593346,0.007594165416666667,0.007594,284.211912,0.007594,1082,1.1,1,0.01775139493047493,0.017753,16.869411,0.017753,2.041410417004617,2.041595,1705.37009882,2.041595,2.1864230634683,,49,0,0.01244704913302705,5,
09:07:45.074,0.3381645512091255,0.33814003267053455,16.847673045609003,0.33814003267053455,0.22131827546974206,-0.52325,8.946571153948277,0.5588733285593346,0.007594165416666667,0.007594,284.211912,0.007594,1082,1.1,1,0.01775139493047493,0.017753,16.869411,0.017753,2.041410417004617,2.041595,1705.37009882,2.041595,2.1864230634683,,49,0,0.01244704913302705,5,
09:07:45.309,0.4235834128756269,0.4235359732292247,16.847590587274567,0.4235359732292247,0.22131827546974206,-0.52325,8.946571153948277,0.5588733285593346,0.007594165416666667,0.007594,284.211912,0.007594,1082,1.1,1,0.017928382429121405,0.01793,16.869588,0.01793,2.0617639793489615,2.0619500000000004,1705.3904538200002,2.0619500000000004,2.1864230634683,,49,0,0.01244704913302705,5,
09:07:45.534,0.4235834128756269,0.4235359732292247,16.847590587274567,0.4235359732292247,0.2736461872576501,-0.52325,10.73588538473793,0.5588733285593346,0.009475513916666668,0.009475,284.213793,0.009475,1082,1.1,1,0.017928382429121405,0.01793,16.869588,0.01793,2.0617639793489615,2.0619500000000004,1705.3904538200002,2.0619500000000004,2.1864230634683,,49,0,0.006189742825136396,6,
09:07:45.777,0.4235834128756269,0.4235359732292247,16.847590587274567,0.4235359732292247,0.2736461872576501,-0.53325,10.73588538473793,0.5588733285593346,0.009475513916666668,0.009475,284.213793,0.009475,1082,1.1,1,0.017928382429121405,0.01793,16.869588,0.01793,2.0617639793489615,2.0619500000000004,1705.3904538200002,2.0619500000000004,2.1864230634683,,48,0,0.006189742825136396,6,
09:07:46.327,0.4235834128756269,0.4235359732292247,16.847590587274567,0.4235359732292247,0.2736461872576501,-0.53325,10.73588538473793,0.5588733285593346,0.009475513916666668,0.009475,284.213793,0.009475,1082,1.1,1,0.017928382429121405,0.01793,16.869588,0.01793,2.0617639793489615,2.0619500000000004,1705.3904538200002,2.0619500000000004,2.1864230634683,,48,0,0.006189742825136396,6,
09:07:46.537,0.5231394048040711,0.5230760737551066,16.847518330419643,0.5230760737551066,0.2736461872576501,-0.53325,10.73588538473793,0.5403840641907602,0.009475513916666668,0.009475,284.213793,0.009475,1068,1.1,1,0.018112789496741288,0.018114,16.869772,0.018114,2.082970792125248,2.08311,1705.4116138200002,2.08311,2.114089402196215,,48,0,0.006189742825136396,6,
09:07:46.765,0.5231394048040711,0.5230760737551066,16.847518330419643,0.5230760737551066,0.3296107534398356,-0.53325,11.10321417228534,0.5403840641907602,0.011526038083333334,0.011526,284.215844,0.011526,1068,1.1,1,0.018112789496741288,0.018114,16.869772,0.018114,2.082970792125248,2.08311,1705.4116138200002,2.08311,2.114089402196215,,48,0,0.006065329521811244,6,
09:07:46.992,0.5231394048040711,0.5230760737551066,16.847518330419643,0.5230760737551066,0.3296107534398356,-0.53325,11.10321417228534,0.5403840641907602,0.011526038083333334,0.011526,284.215844,0.011526,1068,1.1,1,0.018112789496741288,0.018114,16.869772,0.018114,2.082970792125248,2.08311,1705.4116138200002,2.08311,2.114089402196215,,48,0,0.006065329521811244,6,
09:07:47.463,0.5231394048040711,0.5230760737551066,16.847518330419643,0.5230760737551066,0.3296107534398356,-0.53325,11.10321417228534,0.5403840641907602,0.011526038083333334,0.011526,284.215844,0.011526,1068,1.1,1,0.018112789496741288,0.018114,16.869772,0.018114,2.082970792125248,2.08311,1705.4116138200002,2.08311,2.114089402196215,,48,0,0.006065329521811244,6,
09:07:47.708,0.6302674163766309,0.6302148832631637,16.847465140228362,0.6302148832631637,0.3296107534398356,-0.53325,11.10321417228534,0.5373481986615988,0.011526038083333334,0.011526,284.215844,0.011526,1062,1.1,1,0.01828753602652637,0.018289,16.869947,0.018289,2.103066643050533,2.1032349999999997,1705.4317388200002,2.1032349999999997,2.1022124954423043,,48,0,0.006065329521811244,6,
09:07:47.924,0.6302674163766309,0.6302148832631637,16.847465140228362,0.6302148832631637,0.3722229647340066,-0.53325,9.304953496547975,0.5373481986615988,0.013135980444444445,0.013136,284.217454,0.013136,1062,1.1,1,0.01828753602652637,0.018289,16.869947,0.018289,2.103066643050533,2.1032349999999997,1705.4317388200002,2.1032349999999997,2.1022124954423043,,48,0,0.006065329521811244,5,
09:07:48.156,0.6302674163766309,0.6302148832631637,16.847465140228362,0.6302148832631637,0.3722229647340066,-0.52325,9.304953496547975,0.5373481986615988,0.013135980444444445,0.013136,284.217454,0.013136,1062,1.1,1,0.01828753602652637,0.018289,16.869947,0.018289,2.103066643050533,2.1032349999999997,1705.4317388200002,2.1032349999999997,2.1022124954423043,,49,0,0.006065329521811244,5,
09:07:48.596,0.6302674163766309,0.6302148832631637,16.847465140228362,0.6302148832631637,0.3722229647340066,-0.52325,9.304953496547975,0.5373481986615988,0.013135980444444445,0.013136,284.217454,0.013136,1062,1.1,1,0.01828753602652637,0.018289,16.869947,0.018289,2.103066643050533,2.1032349999999997,1705.4317388200002,2.1032349999999997,2.1022124954423043,,49,0,0.006065329521811244,5,
09:07:48.838,0.7116181417126175,0.7115540869942041,16.847388806208183,0.7115540869942041,0.3722229647340066,-0.52325,9.304953496547975,0.5469933964365391,0.013135980444444445,0.013136,284.217454,0.013136,1059,1.1,1,0.0184593107938911,0.018461,16.870119,0.018461,2.122820741297476,2.123015,1705.45151882,2.123015,2.13994641794171,,49,0,0.006065329521811244,5,
09:07:49.123,0.7116181417126175,0.7115540869942041,16.847388806208183,0.7115540869942041,0.41580241826837955,-0.52325,9.140878176177559,0.5469933964365391,0.0148134235,0.014813,284.219131,0.014813,1059,1.1,1,0.0184593107938911,0.018461,16.870119,0.018461,2.122820741297476,2.123015,1705.45151882,2.123015,2.13994641794171,,49,0,0,5,
09:07:49.391,0.7116181417126175,0.7115540869942041,16.847388806208183,0.7115540869942041,0.41580241826837955,-0.52325,9.140878176177559,0.5469933964365391,0.0148134235,0.014813,284.219131,0.014813,1059,1.1,1,0.0184593107938911,0.018461,16.870119,0.018461,2.122820741297476,2.123015,1705.45151882,2.123015,2.13994641794171,,49,0,0,5,
09:07:49.889,0.7116181417126175,0.7115540869942041,16.847388806208183,0.7115540869942041,0.41580241826837955,-0.52325,9.140878176177559,0.5469933964365391,0.0148134235,0.014813,284.219131,0.014813,1059,1.1,1,0.0184593107938911,0.018461,16.870119,0.018461,2.122820741297476,2.123015,1705.45151882,2.123015,2.13994641794171,,49,0,0,5,
09:07:50.214,0.79358085590468,0.7934968930790657,16.847281492959887,0.7934968930790657,0.41580241826837955,-0.52325,9.140878176177559,0.5423447273450107,0.0148134235,0.014813,284.219131,0.014813,1050,1,1,0.018666558536259974,0.018668,16.870326000000002,0.018668,2.146654231669897,2.14682,1705.47532382,2.14682,2.1217599044747844,,49,0,0,5,
09:07:50.465,0.79358085590468,0.7934968930790657,16.847281492959887,0.7934968930790657,0.44238096003458277,-0.52325,5.5315371363268735,0.5423447273450107,0.015924093333333333,0.015924,284.220242,0.015924,1050,1,1,0.018666558536259974,0.018668,16.870326000000002,0.018668,2.146654231669897,2.14682,1705.47532382,2.14682,2.1217599044747844,,49,0,-0.017231238588400855,3,
09:07:50.728,0.79358085590468,0.7934968930790657,16.847281492959887,0.7934968930790657,0.44238096003458277,-0.52325,5.5315371363268735,0.5423447273450107,0.015924093333333333,0.015924,284.220242,0.015924,1050,1,1,0.018666558536259974,0.018668,16.870326000000002,0.018668,2.146654231669897,2.14682,1705.47532382,2.14682,2.1217599044747844,,49,0,-0.017231238588400855,3,
09:07:51.141,0.79358085590468,0.7934968930790657,16.847281492959887,0.7934968930790657,0.44238096003458277,-0.52325,5.5315371363268735,0.5423447273450107,0.015924093333333333,0.015924,284.220242,0.015924,1050,1,1,0.018666558536259974,0.018668,16.870326000000002,0.018668,2.146654231669897,2.14682,1705.47532382,2.14682,2.1217599044747844,,49,0,-0.017231238588400855,3,
09:07:51.368,0.8447887791773028,0.8447297225611373,16.84716459947948,0.8447297225611373,0.44238096003458277,-0.52325,5.5315371363268735,0.5717862982580255,0.015924093333333333,0.015924,284.220242,0.015924,1107,1.1,1,0.018849792665145252,0.018851,16.870509000000002,0.018851,2.167726156491704,2.167865,1705.49636882,2.167865,2.2369411564319863,,49,0,-0.017231238588400855,3,
09:07:51.590,0.8447887791773028,0.8447297225611373,16.84716459947948,0.8447297225611373,0.4643795484184923,-0.52325,5.24671544096045,0.5717862982580255,0.016860986583333334,0.016861,284.221179,0.016861,1107,1.1,1,0.018849792665145252,0.018851,16.870509000000002,0.018851,2.167726156491704,2.167865,1705.49636882,2.167865,2.2369411564319863,,49,0,-0.017611440633040553,3,
09:07:51.904,0.8447887791773028,0.8447297225611373,16.84716459947948,0.8447297225611373,0.4643795484184923,-0.51325,5.24671544096045,0.5717862982580255,0.016860986583333334,0.016861,284.221179,0.016861,1107,1.1,1,0.018849792665145252,0.018851,16.870509000000002,0.018851,2.167726156491704,2.167865,1705.49636882,2.167865,2.2369411564319863,,50,0,-0.017611440633040553,3,
09:07:52.420,0.8447887791773028,0.8447297225611373,16.84716459947948,0.8447297225611373,0.4643795484184923,-0.51325,5.24671544096045,0.5717862982580255,0.016860986583333334,0.016861,284.221179,0.016861,1107,1.1,1,0.018849792665145252,0.018851,16.870509000000002,0.018851,2.167726156491704,2.167865,1705.49636882,2.167865,2.2369411564319863,,50,1.5686274509803921,-0.017611440633040553,3,
09:07:52.620,0.8848615979162318,0.8848131821998322,16.84701542566604,0.8848131821998322,0.4643795484184923,-0.51325,5.24671544096045,0.5897801262381602,0.016860986583333334,0.016861,284.221179,0.016861,1119,1.1,1,0.019054942177442684,0.019056,16.870714,0.019056,2.1913183504059086,2.19144,1705.5199438200002,2.19144,2.307336572504648,,50,1.5686274509803921,-0.017611440633040553,3,
09:07:52.862,0.8848615979162318,0.8848131821998322,16.84701542566604,0.8848131821998322,0.4791833955173851,-0.51325,3.391094258731221,0.5897801262381602,0.017567853472222224,0.017568,284.221886,0.017568,1119,1.1,1,0.019054942177442684,0.019056,16.870714,0.019056,2.1913183504059086,2.19144,1705.5199438200002,2.19144,2.307336572504648,,50,1.5686274509803921,-0.017206708661267674,2,
09:07:53.094,0.8848615979162318,0.8848131821998322,16.84701542566604,0.8848131821998322,0.4791833955173851,-0.26325000000000004,3.391094258731221,0.5897801262381602,0.017567853472222224,0.017568,284.221886,0.017568,1119,1.1,1,0.019054942177442684,0.019056,16.870714,0.019056,2.1913183504059086,2.19144,1705.5199438200002,2.19144,2.307336572504648,,75,1.5686274509803921,-0.017206708661267674,2,
09:07:53.546,0.8848615979162318,0.8848131821998322,16.84701542566604,0.8848131821998322,0.4791833955173851,-0.26325000000000004,3.391094258731221,0.5897801262381602,0.017567853472222224,0.017568,284.221886,0.017568,1119,1.1,0,0.019054942177442684,0.019056,16.870714,0.019056,2.1913183504059086,2.19144,1705.5199438200002,2.19144,2.307336572504648,,75,0,-0.017206708661267674,2,
09:07:53.779,0.9219578473987247,0.9219143576826196,16.847057332606077,0.9219143576826196,0.4791833955173851,-0.26325000000000004,3.391094258731221,0,0.017567853472222224,0.017568,284.221886,0.017568,1347,1.3,0,0.019054942177442684,0.019056,16.870714,0.019056,2.1913183504059086,2.19144,1705.5199438200002,2.19144,0,,75,0,-0.017206708661267674,2,
09:07:54.012,0.9219578473987247,0.9219143576826196,16.847057332606077,0.9219143576826196,0.4923019538547061,-0.26325000000000004,3.391094258731221,0,0.01820585052777778,0.018206,284.222524,0.018206,1347,1.3,0,0.019054942177442684,0.019056,16.870714,0.019056,2.1913183504059086,2.19144,1705.5199438200002,2.19144,0,,75,0,-0.017380920158485705,2,
09:07:54.252,0.9219578473987247,0.9219143576826196,16.847057332606077,0.9219143576826196,0.4923019538547061,-0.58325,3.391094258731221,0,0.01820585052777778,0.018206,284.222524,0.018206,1347,1.3,0,0.019054942177442684,0.019056,16.870714,0.019056,2.1913183504059086,2.19144,1705.5199438200002,2.19144,0,,43,0,-0.017380920158485705,2,
09:07:54.717,0.9219578473987247,0.9219143576826196,16.847057332606077,0.9219143576826196,0.4923019538547061,-0.58325,3.391094258731221,0,0.01820585052777778,0.018206,284.222524,0.018206,1347,1.3,1,0.019054942177442684,0.019056,16.870714,0.019056,2.1913183504059086,2.19144,1705.5199438200002,2.19144,0,,43,0,-0.017380920158485705,2,
09:07:54.947,0.9478376285215134,0.947784892498308,16.84694236520269,0.947784892498308,0.4923019538547061,-0.58325,3.391094258731221,0.47049590982151995,0.01820585052777778,0.018206,284.222524,0.018206,1038,1,1,0.01920777354680064,0.019209,16.870867,0.019209,2.2088939578820734,2.209035,1705.5375388200002,2.209035,1.840673111298882,,43,0,-0.017380920158485705,2,
09:07:55.230,0.9478376285215134,0.947784892498308,16.84694236520269,0.947784892498308,0.5059832999236524,-0.58325,4.250833978043909,0.47049590982151995,0.018883153194444446,0.018883,284.223201,0.018883,1038,1,1,0.01920777354680064,0.019209,16.870867,0.019209,2.2088939578820734,2.209035,1705.5375388200002,2.209035,1.840673111298882,,43,0,-0.005945205816184339,2,
09:07:55.480,0.9478376285215134,0.947784892498308,16.84694236520269,0.947784892498308,0.5059832999236524,-0.52325,4.250833978043909,0.47049590982151995,0.018883153194444446,0.018883,284.223201,0.018883,1038,1,1,0.01920777354680064,0.019209,16.870867,0.019209,2.2088939578820734,2.209035,1705.5375388200002,2.209035,1.840673111298882,,49,0,-0.005945205816184339,2,
09:07:56.207,0.9478376285215134,0.947784892498308,16.84694236520269,0.947784892498308,0.5059832999236524,-0.52325,4.250833978043909,0.47049590982151995,0.018883153194444446,0.018883,284.223201,0.018883,1038,1,1,0.01920777354680064,0.019209,16.870867,0.019209,2.2088939578820734,2.209035,1705.5375388200002,2.209035,1.840673111298882,,49,0,-0.005945205816184339,2,
09:07:56.388,0.9724346240821694,0.9723480947476828,16.846771794902494,0.9723480947476828,0.5059832999236524,-0.52325,4.250833978043909,0.5263326449186341,0.018883153194444446,0.018883,284.223201,0.018883,1019,1,1,0.019418429503440682,0.01942,16.871078,0.01942,2.2331193928956785,2.2333,1705.5618038200003,2.2333,2.0591174691998133,,49,0,-0.005945205816184339,2,
09:07:56.646,0.9724346240821694,0.9723480947476828,16.846771794902494,0.9723480947476828,0.5215601323494681,-0.52325,3.7998783075847036,0.5263326449186341,0.019669553750000002,0.019669,284.223987,0.019669,1019,1,1,0.019418429503440682,0.01942,16.871078,0.01942,2.2331193928956785,2.2333,1705.5618038200003,2.2333,2.0591174691998133,,49,0,-0.005601914149167516,2,
09:07:56.910,0.9724346240821694,0.9723480947476828,16.846771794902494,0.9723480947476828,0.5215601323494681,-0.48325,3.7998783075847036,0.5263326449186341,0.019669553750000002,0.019669,284.223987,0.019669,1019,1,1,0.019418429503440682,0.01942,16.871078,0.01942,2.2331193928956785,2.2333,1705.5618038200003,2.2333,2.0591174691998133,,53,0,-0.005601914149167516,2,
09:07:57.370,0.9724346240821694,0.9723480947476828,16.846771794902494,0.9723480947476828,0.5215601323494681,-0.48325,3.7998783075847036,0.5263326449186341,0.019669553750000002,0.019669,284.223987,0.019669,1019,1,1,0.019418429503440682,0.01942,16.871078,0.01942,2.2331193928956785,2.2333,1705.5618038200003,2.2333,2.0591174691998133,,53,0,-0.005601914149167516,2,
09:07:57.646,1.0018161514334485,1.0017316017316016,16.846603695401416,1.0017316017316016,0.5215601323494681,-0.48325,3.7998783075847036,0.6173453635949571,0.019669553750000002,0.019669,284.223987,0.019669,1105,1.1,1,0.019633895622321346,0.019635,16.871293,0.019635,2.2578979965669546,2.258025,1705.5865288200002,2.258025,2.41517723625978,,53,0,-0.005601914149167516,2,
09:07:57.906,1.0018161514334485,1.0017316017316016,16.846603695401416,1.0017316017316016,0.5351305742491513,-0.48325,3.2396776876293325,0.6173453635949571,0.020368293083333336,0.020368,284.224686,0.020368,1105,1.1,1,0.019633895622321346,0.019635,16.871293,0.019635,2.2578979965669546,2.258025,1705.5865288200002,2.258025,2.41517723625978,,53,0,0,2,
09:07:58.168,1.0018161514334485,1.0017316017316016,16.846603695401416,1.0017316017316016,0.5351305742491513,-0.49325,3.2396776876293325,0.6173453635949571,0.020368293083333336,0.020368,284.224686,0.020368,1105,1.1,1,0.019633895622321346,0.019635,16.871293,0.019635,2.2578979965669546,2.258025,1705.5865288200002,2.258025,2.41517723625978,,52,0,0,2,
09:07:58.607,1.0018161514334485,1.0017316017316016,16.846603695401416,1.0017316017316016,0.5351305742491513,-0.49325,3.2396776876293325,0.6173453635949571,0.020368293083333336,0.020368,284.224686,0.020368,1105,1.1,1,0.019633895622321346,0.019635,16.871293,0.019635,2.2578979965669546,2.258025,1705.5865288200002,2.258025,2.41517723625978,,52,0,0,2,
09:07:58.854,1.026429922679933,1.0263542454018644,16.846435436131564,1.0263542454018644,0.5351305742491513,-0.49325,3.2396776876293325,0.6237860366446715,0.020368293083333336,0.020368,284.224686,0.020368,1138,1.1,1,0.019843822391842614,0.019845,16.871503,0.019845,2.2820395750619005,2.282175,1705.6106788200002,2.282175,2.4403744238522793,,52,0,0,2,
09:07:59.036,1.026429922679933,1.0263542454018644,16.846435436131564,1.0263542454018644,0.5471365622612976,-0.49325,3.2062275884820166,0.6237860366446715,0.020997361638888892,0.020997,284.225315,0.020997,1138,1.1,1,0.019843822391842614,0.019845,16.871503,0.019845,2.2820395750619005,2.282175,1705.6106788200002,2.282175,2.4403744238522793,,52,0,0,2,
09:07:59.278,1.026429922679933,1.0263542454018644,16.846435436131564,1.0263542454018644,0.5471365622612976,-0.53325,3.2062275884820166,0.6237860366446715,0.020997361638888892,0.020997,284.225315,0.020997,1138,1.1,1,0.019843822391842614,0.019845,16.871503,0.019845,2.2820395750619005,2.282175,1705.6106788200002,2.282175,2.4403744238522793,,48,0,0,2,
09:07:59.738,1.026429922679933,1.0263542454018644,16.846435436131564,1.0263542454018644,0.5471365622612976,-0.53325,3.2062275884820166,0.6237860366446715,0.020997361638888892,0.020997,284.225315,0.020997,1138,1.1,1,0.019843822391842614,0.019845,16.871503,0.019845,2.2820395750619005,2.282175,1705.6106788200002,2.282175,2.4403744238522793,,48,0,0,2,
09:07:59.960,1.0491409488412278,1.0490632025980513,16.846302971851102,1.0490632025980513,0.5471365622612976,-0.53325,3.2062275884820166,0.554551436660181,0.020997361638888892,0.020997,284.225315,0.020997,1096,1.1,1,0.020013861495045443,0.020015,16.871673,0.020015,2.301594071930226,2.3017250000000002,1705.6302288200002,2.3017250000000002,2.169514967047802,,48,0,0,2,
09:08:00.187,1.0491409488412278,1.0490632025980513,16.846302971851102,1.0490632025980513,0.550876338841936,-0.53325,1.803259236009845,0.554551436660181,0.02131691891666667,0.021317,284.225635,0.021317,1096,1.1,1,0.020013861495045443,0.020015,16.871673,0.020015,2.301594071930226,2.3017250000000002,1705.6302288200002,2.3017250000000002,2.169514967047802,,48,0,-0.005713748583587375,1,
09:08:00.403,1.0491409488412278,1.0490632025980513,16.846302971851102,1.0490632025980513,0.550876338841936,-0.53325,1.803259236009845,0.554551436660181,0.02131691891666667,0.021317,284.225635,0.021317,1096,1.1,1,0.020013861495045443,0.020015,16.871673,0.020015,2.301594071930226,2.3017250000000002,1705.6302288200002,2.3017250000000002,2.169514967047802,,48,0,-0.005713748583587375,1,
09:08:00.864,1.0491409488412278,1.0490632025980513,16.846302971851102,1.0490632025980513,0.550876338841936,-0.53325,1.803259236009845,0.554551436660181,0.02131691891666667,0.021317,284.225635,0.021317,1096,1.1,1,0.020013861495045443,0.020015,16.871673,0.020015,2.301594071930226,2.3017250000000002,1705.6302288200002,2.3017250000000002,2.169514967047802,,48,0,-0.005713748583587375,1,
09:08:01.158,1.0556359612713508,1.0555583065115124,16.846142210935575,1.0555583065115124,0.550876338841936,-0.53325,1.803259236009845,0.5403840641907602,0.02131691891666667,0.021317,284.225635,0.021317,1068,1.1,1,0.020193437604184804,0.020195,16.871853,0.020195,2.3222453244812526,2.322425,1705.6509288200002,2.322425,2.114089402196215,,48,0,-0.005713748583587375,1,
09:08:01.424,1.0556359612713508,1.0555583065115124,16.846142210935575,1.0555583065115124,0.5460200370332962,-0.53325,1.803259236009845,0.5403840641907602,0.02131691891666667,0.021317,284.225635,0.021317,1068,1.1,1,0.020193437604184804,0.020195,16.871853,0.020195,2.3222453244812526,2.322425,1705.6509288200002,2.322425,2.114089402196215,,48,0,-0.011857877263773756,0,
09:08:01.654,1.0556359612713508,1.0555583065115124,16.846142210935575,1.0555583065115124,0.5460200370332962,-0.51325,1.803259236009845,0.5403840641907602,0.02131691891666667,0.021317,284.225635,0.021317,1068,1.1,1,0.020193437604184804,0.020195,16.871853,0.020195,2.3222453244812526,2.322425,1705.6509288200002,2.322425,2.114089402196215,,50,0,-0.011857877263773756,0,
09:08:02.094,1.0556359612713508,1.0555583065115124,16.846142210935575,1.0555583065115124,0.5460200370332962,-0.51325,1.803259236009845,0.5403840641907602,0.02131691891666667,0.021317,284.225635,0.021317,1068,1.1,1,0.020193437604184804,0.020195,16.871853,0.020195,2.3222453244812526,2.322425,1705.6509288200002,2.322425,2.114089402196215,,50,0,-0.011857877263773756,0,
09:08:02.330,1.0447943869216003,1.0446949277137958,16.845932533561545,1.0446949277137958,0.5460200370332962,-0.51325,1.803259236009845,0.6435402449837296,0.02131691891666667,0.021317,284.225635,0.021317,1221,1.2,1,0.020402979938928652,0.020405,16.872063,0.020405,2.346342692976795,2.346575,1705.6750788200002,2.346575,2.5176567962718273,,50,0,-0.011857877263773756,0,
09:08:02.548,1.0447943869216003,1.0446949277137958,16.845932533561545,1.0446949277137958,0.5575163538688778,-0.51325,3.1078087432598176,0.6435402449837296,0.021939210138888894,0.021939,284.226257,0.021939,1221,1.2,1,0.020402979938928652,0.020405,16.872063,0.020405,2.346342692976795,2.346575,1705.6750788200002,2.346575,2.5176567962718273,,50,0,-0.011857877263773756,2,
09:08:02.777,1.0447943869216003,1.0446949277137958,16.845932533561545,1.0446949277137958,0.5575163538688778,-0.59325,3.1078087432598176,0.6435402449837296,0.021939210138888894,0.021939,284.226257,0.021939,1221,1.2,1,0.020402979938928652,0.020405,16.872063,0.020405,2.346342692976795,2.346575,1705.6750788200002,2.346575,2.5176567962718273,,42,0,-0.011857877263773756,2,
09:08:03.228,1.0447943869216003,1.0446949277137958,16.845932533561545,1.0446949277137958,0.5575163538688778,-0.59325,3.1078087432598176,0.6435402449837296,0.021939210138888894,0.021939,284.226257,0.021939,1221,1.2,1,0.020402979938928652,0.020405,16.872063,0.020405,2.346342692976795,2.346575,1705.6750788200002,2.346575,2.5176567962718273,,42,0,-0.011857877263773756,2,
09:08:03.466,1.066654232625385,1.0665532328633933,16.845804656030015,1.0665532328633933,0.5575163538688778,-0.59325,3.1078087432598176,0.523750050978896,0.021939210138888894,0.021939,284.226257,0.021939,1183,1.2,1,0.02056824926751504,0.02057,16.872228,0.02057,2.36534866576423,2.3655500000000003,1705.6940538200001,2.3655500000000003,2.049013850607077,,42,0,-0.011857877263773756,2,
09:08:03.683,1.066654232625385,1.0665532328633933,16.845804656030015,1.0665532328633933,0.5928486614528006,-0.59325,9.546538450268274,0.523750050978896,0.02351663041666667,0.023516,284.227834,0.023516,1183,1.2,1,0.02056824926751504,0.02057,16.872228,0.02057,2.36534866576423,2.3655500000000003,1705.6940538200001,2.3655500000000003,2.049013850607077,,42,0,-0.011857877263773756,5,
09:08:03.892,1.066654232625385,1.0665532328633933,16.845804656030015,1.0665532328633933,0.5928486614528006,-0.57325,9.546538450268274,0.523750050978896,0.02351663041666667,0.023516,284.227834,0.023516,1183,1.2,1,0.02056824926751504,0.02057,16.872228,0.02057,2.36534866576423,2.3655500000000003,1705.6940538200001,2.3655500000000003,2.049013850607077,,44,0,-0.011857877263773756,5,
09:08:04.364,1.066654232625385,1.0665532328633933,16.845804656030015,1.0665532328633933,0.5928486614528006,-0.57325,9.546538450268274,0.523750050978896,0.02351663041666667,0.023516,284.227834,0.023516,1183,1.2,1,0.02056824926751504,0.02057,16.872228,0.02057,2.36534866576423,2.3655500000000003,1705.6940538200001,2.3655500000000003,2.049013850607077,,44,0,-0.011857877263773756,5,
09:08:04.589,1.136009593296722,1.135874027918659,16.845765331834706,1.135874027918659,0.5928486614528006,-0.57325,9.546538450268274,0.4259656655805819,0.02351663041666667,0.023516,284.227834,0.023516,984,1,1,0.020701084353012326,0.020703,16.872361,0.020703,2.3806247005964174,2.380845,1705.70934882,2.380845,1.6664619832043577,,44,0,-0.011857877263773756,5,
09:08:04.816,1.136009593296722,1.135874027918659,16.845765331834706,1.135874027918659,0.6354107467552528,-0.57325,14.085642305987573,0.4259656655805819,0.02540492141666667,0.025404,284.229722,0.025404,984,1,1,0.020701084353012326,0.020703,16.872361,0.020703,2.3806247005964174,2.380845,1705.70934882,2.380845,1.6664619832043577,,44,0,-0.011857877263773756,6,
09:08:05.057,1.136009593296722,1.135874027918659,16.845765331834706,1.135874027918659,0.6354107467552528,-0.44325000000000003,14.085642305987573,0.4259656655805819,0.02540492141666667,0.025404,284.229722,0.025404,984,1,1,0.020701084353012326,0.020703,16.872361,0.020703,2.3806247005964174,2.380845,1705.70934882,2.380845,1.6664619832043577,,57,0,-0.011857877263773756,6,
09:08:05.498,1.136009593296722,1.135874027918659,16.845765331834706,1.135874027918659,0.6354107467552528,-0.44325000000000003,14.085642305987573,0.4259656655805819,0.02540492141666667,0.025404,284.229722,0.025404,984,1,1,0.020701084353012326,0.020703,16.872361,0.020703,2.3806247005964174,2.380845,1705.70934882,2.380845,1.6664619832043577,,57,0,-0.011857877263773756,6,
09:08:05.713,1.2182373377884332,1.218066743383199,16.845724472357826,1.218066743383199,0.6354107467552528,-0.44325000000000003,14.085642305987573,0.48901047306950385,0.02540492141666667,0.025404,284.229722,0.025404,872,0.9,1,0.02085383580738571,0.020856,16.872514,0.020856,2.3981911178493567,2.39844,1705.72694382,2.39844,1.9131057467939157,,57,0,-0.011857877263773756,6,
09:08:05.941,1.2182373377884332,1.218066743383199,16.845724472357826,1.218066743383199,0.6925653786637225,-0.44325000000000003,16.35956782230909,0.48901047306950385,0.027906647638888893,0.027906,284.232224,0.027906,872,0.9,1,0.02085383580738571,0.020856,16.872514,0.020856,2.3981911178493567,2.39844,1705.72694382,2.39844,1.9131057467939157,,57,0,0.050159543523532836,8,
09:08:06.158,1.2182373377884332,1.218066743383199,16.845724472357826,1.218066743383199,0.6925653786637225,-0.36325,16.35956782230909,0.48901047306950385,0.027906647638888893,0.027906,284.232224,0.027906,872,0.9,1,0.02085383580738571,0.020856,16.872514,0.020856,2.3981911178493567,2.39844,1705.72694382,2.39844,1.9131057467939157,,65,0,0.050159543523532836,8,
09:08:06.646,1.2182373377884332,1.218066743383199,16.845724472357826,1.218066743383199,0.6925653786637225,-0.36325,16.35956782230909,0.48901047306950385,0.027906647638888893,0.027906,284.232224,0.027906,872,0.9,1,0.02085383580738571,0.020856,16.872514,0.020856,2.3981911178493567,2.39844,1705.72694382,2.39844,1.9131057467939157,,65,0,0.050159543523532836,8,
09:08:06.860,1.3229614027296643,1.3228100113765644,16.84563314323198,1.3228100113765644,0.6925653786637225,-0.36325,16.35956782230909,0.7543809603973893,0.027906647638888893,0.027906,284.232224,0.027906,1101,1.1,1,0.021094075444158197,0.021096,16.872754,0.021096,2.4258186760781926,2.42604,1705.7545438200002,2.42604,2.951287610568278,,65,0,0.050159543523532836,8,
09:08:07.080,1.3229614027296643,1.3228100113765644,16.84563314323198,1.3228100113765644,0.7727692733471613,-0.36325,14.581492080878432,0.7543809603973893,0.03138262533333334,0.031382,284.2357,0.031382,1101,1.1,1,0.021094075444158197,0.021096,16.872754,0.021096,2.4258186760781926,2.42604,1705.7545438200002,2.42604,2.951287610568278,,65,0,0.056252666841418136,11,
09:08:07.306,1.3229614027296643,1.3228100113765644,16.84563314323198,1.3228100113765644,0.7727692733471613,-0.5032500000000001,14.581492080878432,0.7543809603973893,0.03138262533333334,0.031382,284.2357,0.031382,1101,1.1,1,0.021094075444158197,0.021096,16.872754,0.021096,2.4258186760781926,2.42604,1705.7545438200002,2.42604,2.951287610568278,,51,0,0.056252666841418136,11,
09:08:07.761,1.3229614027296643,1.3228100113765644,16.84563314323198,1.3228100113765644,0.7727692733471613,-0.5032500000000001,14.581492080878432,0.7543809603973893,0.03138262533333334,0.031382,284.2357,0.031382,1101,1.1,1,0.021094075444158197,0.021096,16.872754,0.021096,2.4258186760781926,2.42604,1705.7545438200002,2.42604,2.951287610568278,,51,0.7843137254901961,0.056252666841418136,11,
09:08:08.009,1.4730415526231946,1.472849298352654,16.845628495051105,1.472849298352654,0.7727692733471613,-0.5032500000000001,14.581492080878432,0.6596366570081383,0.03138262533333334,0.031382,284.2357,0.031382,1227,1.2,1,0.02130464363170687,0.021307,16.872965,0.021307,2.45003401764629,2.4503049999999997,1705.7788088200002,2.4503049999999997,2.5806291456232944,,51,0.7843137254901961,0.056252666841418136,11,
09:08:08.228,1.4730415526231946,1.472849298352654,16.845628495051105,1.472849298352654,0.8603560733523576,-0.5032500000000001,18.191833144063654,0.6596366570081383,0.03521429466666667,0.035214,284.239532,0.035214,1227,1.2,1,0.02130464363170687,0.021307,16.872965,0.021307,2.45003401764629,2.4503049999999997,1705.7788088200002,2.4503049999999997,2.5806291456232944,,51,0.7843137254901961,0.04362694602976263,12,
09:08:08.466,1.4730415526231946,1.472849298352654,16.845628495051105,1.472849298352654,0.8603560733523576,-0.56325,18.191833144063654,0.6596366570081383,0.03521429466666667,0.035214,284.239532,0.035214,1227,1.2,1,0.02130464363170687,0.021307,16.872965,0.021307,2.45003401764629,2.4503049999999997,1705.7788088200002,2.4503049999999997,2.5806291456232944,,45,0.7843137254901961,0.04362694602976263,12,
09:08:08.917,1.4730415526231946,1.472849298352654,16.845628495051105,1.472849298352654,0.8603560733523576,-0.56325,18.191833144063654,0.6596366570081383,0.03521429466666667,0.035214,284.239532,0.035214,1227,1.2,1,0.02130464363170687,0.021307,16.872965,0.021307,2.45003401764629,2.4503049999999997,1705.7788088200002,2.4503049999999997,2.5806291456232944,,45,1.5686274509803921,0.04362694602976263,12,
09:08:09.130,1.6377663567420881,1.6375558035714288,16.84565892273185,1.6375558035714288,0.8603560733523576,-0.56325,18.191833144063654,0.6318395132567529,0.03521429466666667,0.035214,284.239532,0.035214,1332,1.3,1,0.021501415340290903,0.021504,16.873162,0.021504,2.472662764133454,2.47296,1705.8014638200002,2.47296,2.4718812181577947,,45,1.5686274509803921,0.04362694602976263,12,
09:08:09.360,1.6377663567420881,1.6375558035714288,16.84565892273185,1.6375558035714288,0.9681065318791097,-0.56325,23.740205677679157,0.6318395132567529,0.03992878633333334,0.039928,284.244246,0.039928,1332,1.3,1,0.021501415340290903,0.021504,16.873162,0.021504,2.472662764133454,2.47296,1705.8014638200002,2.47296,2.4718812181577947,,45,1.5686274509803921,0.05610769963772336,15,
09:08:09.584,1.6377663567420881,1.6375558035714288,16.84565892273185,1.6375558035714288,0.9681065318791097,-0.6032500000000001,23.740205677679157,0.6318395132567529,0.03992878633333334,0.039928,284.244246,0.039928,1332,1.3,1,0.021501415340290903,0.021504,16.873162,0.021504,2.472662764133454,2.47296,1705.8014638200002,2.47296,2.4718812181577947,,41,1.5686274509803921,0.05610769963772336,15,
09:08:10.062,1.6377663567420881,1.6375558035714288,16.84565892273185,1.6375558035714288,0.9681065318791097,-0.6032500000000001,23.740205677679157,0.6318395132567529,0.03992878633333334,0.039928,284.244246,0.039928,1332,1.3,1,0.021501415340290903,0.021504,16.873162,0.021504,2.472662764133454,2.47296,1705.8014638200002,2.47296,2.4718812181577947,,41,0,0.05610769963772336,15,
09:08:10.281,1.8442396905176326,1.843993903847042,16.845789543024484,1.843993903847042,0.9681065318791097,-0.6032500000000001,23.740205677679157,0.465467757538846,0.03992878633333334,0.039928,284.244246,0.039928,1077,1.1,1,0.021650540620414865,0.021653,16.873311,0.021653,2.4898121713477095,2.4900949999999997,1705.8185988200003,2.4900949999999997,1.8210019844877159,,41,0,0.05610769963772336,15,
09:08:10.513,1.8442396905176326,1.843993903847042,16.845789543024484,1.843993903847042,1.0764289556830493,-0.6032500000000001,32.22564776411643,0.465467757538846,0.04474185383333334,0.044741,284.249059,0.044741,1077,1.1,1,0.021650540620414865,0.021653,16.873311,0.021653,2.4898121713477095,2.4900949999999997,1705.8185988200003,2.4900949999999997,1.8210019844877159,,41,0,0.0433746132164925,15,
09:08:10.745,1.8442396905176326,1.843993903847042,16.845789543024484,1.843993903847042,1.0764289556830493,-0.54325,32.22564776411643,0.465467757538846,0.04474185383333334,0.044741,284.249059,0.044741,1077,1.1,1,0.021650540620414865,0.021653,16.873311,0.021653,2.4898121713477095,2.4900949999999997,1705.8185988200003,2.4900949999999997,1.8210019844877159,,47,0,0.0433746132164925,15,
09:08:11.195,1.8442396905176326,1.843993903847042,16.845789543024484,1.843993903847042,1.0764289556830493,-0.54325,32.22564776411643,0.465467757538846,0.04474185383333334,0.044741,284.249059,0.044741,1077,1.1,1,0.021650540620414865,0.021653,16.873311,0.021653,2.4898121713477095,2.4900949999999997,1705.8185988200003,2.4900949999999997,1.8210019844877159,,47,0,0.0433746132164925,15,
09:08:11.415,2.0531500275620114,2.052904469119941,16.845934015161806,2.052904469119941,1.0764289556830493,-0.54325,32.22564776411643,0.44853507700061734,0.04474185383333334,0.044741,284.249059,0.044741,970,1,1,0.02179180928461498,0.021794,16.873452,0.021794,2.5060580677307227,2.50631,1705.8348138200001,2.50631,1.7547579872109818,,47,0,0.0433746132164925,15,
09:08:11.654,2.0531500275620114,2.052904469119941,16.845934015161806,2.052904469119941,1.1894001234916907,-0.54325,35.67168058960521,0.44853507700061734,0.04981460494444445,0.049814,284.254132,0.049814,970,1,1,0.02179180928461498,0.021794,16.873452,0.021794,2.5060580677307227,2.50631,1705.8348138200001,2.50631,1.7547579872109818,,47,0,0.03096385709066192,16,
09:08:11.893,2.0531500275620114,2.052904469119941,16.845934015161806,2.052904469119941,1.1894001234916907,-0.52325,35.67168058960521,0.44853507700061734,0.04981460494444445,0.049814,284.254132,0.049814,970,1,1,0.02179180928461498,0.021794,16.873452,0.021794,2.5060580677307227,2.50631,1705.8348138200001,2.50631,1.7547579872109818,,49,0,0.03096385709066192,16,
09:08:12.318,2.0531500275620114,2.052904469119941,16.845934015161806,2.052904469119941,1.1894001234916907,-0.52325,35.67168058960521,0.44853507700061734,0.04981460494444445,0.049814,284.254132,0.049814,970,1,1,0.02179180928461498,0.021794,16.873452,0.021794,2.5060580677307227,2.50631,1705.8348138200001,2.50631,1.7547579872109818,,49,0,0.03096385709066192,16,
09:08:12.531,2.2682178355765283,2.2679839737752685,16.84606494088821,2.2679839737752685,1.1894001234916907,-0.52325,35.67168058960521,0.5490594715883299,0.04981460494444445,0.049814,284.254132,0.049814,1063,1.1,1,0.02196200213361903,0.021964,16.873622,0.021964,2.5256302453661883,2.52586,1705.8543638200001,2.52586,2.1480293128159,,49,0,0.03096385709066192,16,
09:08:12.785,2.2682178355765283,2.2679839737752685,16.84606494088821,2.2679839737752685,1.3069899345252451,-0.52325,30.962037592798588,0.5490594715883299,0.055149686611111116,0.055149,284.259467,0.055149,1063,1.1,1,0.02196200213361903,0.021964,16.873622,0.021964,2.5256302453661883,2.52586,1705.8543638200001,2.52586,2.1480293128159,,49,0,0.03108061306178948,17,
09:08:12.990,2.2682178355765283,2.2679839737752685,16.84606494088821,2.2679839737752685,1.3069899345252451,-0.55325,30.962037592798588,0.5490594715883299,0.055149686611111116,0.055149,284.259467,0.055149,1063,1.1,1,0.02196200213361903,0.021964,16.873622,0.021964,2.5256302453661883,2.52586,1705.8543638200001,2.52586,2.1480293128159,,46,0,0.03108061306178948,17,
09:08:13.468,2.2682178355765283,2.2679839737752685,16.84606494088821,2.2679839737752685,1.3069899345252451,-0.55325,30.962037592798588,0.5490594715883299,0.055149686611111116,0.055149,284.259467,0.055149,1063,1.1,1,0.02196200213361903,0.021964,16.873622,0.021964,2.5256302453661883,2.52586,1705.8543638200001,2.52586,2.1480293128159,,46,0,0.03108061306178948,17,
09:08:13.702,2.4920358334247217,2.4918217964937646,16.846213387745134,2.4918217964937646,1.3069899345252451,-0.55325,30.962037592798588,0.5173831663274598,0.055149686611111116,0.055149,284.259467,0.055149,1067,1.1,1,0.022130374640448387,0.022132,16.87379,0.022132,2.5449930836515646,2.5451799999999998,1705.8736838200002,2.5451799999999998,2.024105337831513,,46,0,0.03108061306178948,17,
09:08:13.934,2.4920358334247217,2.4918217964937646,16.846213387745134,2.4918217964937646,1.4176769340732036,-0.55325,30.924856163320456,0.5173831663274598,0.06027429505555556,0.060274,284.264592,0.060274,1067,1.1,1,0.022130374640448387,0.022132,16.87379,0.022132,2.5449930836515646,2.5451799999999998,1705.8736838200002,2.5451799999999998,2.024105337831513,,46,0,0.03108061306178948,16,
09:08:14.167,2.4920358334247217,2.4918217964937646,16.846213387745134,2.4918217964937646,1.4176769340732036,-0.56325,30.924856163320456,0.5173831663274598,0.06027429505555556,0.060274,284.264592,0.060274,1067,1.1,1,0.022130374640448387,0.022132,16.87379,0.022132,2.5449930836515646,2.5451799999999998,1705.8736838200002,2.5451799999999998,2.024105337831513,,45,0,0.03108061306178948,16,
09:08:14.627,2.4920358334247217,2.4918217964937646,16.846213387745134,2.4918217964937646,1.4176769340732036,-0.56325,30.924856163320456,0.5173831663274598,0.06027429505555556,0.060274,284.264592,0.060274,1067,1.1,1,0.022130374640448387,0.022132,16.87379,0.022132,2.5449930836515646,2.5451799999999998,1705.8736838200002,2.5451799999999998,2.024105337831513,,45,0,0.03108061306178948,16,
09:08:14.861,2.7039297789292136,2.7037186560803845,16.846356374982953,2.7037186560803845,1.4176769340732036,-0.56325,30.924856163320456,0.4999691043337969,0.06027429505555556,0.060274,284.264592,0.060274,1054,1.1,1,0.022291368483476244,0.022293,16.873951,0.022293,2.563507375599768,2.563695,1705.8921988200002,2.563695,1.955978081034771,,45,0,0.03108061306178948,16,
09:08:15.107,2.7039297789292136,2.7037186560803845,16.846356374982953,2.7037186560803845,1.5208819874398447,-0.56325,30.001853854524327,0.4999691043337969,0.06515728255555556,0.065157,284.269475,0.065157,1054,1.1,1,0.022291368483476244,0.022293,16.873951,0.022293,2.563507375599768,2.563695,1705.8921988200002,2.563695,1.955978081034771,,45,0,0.03108061306178948,15,
09:08:15.309,2.7039297789292136,2.7037186560803845,16.846356374982953,2.7037186560803845,1.5208819874398447,-0.57325,30.001853854524327,0.4999691043337969,0.06515728255555556,0.065157,284.269475,0.065157,1054,1.1,1,0.022291368483476244,0.022293,16.873951,0.022293,2.563507375599768,2.563695,1705.8921988200002,2.563695,1.955978081034771,,44,0,0.03108061306178948,15,
09:08:15.764,2.7039297789292136,2.7037186560803845,16.846356374982953,2.7037186560803845,1.5208819874398447,-0.57325,30.001853854524327,0.4999691043337969,0.06515728255555556,0.065157,284.269475,0.065157,1054,1.1,1,0.022291368483476244,0.022293,16.873951,0.022293,2.563507375599768,2.563695,1705.8921988200002,2.563695,1.955978081034771,,44,0,0.03108061306178948,15,
09:08:15.976,2.9034577494751113,2.903221494452614,16.84649599999431,2.903221494452614,1.5208819874398447,-0.57325,30.001853854524327,0.48375673911209366,0.06515728255555556,0.065157,284.269475,0.065157,1043,1,1,0.02244127112486301,0.022443,16.874101,0.022443,2.580746179359246,2.5809450000000003,1705.90944882,2.5809450000000003,1.8925520998281196,,44,0,0.03108061306178948,15,
09:08:16.209,2.9034577494751113,2.903221494452614,16.84649599999431,2.903221494452614,1.602082959905904,-0.57325,26.873010645517244,0.48375673911209366,0.069125053,0.069125,284.273443,0.069125,1043,1,1,0.02244127112486301,0.022443,16.874101,0.022443,2.580746179359246,2.5809450000000003,1705.90944882,2.5809450000000003,1.8925520998281196,,44,0,-0.018655386167597196,13,
09:08:16.439,2.9034577494751113,2.903221494452614,16.84649599999431,2.903221494452614,1.602082959905904,-0.57325,26.873010645517244,0.48375673911209366,0.069125053,0.069125,284.273443,0.069125,1043,1,1,0.02244127112486301,0.022443,16.874101,0.022443,2.580746179359246,2.5809450000000003,1705.90944882,2.5809450000000003,1.8925520998281196,,44,0,-0.018655386167597196,13,
09:08:16.896,2.9034577494751113,2.903221494452614,16.84649599999431,2.903221494452614,1.602082959905904,-0.57325,26.873010645517244,0.48375673911209366,0.069125053,0.069125,284.273443,0.069125,1043,1,1,0.02244127112486301,0.022443,16.874101,0.022443,2.580746179359246,2.5809450000000003,1705.90944882,2.5809450000000003,1.8925520998281196,,44,0,-0.018655386167597196,13,
09:08:17.126,3.059169270561443,3.0588990176121786,16.846576406094588,3.0588990176121786,1.602082959905904,-0.57325,26.873010645517244,0.48468436469044873,0.069125053,0.069125,284.273443,0.069125,1045,1,1,0.02259602097379647,0.022598,16.874256,0.022598,2.598542411986594,2.59877,1705.9272738200002,2.59877,1.896181154669593,,44,0,-0.018655386167597196,13,
09:08:17.354,3.059169270561443,3.0588990176121786,16.846576406094588,3.0588990176121786,1.670943263070272,-0.57325,22.69518226985787,0.48468436469044873,0.07262832902777779,0.072628,284.276946,0.072628,1045,1,1,0.02259602097379647,0.022598,16.874256,0.022598,2.598542411986594,2.59877,1705.9272738200002,2.59877,1.896181154669593,,44,0,-0.03719102364175498,11,
09:08:17.580,3.059169270561443,3.0588990176121786,16.846576406094588,3.0588990176121786,1.670943263070272,-0.57325,22.69518226985787,0.48468436469044873,0.07262832902777779,0.072628,284.276946,0.072628,1045,1,1,0.02259602097379647,0.022598,16.874256,0.022598,2.598542411986594,2.59877,1705.9272738200002,2.59877,1.896181154669593,,44,0,-0.03719102364175498,11,
09:08:18.030,3.059169270561443,3.0588990176121786,16.846576406094588,3.0588990176121786,1.670943263070272,-0.57325,22.69518226985787,0.48468436469044873,0.07262832902777779,0.072628,284.276946,0.072628,1045,1,1,0.02259602097379647,0.022598,16.874256,0.022598,2.598542411986594,2.59877,1705.9272738200002,2.59877,1.896181154669593,,44,0,-0.03719102364175498,11,
09:08:18.251,3.192938781578066,3.192579893621698,16.846633247615753,3.192579893621698,1.670943263070272,-0.57325,22.69518226985787,0.4819014879553839,0.07262832902777779,0.072628,284.276946,0.072628,1039,1,1,0.022746546049305157,0.022749,16.874407,0.022749,2.615852795670093,2.616135,1705.9446388200001,2.616135,1.8852939901451735,,44,0,-0.03719102364175498,11,
09:08:18.469,3.192938781578066,3.192579893621698,16.846633247615753,3.192579893621698,1.7157031259569426,-0.57325,16.600903296527417,0.4819014879553839,0.07510498902777779,0.075105,284.279423,0.075105,1039,1,1,0.022746546049305157,0.022749,16.874407,0.022749,2.615852795670093,2.616135,1705.9446388200001,2.616135,1.8852939901451735,,44,0,-0.049959971561627764,8,
09:08:18.708,3.192938781578066,3.192579893621698,16.846633247615753,3.192579893621698,1.7157031259569426,-0.57325,16.600903296527417,0.4819014879553839,0.07510498902777779,0.075105,284.279423,0.075105,1039,1,1,0.022746546049305157,0.022749,16.874407,0.022749,2.615852795670093,2.616135,1705.9446388200001,2.616135,1.8852939901451735,,44,0,-0.049959971561627764,8,
09:08:19.187,3.192938781578066,3.192579893621698,16.846633247615753,3.192579893621698,1.7157031259569426,-0.57325,16.600903296527417,0.4819014879553839,0.07510498902777779,0.075105,284.279423,0.075105,1039,1,1,0.022746546049305157,0.022749,16.874407,0.022749,2.615852795670093,2.616135,1705.9446388200001,2.616135,1.8852939901451735,,44,0,-0.049959971561627764,8,
09:08:19.390,3.2797606431391864,3.2794079119727537,16.846627289837485,3.2794079119727537,1.7157031259569426,-0.57325,16.600903296527417,0.48375673911209366,0.07510498902777779,0.075105,284.279423,0.075105,1043,1,1,0.022899533593979556,0.022902,16.87456,0.022902,2.633446363307649,2.63373,1705.9622338200002,2.63373,1.8925520998281196,,44,0,-0.049959971561627764,8,
09:08:19.620,3.2797606431391864,3.2794079119727537,16.846627289837485,3.2794079119727537,1.7395084385569868,-0.57325,10.33577332519894,0.48375673911209366,0.07670302833333334,0.076703,284.281021,0.076703,1043,1,1,0.022899533593979556,0.022902,16.87456,0.022902,2.633446363307649,2.63373,1705.9622338200002,2.63373,1.8925520998281196,,44,0,-0.06277128700720837,5,
09:08:19.849,3.2797606431391864,3.2794079119727537,16.846627289837485,3.2794079119727537,1.7395084385569868,-0.57325,10.33577332519894,0.48375673911209366,0.07670302833333334,0.076703,284.281021,0.076703,1043,1,1,0.022899533593979556,0.022902,16.87456,0.022902,2.633446363307649,2.63373,1705.9622338200002,2.63373,1.8925520998281196,,44,0,-0.06277128700720837,5,
09:08:20.303,3.2797606431391864,3.2794079119727537,16.846627289837485,3.2794079119727537,1.7395084385569868,-0.57325,10.33577332519894,0.48375673911209366,0.07670302833333334,0.076703,284.281021,0.076703,1043,1,1,0.022899533593979556,0.022902,16.87456,0.022902,2.633446363307649,2.63373,1705.9622338200002,2.63373,1.8925520998281196,,44,0,-0.06277128700720837,5,
09:08:20.546,3.326797703392029,3.326380155253914,16.84656524906462,3.326380155253914,1.7395084385569868,-0.57325,10.33577332519894,0.4879310542146909,0.07670302833333334,0.076703,284.281021,0.076703,1052,1.1,1,0.02305611436942088,0.023059,16.874717,0.023059,2.651453152483401,2.651785,1705.9802888200002,2.651785,1.9088828466147476,,44,0,-0.06277128700720837,5,
09:08:20.762,3.326797703392029,3.326380155253914,16.84656524906462,3.326380155253914,1.762820247744355,-0.57325,10.24734940891872,0.4879310542146909,0.07829071625,0.078291,284.282609,0.078291,1052,1.1,1,0.02305611436942088,0.023059,16.874717,0.023059,2.651453152483401,2.651785,1705.9802888200002,2.651785,1.9088828466147476,,44,0,-0.049766685121478874,5,
09:08:21.007,3.326797703392029,3.326380155253914,16.84656524906462,3.326380155253914,1.762820247744355,-0.55325,10.24734940891872,0.4879310542146909,0.07829071625,0.078291,284.282609,0.078291,1052,1.1,1,0.02305611436942088,0.023059,16.874717,0.023059,2.651453152483401,2.651785,1705.9802888200002,2.651785,1.9088828466147476,,46,0,-0.049766685121478874,5,
09:08:21.441,3.326797703392029,3.326380155253914,16.84656524906462,3.326380155253914,1.762820247744355,-0.55325,10.24734940891872,0.4879310542146909,0.07829071625,0.078291,284.282609,0.078291,1052,1.1,1,0.02305611436942088,0.023059,16.874717,0.023059,2.651453152483401,2.651785,1705.9802888200002,2.651785,1.9088828466147476,,46,0,-0.049766685121478874,5,
09:08:21.669,3.3723940438320614,3.37199586527694,16.846500620211962,3.37199586527694,1.762820247744355,-0.55325,10.24734940891872,0.5096248433084913,0.07829071625,0.078291,284.282609,0.078291,1051,1.1,1,0.023215174511765545,0.023218,16.874876,0.023218,2.6697450688530378,2.67007,1705.99857382,2.67007,1.993753242793739,,46,0,-0.049766685121478874,5,
09:08:21.902,3.3723940438320614,3.37199586527694,16.846500620211962,3.37199586527694,1.7998636573558024,-0.55325,13.73559411773552,0.5096248433084913,0.0805053223888889,0.080506,284.284824,0.080506,1051,1.1,1,0.023215174511765545,0.023218,16.874876,0.023218,2.6697450688530378,2.67007,1705.99857382,2.67007,1.993753242793739,,46,0,-0.049766685121478874,7,
09:08:22.141,3.3723940438320614,3.37199586527694,16.846500620211962,3.37199586527694,1.7998636573558024,-0.54325,13.73559411773552,0.5096248433084913,0.0805053223888889,0.080506,284.284824,0.080506,1051,1.1,1,0.023215174511765545,0.023218,16.874876,0.023218,2.6697450688530378,2.67007,1705.99857382,2.67007,1.993753242793739,,47,0,-0.049766685121478874,7,
09:08:22.574,3.3723940438320614,3.37199586527694,16.846500620211962,3.37199586527694,1.7998636573558024,-0.54325,13.73559411773552,0.5096248433084913,0.0805053223888889,0.080506,284.284824,0.080506,1051,1.1,1,0.023215174511765545,0.023218,16.874876,0.023218,2.6697450688530378,2.67007,1705.99857382,2.67007,1.993753242793739,,47,0,-0.049766685121478874,7,
09:08:22.955,3.439973136430392,3.4395454157053744,16.846444197189417,3.4395454157053744,1.7998636573558024,-0.54325,13.73559411773552,0.525658008134376,0.0805053223888889,0.080506,284.284824,0.080506,1061,1.1,1,0.02340289275410681,0.023406,16.875064000000002,0.023406,2.691332666722283,2.69169,1706.0201938200003,2.69169,2.056478156587833,,47,0,-0.049766685121478874,7,
09:08:23.191,3.439973136430392,3.4395454157053744,16.846444197189417,3.4395454157053744,1.8411798585093,-0.54325,13.316642934526667,0.525658008134376,0.08301289213888889,0.083014,284.287332,0.083014,1061,1.1,1,0.02340289275410681,0.023406,16.875064000000002,0.023406,2.691332666722283,2.69169,1706.0201938200003,2.69169,2.056478156587833,,47,0,-0.049766685121478874,7,
09:08:23.420,3.439973136430392,3.4395454157053744,16.846444197189417,3.4395454157053744,1.8411798585093,-0.55325,13.316642934526667,0.525658008134376,0.08301289213888889,0.083014,284.287332,0.083014,1061,1.1,1,0.02340289275410681,0.023406,16.875064000000002,0.023406,2.691332666722283,2.69169,1706.0201938200003,2.69169,2.056478156587833,,46,0,-0.049766685121478874,7,
09:08:23.878,3.439973136430392,3.4395454157053744,16.846444197189417,3.4395454157053744,1.8411798585093,-0.55325,13.316642934526667,0.525658008134376,0.08301289213888889,0.083014,284.287332,0.083014,1061,1.1,1,0.02340289275410681,0.023406,16.875064000000002,0.023406,2.691332666722283,2.69169,1706.0201938200003,2.69169,2.056478156587833,,46,0,-0.049766685121478874,7,
09:08:24.116,3.5258215052564545,3.5254597188601524,16.84645205791574,3.5254597188601524,1.8411798585093,-0.55325,13.316642934526667,0.4380866398044196,0.08301289213888889,0.083014,284.287332,0.083014,968,1,1,0.02354426961635168,0.023547,16.875205,0.023547,2.7075910058804435,2.707905,1706.0364088200001,2.707905,1.7138816331329372,,46,0,-0.049766685121478874,7,
09:08:24.345,3.5258215052564545,3.5254597188601524,16.84645205791574,3.5254597188601524,1.8634718755097908,-0.55325,11.413267481136177,0.4380866398044196,0.08461510241666667,0.084616,284.288934,0.084616,968,1,1,0.02354426961635168,0.023547,16.875205,0.023547,2.7075910058804435,2.707905,1706.0364088200001,2.707905,1.7138816331329372,,46,0,-0.049766685121478874,5,
09:08:24.547,3.5258215052564545,3.5254597188601524,16.84645205791574,3.5254597188601524,1.8634718755097908,-0.56325,11.413267481136177,0.4380866398044196,0.08461510241666667,0.084616,284.288934,0.084616,968,1,1,0.02354426961635168,0.023547,16.875205,0.023547,2.7075910058804435,2.707905,1706.0364088200001,2.707905,1.7138816331329372,,45,0,-0.049766685121478874,5,
09:08:25.025,3.5258215052564545,3.5254597188601524,16.84645205791574,3.5254597188601524,1.8634718755097908,-0.56325,11.413267481136177,0.4380866398044196,0.08461510241666667,0.084616,284.288934,0.084616,968,1,1,0.02354426961635168,0.023547,16.875205,0.023547,2.7075910058804435,2.707905,1706.0364088200001,2.707905,1.7138816331329372,,45,1.1764705882352942,-0.049766685121478874,5,
09:08:25.245,3.574062129439085,3.573612636202382,16.846416213579392,3.573612636202382,1.8634718755097908,-0.56325,11.413267481136177,0.4161665662892326,0.08461510241666667,0.084616,284.288934,0.084616,940,0.9,1,0.02367477098948647,0.023678,16.875336,0.023678,2.722598663790944,2.72297,1706.0514738200002,2.72297,1.6281259675153437,,45,1.1764705882352942,-0.049766685121478874,5,
09:08:25.472,3.574062129439085,3.573612636202382,16.846416213579392,3.573612636202382,1.8849390566108288,-0.56325,12.01442019858231,0.4161665662892326,0.08617970311111112,0.086181,284.290499,0.086181,940,0.9,1,0.02367477098948647,0.023678,16.875336,0.023678,2.722598663790944,2.72297,1706.0514738200002,2.72297,1.6281259675153437,,45,1.1764705882352942,0,5,
09:08:25.706,3.574062129439085,3.573612636202382,16.846416213579392,3.573612636202382,1.8849390566108288,-0.49325,12.01442019858231,0.4161665662892326,0.08617970311111112,0.086181,284.290499,0.086181,940,0.9,1,0.02367477098948647,0.023678,16.875336,0.023678,2.722598663790944,2.72297,1706.0514738200002,2.72297,1.6281259675153437,,52,1.1764705882352942,0,5,
09:08:26.154,3.574062129439085,3.573612636202382,16.846416213579392,3.573612636202382,1.8849390566108288,-0.49325,12.01442019858231,0.4161665662892326,0.08617970311111112,0.086181,284.290499,0.086181,940,0.9,1,0.02367477098948647,0.023678,16.875336,0.023678,2.722598663790944,2.72297,1706.0514738200002,2.72297,1.6281259675153437,,52,4.313725490196078,0,5,
09:08:26.380,3.6100472163402992,3.609675392670156,16.846312291291778,3.609675392670156,1.8849390566108288,-0.49325,12.01442019858231,0.6254304638063005,0.08617970311111112,0.086181,284.290499,0.086181,1141,1.1,1,0.023872181704724674,0.023875,16.875533,0.023875,2.7453008960433376,2.745625,1706.0741288200002,2.745625,2.446807748343981,,52,4.313725490196078,0,5,
09:08:26.579,3.6100472163402992,3.609675392670156,16.846312291291778,3.609675392670156,1.9124357905505747,-0.49325,9.593392626711312,0.6254304638063005,0.08802503911111112,0.088026,284.292344,0.088026,1141,1.1,1,0.023872181704724674,0.023875,16.875533,0.023875,2.7453008960433376,2.745625,1706.0741288200002,2.745625,2.446807748343981,,52,4.313725490196078,0,6,
09:08:26.804,3.6100472163402992,3.609675392670156,16.846312291291778,3.609675392670156,1.9124357905505747,-0.52325,9.593392626711312,0.6254304638063005,0.08802503911111112,0.088026,284.292344,0.088026,1141,1.1,1,0.023872181704724674,0.023875,16.875533,0.023875,2.7453008960433376,2.745625,1706.0741288200002,2.745625,2.446807748343981,,49,4.313725490196078,0,6,
09:08:27.267,3.6100472163402992,3.609675392670156,16.846312291291778,3.609675392670156,1.9124357905505747,-0.52325,9.593392626711312,0.6254304638063005,0.08802503911111112,0.088026,284.292344,0.088026,1141,1.1,1,0.023872181704724674,0.023875,16.875533,0.023875,2.7453008960433376,2.745625,1706.0741288200002,2.745625,2.446807748343981,,49,5.098039215686274,0,6,
09:08:27.502,3.656056858323348,3.6557165995265577,16.846217975546786,3.6557165995265577,1.9124357905505747,-0.52325,9.593392626711312,0.6564953794814367,0.08802503911111112,0.088026,284.292344,0.088026,1271,1.3,1,0.02407649621496287,0.024079,16.875737,0.024079,2.76879706472073,2.769085,1706.09758882,2.769085,2.568339846273762,,49,5.098039215686274,0,6,
09:08:27.759,3.656056858323348,3.6557165995265577,16.846217975546786,3.6557165995265577,1.948313321895007,-0.52325,10.662679767113174,0.6564953794814367,0.09031328952777778,0.090314,284.294632,0.090314,1271,1.3,1,0.02407649621496287,0.024079,16.875737,0.024079,2.76879706472073,2.769085,1706.09758882,2.769085,2.568339846273762,,49,5.098039215686274,0,7,
09:08:27.949,3.656056858323348,3.6557165995265577,16.846217975546786,3.6557165995265577,1.948313321895007,-0.44325000000000003,10.662679767113174,0.6564953794814367,0.09031328952777778,0.090314,284.294632,0.090314,1271,1.3,1,0.02407649621496287,0.024079,16.875737,0.024079,2.76879706472073,2.769085,1706.09758882,2.769085,2.568339846273762,,57,5.098039215686274,0,7,
09:08:28.407,3.656056858323348,3.6557165995265577,16.846217975546786,3.6557165995265577,1.948313321895007,-0.44325000000000003,10.662679767113174,0.6564953794814367,0.09031328952777778,0.090314,284.294632,0.090314,1271,1.3,1,0.02407649621496287,0.024079,16.875737,0.024079,2.76879706472073,2.769085,1706.09758882,2.769085,2.568339846273762,,57,8.627450980392156,0,7,
09:08:28.629,3.7045388285871135,3.70412599458617,16.846051087814438,3.70412599458617,1.948313321895007,-0.44325000000000003,10.662679767113174,0.9655633562696914,0.09031328952777778,0.090314,284.294632,0.090314,1607,1.6,1,0.024379091084388137,0.024382,16.87604,0.024382,2.8035954747046357,2.8039300000000003,1706.1324338200002,2.8039300000000003,3.7774749366372333,,57,8.627450980392156,0,7,
09:08:28.874,3.7045388285871135,3.70412599458617,16.846051087814438,3.70412599458617,1.9885463859763635,-0.44325000000000003,8.285318563565623,0.9655633562696914,0.09279520197222223,0.092796,284.297114,0.092796,1607,1.6,1,0.024379091084388137,0.024382,16.87604,0.024382,2.8035954747046357,2.8039300000000003,1706.1324338200002,2.8039300000000003,3.7774749366372333,,57,8.627450980392156,0.0187617600985611,8,
09:08:29.115,3.7045388285871135,3.70412599458617,16.846051087814438,3.70412599458617,1.9885463859763635,-0.41325000000000006,8.285318563565623,0.9655633562696914,0.09279520197222223,0.092796,284.297114,0.092796,1607,1.6,1,0.024379091084388137,0.024382,16.87604,0.024382,2.8035954747046357,2.8039300000000003,1706.1324338200002,2.8039300000000003,3.7774749366372333,,60,8.627450980392156,0.0187617600985611,8,
09:08:29.550,3.7045388285871135,3.70412599458617,16.846051087814438,3.70412599458617,1.9885463859763635,-0.41325000000000006,8.285318563565623,0.9655633562696914,0.09279520197222223,0.092796,284.297114,0.092796,1607,1.6,1,0.024379091084388137,0.024382,16.87604,0.024382,2.8035954747046357,2.8039300000000003,1706.1324338200002,2.8039300000000003,3.7774749366372333,,60,9.803921568627452,0.0187617600985611,8,
09:08:29.753,3.752057648797944,3.7516070345664043,16.845845791811083,3.7516070345664043,1.9885463859763635,-0.41325000000000006,8.285318563565623,1.130859909612687,0.09279520197222223,0.092796,284.297114,0.092796,1788,1.8,1,0.024731816687824947,0.024735,16.876393,0.024735,2.844158919099869,2.844525,1706.1730288200001,2.844525,4.424147765831969,,60,9.803921568627452,0.0187617600985611,8,
09:08:29.982,3.752057648797944,3.7516070345664043,16.845845791811083,3.7516070345664043,2.0477354522485376,-0.41325000000000006,9.727111118270553,1.130859909612687,0.09618903961111111,0.09619,284.300508,0.09619,1788,1.8,1,0.024731816687824947,0.024735,16.876393,0.024735,2.844158919099869,2.844525,1706.1730288200001,2.844525,4.424147765831969,,60,9.803921568627452,0.037681393763037634,11,
09:08:30.207,3.752057648797944,3.7516070345664043,16.845845791811083,3.7516070345664043,2.0477354522485376,-0.42325,9.727111118270553,1.130859909612687,0.09618903961111111,0.09619,284.300508,0.09619,1788,1.8,1,0.024731816687824947,0.024735,16.876393,0.024735,2.844158919099869,2.844525,1706.1730288200001,2.844525,4.424147765831969,,59,9.803921568627452,0.037681393763037634,11,
09:08:30.694,3.752057648797944,3.7516070345664043,16.845845791811083,3.7516070345664043,2.0477354522485376,-0.42325,9.727111118270553,1.130859909612687,0.09618903961111111,0.09619,284.300508,0.09619,1788,1.8,1,0.024731816687824947,0.024735,16.876393,0.024735,2.844158919099869,2.844525,1706.1730288200001,2.844525,4.424147765831969,,59,9.411764705882353,0.037681393763037634,11,
09:08:30.911,3.8239407021311598,3.8234358852055013,16.845624672331557,3.8234358852055013,2.0477354522485376,-0.42325,9.727111118270553,1.3135178189505747,0.09618903961111111,0.09619,284.300508,0.09619,2112,2.1,1,0.025154427619001257,0.025158,16.876816,0.025158,2.8927591761851446,2.89317,1706.2216738200002,2.89317,5.138741655525633,,59,9.411764705882353,0.037681393763037634,11,
09:08:31.151,3.8239407021311598,3.8234358852055013,16.845624672331557,3.8234358852055013,2.115975256913521,-0.42325,9.135772523883467,1.3135178189505747,0.10008071794444444,0.100082,284.3044,0.100082,2112,2.1,1,0.025154427619001257,0.025158,16.876816,0.025158,2.8927591761851446,2.89317,1706.2216738200002,2.89317,5.138741655525633,,59,9.411764705882353,0.037173724205927745,12,
09:08:31.386,3.8239407021311598,3.8234358852055013,16.845624672331557,3.8234358852055013,2.115975256913521,-0.7232500000000001,9.135772523883467,1.3135178189505747,0.10008071794444444,0.100082,284.3044,0.100082,2112,2.1,1,0.025154427619001257,0.025158,16.876816,0.025158,2.8927591761851446,2.89317,1706.2216738200002,2.89317,5.138741655525633,,29,9.411764705882353,0.037173724205927745,12,
09:08:31.846,3.8239407021311598,3.8234358852055013,16.845624672331557,3.8234358852055013,2.115975256913521,-0.7232500000000001,9.135772523883467,1.3135178189505747,0.10008071794444444,0.100082,284.3044,0.100082,2112,2.1,0,0.025154427619001257,0.025158,16.876816,0.025158,2.8927591761851446,2.89317,1706.2216738200002,2.89317,5.138741655525633,,29,0,0.037173724205927745,12,
09:08:32.065,3.9786521665412513,3.978138166785913,16.845855284551302,3.978138166785913,2.115975256913521,-0.7232500000000001,9.135772523883467,0,0.10008071794444444,0.100082,284.3044,0.100082,1468,1.5,0,0.025154427619001257,0.025158,16.876816,0.025158,2.8927591761851446,2.89317,1706.2216738200002,2.89317,0,,29,0,0.037173724205927745,12,
09:08:32.286,3.9786521665412513,3.978138166785913,16.845855284551302,3.978138166785913,2.1815209554728874,-0.7232500000000001,9.135772523883467,0,0.10386968694444444,0.103871,284.308189,0.103871,1468,1.5,0,0.025154427619001257,0.025158,16.876816,0.025158,2.8927591761851446,2.89317,1706.2216738200002,2.89317,0,,29,0,0.03128235627672571,12,
09:08:32.519,3.9786521665412513,3.978138166785913,16.845855284551302,3.978138166785913,2.1815209554728874,-0.7332500000000001,9.135772523883467,0,0.10386968694444444,0.103871,284.308189,0.103871,1468,1.5,0,0.025154427619001257,0.025158,16.876816,0.025158,2.8927591761851446,2.89317,1706.2216738200002,2.89317,0,,28,0,0.03128235627672571,12,
09:08:32.962,3.9786521665412513,3.978138166785913,16.845855284551302,3.978138166785913,2.1815209554728874,-0.7332500000000001,9.135772523883467,0,0.10386968694444444,0.103871,284.308189,0.103871,1468,1.5,0,0.025154427619001257,0.025158,16.876816,0.025158,2.8927591761851446,2.89317,1706.2216738200002,2.89317,0,,28,2.7450980392156863,0.03128235627672571,12,
09:08:33.181,4.129280479671218,4.1287463232371415,16.846079793724126,4.1287463232371415,2.1815209554728874,-0.7332500000000001,9.135772523883467,0,0.10386968694444444,0.103871,284.308189,0.103871,874,0.9,0,0.025154427619001257,0.025158,16.876816,0.025158,2.8927591761851446,2.89317,1706.2216738200002,2.89317,0,,28,2.7450980392156863,0.03128235627672571,12,
09:08:33.411,4.129280479671218,4.1287463232371415,16.846079793724126,4.1287463232371415,2.1815209554728874,-0.7332500000000001,9.135772523883467,0,0.10386968694444444,0.103871,284.308189,0.103871,874,0.9,0,0.025154427619001257,0.025158,16.876816,0.025158,2.8927591761851446,2.89317,1706.2216738200002,2.89317,0,34,28,2.7450980392156863,0.03128235627672571,12,
09:08:33.638,4.129280479671218,4.1287463232371415,16.846079793724126,4.1287463232371415,2.2426755151847546,-0.7332500000000001,9.135772523883467,0,0.10762327249999999,0.107625,284.311943,0.107625,874,0.9,0,0.025154427619001257,0.025158,16.876816,0.025158,2.8927591761851446,2.89317,1706.2216738200002,2.89317,0,34,28,2.7450980392156863,0.03128235627672571,10,
09:08:33.870,4.129280479671218,4.1287463232371415,16.846079793724126,4.1287463232371415,2.2426755151847546,-0.41325000000000006,9.135772523883467,0,0.10762327249999999,0.107625,284.311943,0.107625,874,0.9,0,0.025154427619001257,0.025158,16.876816,0.025158,2.8927591761851446,2.89317,1706.2216738200002,2.89317,0,34,60,2.7450980392156863,0.03128235627672571,10,
09:08:34.328,4.129280479671218,4.1287463232371415,16.846079793724126,4.1287463232371415,2.2426755151847546,-0.41325000000000006,9.135772523883467,0,0.10762327249999999,0.107625,284.311943,0.107625,874,0.9,1,0.025154427619001257,0.025158,16.876816,0.025158,2.8927591761851446,2.89317,1706.2216738200002,2.89317,0,34,60,6.2745098039215685,0.03128235627672571,10,
09:08:34.559,4.231970442109732,4.231374090819736,16.84602573440817,4.231374090819736,2.2426755151847546,-0.41325000000000006,9.135772523883467,0.7222761089495469,0.10762327249999999,0.107625,284.311943,0.107625,1113,1.1,1,0.02543100760560779,0.025435,16.877093000000002,0.025435,2.924565874644896,2.9250249999999998,1706.2535288200002,2.9250249999999998,2.8256870780903105,34,60,6.2745098039215685,0.03128235627672571,10,
09:08:34.772,4.231970442109732,4.231374090819736,16.84602573440817,4.231374090819736,2.2997870729474257,-0.41325000000000006,15.229632911433296,0.7222761089495469,0.11108845858333333,0.11109,284.315408,0.11109,1113,1.1,1,0.02543100760560779,0.025435,16.877093000000002,0.025435,2.924565874644896,2.9250249999999998,1706.2535288200002,2.9250249999999998,2.8256870780903105,34,60,6.2745098039215685,0.03128235627672571,11,
09:08:34.990,4.231970442109732,4.231374090819736,16.84602573440817,4.231374090819736,2.2997870729474257,-0.42325,15.229632911433296,0.7222761089495469,0.11108845858333333,0.11109,284.315408,0.11109,1113,1.1,1,0.02543100760560779,0.025435,16.877093000000002,0.025435,2.924565874644896,2.9250249999999998,1706.2535288200002,2.9250249999999998,2.8256870780903105,34,59,6.2745098039215685,0.03128235627672571,11,
09:08:35.444,4.231970442109732,4.231374090819736,16.84602573440817,4.231374090819736,2.2997870729474257,-0.42325,15.229632911433296,0.7222761089495469,0.11108845858333333,0.11109,284.315408,0.11109,1113,1.1,1,0.02543100760560779,0.025435,16.877093000000002,0.025435,2.924565874644896,2.9250249999999998,1706.2535288200002,2.9250249999999998,2.8256870780903105,34,59,6.666666666666667,0.03128235627672571,11,
09:08:35.690,4.3273549906976845,4.326777020447906,16.84599148455505,4.326777020447906,2.2997870729474257,-0.42325,15.229632911433296,0.7651173139143441,0.11108845858333333,0.11109,284.315408,0.11109,1199,1.2,1,0.025671214592316798,0.025675,16.877333,0.025675,2.9521896781164316,2.952625,1706.28112882,2.952625,2.993290350272337,34,59,6.666666666666667,0.03128235627672571,11,
09:08:35.921,4.3273549906976845,4.326777020447906,16.84599148455505,4.326777020447906,2.3634788549813974,-0.42325,15.683869364565727,0.7651173139143441,0.11491957791666665,0.114921,284.319239,0.114921,1199,1.2,1,0.025671214592316798,0.025675,16.877333,0.025675,2.9521896781164316,2.952625,1706.28112882,2.952625,2.993290350272337,34,59,6.666666666666667,0.03128235627672571,12,
09:08:36.141,4.3273549906976845,4.326777020447906,16.84599148455505,4.326777020447906,2.3634788549813974,-0.45325000000000004,15.683869364565727,0.7651173139143441,0.11491957791666665,0.114921,284.319239,0.114921,1199,1.2,1,0.025671214592316798,0.025675,16.877333,0.025675,2.9521896781164316,2.952625,1706.28112882,2.952625,2.993290350272337,34,56,6.666666666666667,0.03128235627672571,12,
09:08:36.594,4.3273549906976845,4.326777020447906,16.84599148455505,4.326777020447906,2.3634788549813974,-0.45325000000000004,15.683869364565727,0.7651173139143441,0.11491957791666665,0.114921,284.319239,0.114921,1199,1.2,1,0.025671214592316798,0.025675,16.877333,0.025675,2.9521896781164316,2.952625,1706.28112882,2.952625,2.993290350272337,34,56,6.666666666666667,0.03128235627672571,12,
09:08:36.833,4.433895254341759,4.43333847696937,16.845971934364993,4.43333847696937,2.3634788549813974,-0.45325000000000004,15.683869364565727,0.778301719077709,0.11491957791666665,0.114921,284.319239,0.114921,1285,1.3,1,0.025918424167583817,0.025922,16.877580000000002,0.025922,2.980618779272139,2.98103,1706.30953382,2.98103,3.0448703524914453,34,56,6.666666666666667,0.03128235627672571,12,
09:08:37.057,4.433895254341759,4.43333847696937,16.845971934364993,4.43333847696937,2.4320222371987,-0.45325000000000004,16.70303390233425,0.778301719077709,0.11901934602777776,0.119021,284.323339,0.119021,1285,1.3,1,0.025918424167583817,0.025922,16.877580000000002,0.025922,2.980618779272139,2.98103,1706.30953382,2.98103,3.0448703524914453,34,56,6.666666666666667,0.03128235627672571,13,
09:08:37.294,4.433895254341759,4.43333847696937,16.845971934364993,4.43333847696937,2.4320222371987,-0.45325000000000004,16.70303390233425,0.778301719077709,0.11901934602777776,0.119021,284.323339,0.119021,1285,1.3,1,0.025918424167583817,0.025922,16.877580000000002,0.025922,2.980618779272139,2.98103,1706.30953382,2.98103,3.0448703524914453,34,56,6.666666666666667,0.03128235627672571,13,
09:08:37.755,4.433895254341759,4.43333847696937,16.845971934364993,4.43333847696937,2.4320222371987,-0.45325000000000004,16.70303390233425,0.778301719077709,0.11901934602777776,0.119021,284.323339,0.119021,1285,1.3,1,0.025918424167583817,0.025922,16.877580000000002,0.025922,2.980618779272139,2.98103,1706.30953382,2.98103,3.0448703524914453,34,56,6.666666666666667,0.03128235627672571,13,
09:08:37.994,4.550632486813077,4.550080281367077,16.845979302061355,4.550080281367077,2.4320222371987,-0.45325000000000004,16.70303390233425,0.731664184160212,0.11901934602777776,0.119021,284.323339,0.119021,1208,1.2,1,0.026154462346206737,0.026158,16.877816,0.026158,3.007763169813775,3.0081700000000002,1706.3366738200002,3.0081700000000002,2.8624150862332036,34,56,6.666666666666667,0.03128235627672571,13,
09:08:38.187,4.550632486813077,4.550080281367077,16.845979302061355,4.550080281367077,2.499339341162673,-0.45325000000000004,17.76771404345986,0.731664184160212,0.12309786202777777,0.1231,284.327418,0.1231,1208,1.2,1,0.026154462346206737,0.026158,16.877816,0.026158,3.007763169813775,3.0081700000000002,1706.3366738200002,3.0081700000000002,2.8624150862332036,34,56,6.666666666666667,0.018684128189681556,13,
09:08:38.398,4.550632486813077,4.550080281367077,16.845979302061355,4.550080281367077,2.499339341162673,-0.35325,17.76771404345986,0.731664184160212,0.12309786202777777,0.1231,284.327418,0.1231,1208,1.2,1,0.026154462346206737,0.026158,16.877816,0.026158,3.007763169813775,3.0081700000000002,1706.3366738200002,3.0081700000000002,2.8624150862332036,34,66,6.666666666666667,0.018684128189681556,13,
09:08:38.865,4.550632486813077,4.550080281367077,16.845979302061355,4.550080281367077,2.499339341162673,-0.35325,17.76771404345986,0.731664184160212,0.12309786202777777,0.1231,284.327418,0.1231,1208,1.2,1,0.026154462346206737,0.026158,16.877816,0.026158,3.007763169813775,3.0081700000000002,1706.3366738200002,3.0081700000000002,2.8624150862332036,34,66,6.2745098039215685,0.018684128189681556,13,
09:08:39.096,4.659270445600645,4.65864365728126,16.84595548238242,4.65864365728126,2.499339341162673,-0.35325,17.76771404345986,0.8687430611417417,0.12309786202777777,0.1231,284.327418,0.1231,1217,1.2,1,0.02641998644745095,0.026424,16.878082,0.026424,3.0382984414568592,3.03876,1706.36726382,3.03876,3.398694781167564,34,66,6.2745098039215685,0.018684128189681556,13,
09:08:39.331,4.659270445600645,4.65864365728126,16.84595548238242,4.65864365728126,2.5602789057915287,-0.35325,13.81305996761465,0.8687430611417417,0.1269133203611111,0.126915,284.331233,0.126915,1217,1.2,1,0.02641998644745095,0.026424,16.878082,0.026424,3.0382984414568592,3.03876,1706.36726382,3.03876,3.398694781167564,34,66,6.2745098039215685,0.018684128189681556,12,
09:08:39.558,4.659270445600645,4.65864365728126,16.84595548238242,4.65864365728126,2.5602789057915287,-0.41325000000000006,13.81305996761465,0.8687430611417417,0.1269133203611111,0.126915,284.331233,0.126915,1217,1.2,1,0.02641998644745095,0.026424,16.878082,0.026424,3.0382984414568592,3.03876,1706.36726382,3.03876,3.398694781167564,34,60,6.2745098039215685,0.018684128189681556,12,
09:08:39.996,4.659270445600645,4.65864365728126,16.84595548238242,4.65864365728126,2.5602789057915287,-0.41325000000000006,13.81305996761465,0.8687430611417417,0.1269133203611111,0.126915,284.331233,0.126915,1217,1.2,1,0.02641998644745095,0.026424,16.878082,0.026424,3.0382984414568592,3.03876,1706.36726382,3.03876,3.398694781167564,34,60,6.2745098039215685,0.018684128189681556,12,
09:08:40.245,4.75443181748429,4.753726870926662,16.845908037488957,4.753726870926662,2.5602789057915287,-0.41325000000000006,13.81305996761465,0.8579056747810431,0.1269133203611111,0.126915,284.331233,0.126915,1322,1.3,1,0.0266936881699283,0.026698,16.878356,0.026698,3.0697741395417544,3.07027,1706.39877382,3.07027,3.3562967809841777,34,60,6.2745098039215685,0.018684128189681556,12,
09:08:40.490,4.75443181748429,4.753726870926662,16.845908037488957,4.753726870926662,2.640670205772245,-0.41325000000000006,17.484439654544,0.8579056747810431,0.13174975494444444,0.131751,284.336069,0.131751,1322,1.3,1,0.0266936881699283,0.026698,16.878356,0.026698,3.0697741395417544,3.07027,1706.39877382,3.07027,3.3562967809841777,34,60,6.2745098039215685,0.018684128189681556,15,
09:08:40.692,4.75443181748429,4.753726870926662,16.845908037488957,4.753726870926662,2.640670205772245,-0.46325000000000005,17.484439654544,0.8579056747810431,0.13174975494444444,0.131751,284.336069,0.131751,1322,1.3,1,0.0266936881699283,0.026698,16.878356,0.026698,3.0697741395417544,3.07027,1706.39877382,3.07027,3.3562967809841777,34,55,6.2745098039215685,0.018684128189681556,15,
09:08:41.173,4.75443181748429,4.753726870926662,16.845908037488957,4.753726870926662,2.640670205772245,-0.46325000000000005,17.484439654544,0.8579056747810431,0.13174975494444444,0.131751,284.336069,0.131751,1322,1.3,1,0.0266936881699283,0.026698,16.878356,0.026698,3.0697741395417544,3.07027,1706.39877382,3.07027,3.3562967809841777,34,55,3.9215686274509802,0.018684128189681556,15,
09:08:41.429,4.882701334926865,4.882017267573277,16.845906113909027,4.882017267573277,2.640670205772245,-0.46325000000000005,17.484439654544,0.8792127118375064,0.13174975494444444,0.131751,284.336069,0.131751,1478,1.5,1,0.026982964123161517,0.026987,16.878645,0.026987,3.1030408741635744,3.103505,1706.4320088200002,3.103505,3.4396541266541076,34,55,3.9215686274509802,0.018684128189681556,15,
09:08:41.705,4.882701334926865,4.882017267573277,16.845906113909027,4.882017267573277,2.730363590719059,-0.46325000000000005,18.198099031758627,0.8792127118375064,0.1371455696111111,0.137147,284.341465,0.137147,1478,1.5,1,0.026982964123161517,0.026987,16.878645,0.026987,3.1030408741635744,3.103505,1706.4320088200002,3.103505,3.4396541266541076,34,55,3.9215686274509802,0.018684128189681556,16,
09:08:41.900,4.882701334926865,4.882017267573277,16.845906113909027,4.882017267573277,2.730363590719059,-0.67325,18.198099031758627,0.8792127118375064,0.1371455696111111,0.137147,284.341465,0.137147,1478,1.5,1,0.026982964123161517,0.026987,16.878645,0.026987,3.1030408741635744,3.103505,1706.4320088200002,3.103505,3.4396541266541076,34,34,3.9215686274509802,0.018684128189681556,16,
09:08:42.369,4.882701334926865,4.882017267573277,16.845906113909027,4.882017267573277,2.730363590719059,-0.67325,18.198099031758627,0.8792127118375064,0.1371455696111111,0.137147,284.341465,0.137147,1478,1.5,1,0.026982964123161517,0.026987,16.878645,0.026987,3.1030408741635744,3.103505,1706.4320088200002,3.103505,3.4396541266541076,34,34,0,0.018684128189681556,16,
09:08:42.598,5.051926725453989,5.051268829877352,16.846062124407002,5.051268829877352,2.730363590719059,-0.67325,18.198099031758627,0.5056365392840869,0.1371455696111111,0.137147,284.341465,0.137147,1375,1.4,1,0.027147181078479833,0.027151,16.878809,0.027151,3.1219258240251806,3.1223650000000003,1706.45086882,3.1223650000000003,1.9781502081569637,34,34,0,0.018684128189681556,16,
09:08:42.823,5.051926725453989,5.051268829877352,16.846062124407002,5.051268829877352,2.805671776697609,-0.67325,29.665577612800636,0.5056365392840869,0.14179861044444445,0.1418,284.346118,0.1418,1375,1.4,1,0.027147181078479833,0.027151,16.878809,0.027151,3.1219258240251806,3.1223650000000003,1706.45086882,3.1223650000000003,1.9781502081569637,34,34,0,0.018684128189681556,15,
09:08:43.062,5.051926725453989,5.051268829877352,16.846062124407002,5.051268829877352,2.805671776697609,-0.67325,29.665577612800636,0.5056365392840869,0.14179861044444445,0.1418,284.346118,0.1418,1375,1.4,1,0.027147181078479833,0.027151,16.878809,0.027151,3.1219258240251806,3.1223650000000003,1706.45086882,3.1223650000000003,1.9781502081569637,34,34,0,0.018684128189681556,15,
09:08:43.519,5.051926725453989,5.051268829877352,16.846062124407002,5.051268829877352,2.805671776697609,-0.67325,29.665577612800636,0.5056365392840869,0.14179861044444445,0.1418,284.346118,0.1418,1375,1.4,1,0.027147181078479833,0.027151,16.878809,0.027151,3.1219258240251806,3.1223650000000003,1706.45086882,3.1223650000000003,1.9781502081569637,34,34,0,0.018684128189681556,15,
09:08:43.729,5.198773601613733,5.198137761648155,16.846210042729584,5.198137761648155,2.805671776697609,-0.67325,29.665577612800636,0.40745111674674045,0.14179861044444445,0.1418,284.346118,0.1418,1108,1.1,1,0.027275396335864528,0.027279,16.878937,0.027279,3.1366705786244204,3.1370850000000003,1706.4655888200002,3.1370850000000003,1.594029404100302,34,34,0,0.018684128189681556,15,
09:08:43.972,5.198773601613733,5.198137761648155,16.846210042729584,5.198137761648155,2.869669704801977,-0.67325,31.905667859735956,0.40745111674674045,0.14594930497222222,0.145951,284.350269,0.145951,1108,1.1,1,0.027275396335864528,0.027279,16.878937,0.027279,3.1366705786244204,3.1370850000000003,1706.4655888200002,3.1370850000000003,1.594029404100302,34,34,0,0.018684128189681556,13,
09:08:44.198,5.198773601613733,5.198137761648155,16.846210042729584,5.198137761648155,2.869669704801977,-0.57325,31.905667859735956,0.40745111674674045,0.14594930497222222,0.145951,284.350269,0.145951,1108,1.1,1,0.027275396335864528,0.027279,16.878937,0.027279,3.1366705786244204,3.1370850000000003,1706.4655888200002,3.1370850000000003,1.594029404100302,34,44,0,0.018684128189681556,13,
09:08:44.659,5.198773601613733,5.198137761648155,16.846210042729584,5.198137761648155,2.869669704801977,-0.57325,31.905667859735956,0.40745111674674045,0.14594930497222222,0.145951,284.350269,0.145951,1108,1.1,1,0.027275396335864528,0.027279,16.878937,0.027279,3.1366705786244204,3.1370850000000003,1706.4655888200002,3.1370850000000003,1.594029404100302,34,44,0,0.018684128189681556,13,
09:08:44.911,5.323256775458453,5.322599467561358,16.846314244989316,5.322599467561358,2.869669704801977,-0.57325,31.905667859735956,0.4326186572346859,0.14594930497222222,0.145951,284.350269,0.145951,974,1,1,0.027417295676038976,0.027421,16.879079,0.027421,3.1529890027444822,3.1534150000000003,1706.4819188200001,3.1534150000000003,1.6924898031955038,34,44,0,0.018684128189681556,13,
09:08:45.112,5.323256775458453,5.322599467561358,16.846314244989316,5.322599467561358,2.9201119730884466,-0.57325,25.426550186976208,0.4326186572346859,0.1494419308611111,0.149444,284.353762,0.149444,974,1,1,0.027417295676038976,0.027421,16.879079,0.027421,3.1529890027444822,3.1534150000000003,1706.4819188200001,3.1534150000000003,1.6924898031955038,34,44,0,-0.0245173107188199,11,
09:08:45.330,5.323256775458453,5.322599467561358,16.846314244989316,5.322599467561358,2.9201119730884466,-0.56325,25.426550186976208,0.4326186572346859,0.1494419308611111,0.149444,284.353762,0.149444,974,1,1,0.027417295676038976,0.027421,16.879079,0.027421,3.1529890027444822,3.1534150000000003,1706.4819188200001,3.1534150000000003,1.6924898031955038,34,45,0,-0.0245173107188199,11,
09:08:45.793,5.323256775458453,5.322599467561358,16.846314244989316,5.322599467561358,2.9201119730884466,-0.56325,25.426550186976208,0.4326186572346859,0.1494419308611111,0.149444,284.353762,0.149444,974,1,1,0.027417295676038976,0.027421,16.879079,0.027421,3.1529890027444822,3.1534150000000003,1706.4819188200001,3.1534150000000003,1.6924898031955038,34,45,0,-0.0245173107188199,11,
09:08:46.013,5.423605504383483,5.422889904927789,16.8463844529272,5.422889904927789,2.9201119730884466,-0.56325,25.426550186976208,0.4465392547782419,0.1494419308611111,0.149444,284.353762,0.149444,983,1,1,0.027553982445870866,0.027558,16.879216,0.027558,3.1687079812751495,3.16917,1706.49767382,3.16917,1.7469499356998581,34,45,0,-0.0245173107188199,11,
09:08:46.252,5.423605504383483,5.422889904927789,16.8463844529272,5.422889904927789,2.9451435140483375,-0.56325,15.6761134101778,0.4465392547782419,0.15165341130555554,0.151655,284.355973,0.151655,983,1,1,0.027553982445870866,0.027558,16.879216,0.027558,3.1687079812751495,3.16917,1706.49767382,3.16917,1.7469499356998581,34,45,0,-0.05606918911384973,7,
09:08:46.466,5.423605504383483,5.422889904927789,16.8463844529272,5.422889904927789,2.9451435140483375,-0.57325,15.6761134101778,0.4465392547782419,0.15165341130555554,0.151655,284.355973,0.151655,983,1,1,0.027553982445870866,0.027558,16.879216,0.027558,3.1687079812751495,3.16917,1706.49767382,3.16917,1.7469499356998581,34,44,0,-0.05606918911384973,7,
09:08:46.930,5.423605504383483,5.422889904927789,16.8463844529272,5.422889904927789,2.9451435140483375,-0.57325,15.6761134101778,0.4465392547782419,0.15165341130555554,0.151655,284.355973,0.151655,983,1,1,0.027553982445870866,0.027558,16.879216,0.027558,3.1687079812751495,3.16917,1706.49767382,3.16917,1.7469499356998581,34,44,0,-0.05606918911384973,7,
09:08:47.171,5.475795184204479,5.475107404599444,16.84637471676202,5.475107404599444,2.9451435140483375,-0.57325,15.6761134101778,0.4388369952236856,0.15165341130555554,0.151655,284.355973,0.151655,988,1,1,0.027695230775434433,0.027699,16.879357,0.027699,3.1849515391749597,3.185385,1706.5138888200001,3.185385,1.7168171720299368,34,44,0,-0.05606918911384973,7,
09:08:47.389,5.475795184204479,5.475107404599444,16.84637471676202,5.475107404599444,2.9637735946164443,-0.57325,13.672502695315506,0.4388369952236856,0.15354914597222222,0.153551,284.357869,0.153551,988,1,1,0.027695230775434433,0.027699,16.879357,0.027699,3.1849515391749597,3.185385,1706.5138888200001,3.185385,1.7168171720299368,34,44,0,-0.05583095124211288,6,
09:08:47.630,5.475795184204479,5.475107404599444,16.84637471676202,5.475107404599444,2.9637735946164443,-0.57325,13.672502695315506,0.4388369952236856,0.15354914597222222,0.153551,284.357869,0.153551,988,1,1,0.027695230775434433,0.027699,16.879357,0.027699,3.1849515391749597,3.185385,1706.5138888200001,3.185385,1.7168171720299368,34,44,0,-0.05583095124211288,6,
09:08:48.111,5.475795184204479,5.475107404599444,16.84637471676202,5.475107404599444,2.9637735946164443,-0.57325,13.672502695315506,0.4388369952236856,0.15354914597222222,0.153551,284.357869,0.153551,988,1,1,0.027695230775434433,0.027699,16.879357,0.027699,3.1849515391749597,3.185385,1706.5138888200001,3.185385,1.7168171720299368,34,44,0,-0.05583095124211288,6,
09:08:48.332,5.513514416143716,5.512907047714788,16.84633334460933,5.512907047714788,2.9637735946164443,-0.57325,13.672502695315506,0.47922446593795326,0.15354914597222222,0.153551,284.357869,0.153551,1007,1,1,0.02784959544544334,0.027853,16.879511,0.027853,3.202703476225984,3.203095,1706.5315988200002,3.203095,1.8748209502249988,34,44,0,-0.05583095124211288,6,
09:08:48.536,5.513514416143716,5.512907047714788,16.84633334460933,5.512907047714788,2.9639948367632107,-0.57325,6.260114441628736,0.47922446593795326,0.15450419730555556,0.154506,284.358824,0.154506,1007,1,1,0.02784959544544334,0.027853,16.879511,0.027853,3.202703476225984,3.203095,1706.5315988200002,3.203095,1.8748209502249988,34,44,0,-0.06206438203657687,3,
09:08:48.745,5.513514416143716,5.512907047714788,16.84633334460933,5.512907047714788,2.9639948367632107,-0.57325,6.260114441628736,0.47922446593795326,0.15450419730555556,0.154506,284.358824,0.154506,1007,1,1,0.02784959544544334,0.027853,16.879511,0.027853,3.202703476225984,3.203095,1706.5315988200002,3.203095,1.8748209502249988,34,44,0,-0.06206438203657687,3,
09:08:49.220,5.513514416143716,5.512907047714788,16.84633334460933,5.512907047714788,2.9639948367632107,-0.57325,6.260114441628736,0.47922446593795326,0.15450419730555556,0.154506,284.358824,0.154506,1007,1,1,0.02784959544544334,0.027853,16.879511,0.027853,3.202703476225984,3.203095,1706.5315988200002,3.203095,1.8748209502249988,34,44,0,-0.06206438203657687,3,
09:08:49.431,5.521689114958916,5.521029122744328,16.846258182119136,5.521029122744328,2.9639948367632107,-0.57325,6.260114441628736,0.4312861562370432,0.15450419730555556,0.154506,284.358824,0.154506,971,1,1,0.0279813285552396,0.027985,16.879643,0.027985,3.217852783852554,3.2182749999999998,1706.54677882,3.2182749999999998,1.6872767955881258,34,44,0,-0.06206438203657687,3,
09:08:49.686,5.521689114958916,5.521029122744328,16.846258182119136,5.521029122744328,2.958132562741879,-0.57325,4.6372923662793415,0.4312861562370432,0.15514206902777777,0.155144,284.359462,0.155144,971,1,1,0.0279813285552396,0.027985,16.879643,0.027985,3.217852783852554,3.2182749999999998,1706.54677882,3.2182749999999998,1.6872767955881258,34,44,0,-0.05573649155628964,2,
09:08:49.917,5.521689114958916,5.521029122744328,16.846258182119136,5.521029122744328,2.958132562741879,-0.57325,4.6372923662793415,0.4312861562370432,0.15514206902777777,0.155144,284.359462,0.155144,971,1,1,0.0279813285552396,0.027985,16.879643,0.027985,3.217852783852554,3.2182749999999998,1706.54677882,3.2182749999999998,1.6872767955881258,34,44,0,-0.05573649155628964,2,
09:08:50.339,5.521689114958916,5.521029122744328,16.846258182119136,5.521029122744328,2.958132562741879,-0.57325,4.6372923662793415,0.4312861562370432,0.15514206902777777,0.155144,284.359462,0.155144,971,1,1,0.0279813285552396,0.027985,16.879643,0.027985,3.217852783852554,3.2182749999999998,1706.54677882,3.2182749999999998,1.6872767955881258,34,44,0,-0.05573649155628964,2,
09:08:50.583,5.51648146751062,5.515838873680094,16.84615426085107,5.515838873680094,2.958132562741879,-0.57325,4.6372923662793415,0.4441669992142567,0.15514206902777777,0.155144,284.359462,0.155144,1000,1,1,0.02812337355640343,0.028127,16.879785000000002,0.028127,3.2341879589863947,3.2346049999999997,1706.5631088200003,3.2346049999999997,1.7376692024594498,34,44,0,-0.05573649155628964,2,
09:08:50.805,5.51648146751062,5.515838873680094,16.84615426085107,5.515838873680094,2.9406758704663245,-0.57325,4.6372923662793415,0.4441669992142567,0.15514206902777777,0.155144,284.359462,0.155144,1000,1,1,0.02812337355640343,0.028127,16.879785000000002,0.028127,3.2341879589863947,3.2346049999999997,1706.5631088200003,3.2346049999999997,1.7376692024594498,34,44,0,-0.04354784070133279,0,
09:08:51.034,5.51648146751062,5.515838873680094,16.84615426085107,5.515838873680094,2.9406758704663245,-0.57325,4.6372923662793415,0.4441669992142567,0.15514206902777777,0.155144,284.359462,0.155144,1000,1,1,0.02812337355640343,0.028127,16.879785000000002,0.028127,3.2341879589863947,3.2346049999999997,1706.5631088200003,3.2346049999999997,1.7376692024594498,34,44,0,-0.04354784070133279,0,
09:08:51.512,5.51648146751062,5.515838873680094,16.84615426085107,5.515838873680094,2.9406758704663245,-0.57325,4.6372923662793415,0.4441669992142567,0.15514206902777777,0.155144,284.359462,0.155144,1000,1,1,0.02812337355640343,0.028127,16.879785000000002,0.028127,3.2341879589863947,3.2346049999999997,1706.5631088200003,3.2346049999999997,1.7376692024594498,34,44,0,-0.04354784070133279,0,
09:08:51.722,5.489519609789552,5.488908544135858,16.846016536923774,5.488908544135858,2.9406758704663245,-0.57325,4.6372923662793415,0.43528365922997153,0.15514206902777777,0.155144,284.359462,0.155144,980,1,1,0.028261501926527474,0.028265,16.879923,0.028265,3.2500727215506595,3.250475,1706.5789788200002,3.250475,1.7029158184102615,34,44,0,-0.04354784070133279,0,
09:08:51.954,5.489519609789552,5.488908544135858,16.846016536923774,5.488908544135858,2.923021260077948,-0.57325,4.6372923662793415,0.43528365922997153,0.15514206902777777,0.155144,284.359462,0.155144,980,1,1,0.028261501926527474,0.028265,16.879923,0.028265,3.2500727215506595,3.250475,1706.5789788200002,3.250475,1.7029158184102615,34,44,0,-0.03722963400269772,0,
09:08:52.167,5.489519609789552,5.488908544135858,16.846016536923774,5.488908544135858,2.923021260077948,-0.57325,4.6372923662793415,0.43528365922997153,0.15514206902777777,0.155144,284.359462,0.155144,980,1,1,0.028261501926527474,0.028265,16.879923,0.028265,3.2500727215506595,3.250475,1706.5789788200002,3.250475,1.7029158184102615,34,44,0,-0.03722963400269772,0,
09:08:52.608,5.489519609789552,5.488908544135858,16.846016536923774,5.488908544135858,2.923021260077948,-0.57325,4.6372923662793415,0.43528365922997153,0.15514206902777777,0.155144,284.359462,0.155144,980,1,1,0.028261501926527474,0.028265,16.879923,0.028265,3.2500727215506595,3.250475,1706.5789788200002,3.250475,1.7029158184102615,34,44,0,-0.03722963400269772,0,
09:08:52.852,5.463273498207542,5.462624555473399,16.845880811198587,5.462624555473399,2.923021260077948,-0.57325,4.6372923662793415,0.4335069912331145,0.15514206902777777,0.155144,284.359462,0.155144,976,1,1,0.028397273004669946,0.028401,16.880059,0.028401,3.2656863955370437,3.266115,1706.59461882,3.266115,1.6959651416004233,34,44,0,-0.03722963400269772,0,
09:08:53.080,5.463273498207542,5.462624555473399,16.845880811198587,5.462624555473399,2.9058657393750265,-0.57325,4.6372923662793415,0.4335069912331145,0.15514206902777777,0.155144,284.359462,0.155144,976,1,1,0.028397273004669946,0.028401,16.880059,0.028401,3.2656863955370437,3.266115,1706.59461882,3.266115,1.6959651416004233,34,44,0,-0.018699348584576777,0,
09:08:53.318,5.463273498207542,5.462624555473399,16.845880811198587,5.462624555473399,2.9058657393750265,-0.57325,4.6372923662793415,0.4335069912331145,0.15514206902777777,0.155144,284.359462,0.155144,976,1,1,0.028397273004669946,0.028401,16.880059,0.028401,3.2656863955370437,3.266115,1706.59461882,3.266115,1.6959651416004233,34,44,0,-0.018699348584576777,0,
09:08:53.770,5.463273498207542,5.462624555473399,16.845880811198587,5.462624555473399,2.9058657393750265,-0.57325,4.6372923662793415,0.4335069912331145,0.15514206902777777,0.155144,284.359462,0.155144,976,1,1,0.028397273004669946,0.028401,16.880059,0.028401,3.2656863955370437,3.266115,1706.59461882,3.266115,1.6959651416004233,34,44,0,-0.018699348584576777,0,
09:08:54.006,5.437541926543022,5.436972139477834,16.84574708357896,5.436972139477834,2.9058657393750265,-0.57325,4.6372923662793415,0.4192936472582583,0.15514206902777777,0.155144,284.359462,0.155144,944,0.9,1,0.028531654766735942,0.028535,16.880193000000002,0.028535,3.281140298174633,3.2815250000000002,1706.6100288200003,3.2815250000000002,1.6403597271217205,34,44,0,-0.018699348584576777,0,
09:08:54.209,5.437541926543022,5.436972139477834,16.84574708357896,5.436972139477834,2.8889236732537737,-0.57325,4.6372923662793415,0.4192936472582583,0.15514206902777777,0.155144,284.359462,0.155144,944,0.9,1,0.028531654766735942,0.028535,16.880193000000002,0.028535,3.281140298174633,3.2815250000000002,1706.6100288200003,3.2815250000000002,1.6403597271217205,34,44,0,-0.012523296657788867,0,
09:08:54.442,5.437541926543022,5.436972139477834,16.84574708357896,5.436972139477834,2.8889236732537737,-0.55325,4.6372923662793415,0.4192936472582583,0.15514206902777777,0.155144,284.359462,0.155144,944,0.9,1,0.028531654766735942,0.028535,16.880193000000002,0.028535,3.281140298174633,3.2815250000000002,1706.6100288200003,3.2815250000000002,1.6403597271217205,34,46,0,-0.012523296657788867,0,
09:08:54.919,5.437541926543022,5.436972139477834,16.84574708357896,5.436972139477834,2.8889236732537737,-0.55325,4.6372923662793415,0.4192936472582583,0.15514206902777777,0.155144,284.359462,0.155144,944,0.9,1,0.028531654766735942,0.028535,16.880193000000002,0.028535,3.281140298174633,3.2815250000000002,1706.6100288200003,3.2815250000000002,1.6403597271217205,34,46,0,-0.012523296657788867,0,
09:08:55.153,5.4119182522330505,5.4113707708406,16.845612360138972,5.4113707708406,2.8889236732537737,-0.55325,4.6372923662793415,0.42395740075000804,0.15514206902777777,0.155144,284.359462,0.155144,913,0.9,1,0.028666742880634512,0.02867,16.880328000000002,0.02867,3.296675431272969,3.29705,1706.62555382,3.29705,1.658605253747545,34,46,0,-0.012523296657788867,0,
09:08:55.365,5.4119182522330505,5.4113707708406,16.845612360138972,5.4113707708406,2.8717362253046335,-0.55325,4.6372923662793415,0.42395740075000804,0.15514206902777777,0.155144,284.359462,0.155144,913,0.9,1,0.028666742880634512,0.02867,16.880328000000002,0.02867,3.296675431272969,3.29705,1706.62555382,3.29705,1.658605253747545,34,46,0,0,0,
09:08:55.577,5.4119182522330505,5.4113707708406,16.845612360138972,5.4113707708406,2.8717362253046335,-0.54325,4.6372923662793415,0.42395740075000804,0.15514206902777777,0.155144,284.359462,0.155144,913,0.9,1,0.028666742880634512,0.02867,16.880328000000002,0.02867,3.296675431272969,3.29705,1706.62555382,3.29705,1.658605253747545,34,47,0,0,0,
09:08:56.029,5.4119182522330505,5.4113707708406,16.845612360138972,5.4113707708406,2.8717362253046335,-0.54325,4.6372923662793415,0.42395740075000804,0.15514206902777777,0.155144,284.359462,0.155144,913,0.9,1,0.028666742880634512,0.02867,16.880328000000002,0.02867,3.296675431272969,3.29705,1706.62555382,3.29705,1.658605253747545,34,47,0,0,0,
09:08:56.271,5.385872294736262,5.385261550210004,16.845473647144953,5.385261550210004,2.8717362253046335,-0.54325,4.6372923662793415,0.44598404602922403,0.15514206902777777,0.155144,284.359462,0.155144,940,0.9,1,0.02880537460559578,0.028809,16.880467,0.028809,3.3126180796435145,3.313035,1706.64153882,3.313035,1.7447778491967838,34,47,0,0,0,
09:08:56.507,5.385872294736262,5.385261550210004,16.845473647144953,5.385261550210004,2.8549749021412874,-0.54325,4.6372923662793415,0.44598404602922403,0.15514206902777777,0.155144,284.359462,0.155144,940,0.9,1,0.02880537460559578,0.028809,16.880467,0.028809,3.3126180796435145,3.313035,1706.64153882,3.313035,1.7447778491967838,34,47,0,0,0,
09:08:56.728,5.385872294736262,5.385261550210004,16.845473647144953,5.385261550210004,2.8549749021412874,-0.55325,4.6372923662793415,0.44598404602922403,0.15514206902777777,0.155144,284.359462,0.155144,940,0.9,1,0.02880537460559578,0.028809,16.880467,0.028809,3.3126180796435145,3.313035,1706.64153882,3.313035,1.7447778491967838,34,46,0,0,0,
09:08:57.157,5.385872294736262,5.385261550210004,16.845473647144953,5.385261550210004,2.8549749021412874,-0.55325,4.6372923662793415,0.44598404602922403,0.15514206902777777,0.155144,284.359462,0.155144,940,0.9,1,0.02880537460559578,0.028809,16.880467,0.028809,3.3126180796435145,3.313035,1706.64153882,3.313035,1.7447778491967838,34,46,0,0,0,
09:08:57.382,5.361000961118111,5.360328922364648,16.8453399259896,5.360328922364648,2.8549749021412874,-0.55325,4.6372923662793415,0.4327801725071276,0.15514206902777777,0.155144,284.359462,0.155144,932,0.9,1,0.028939011604918782,0.028943,16.880601000000002,0.028943,3.32798633456566,3.328445,1706.6569488200003,3.328445,1.6931216829054896,34,46,0,0,0,
09:08:57.597,5.361000961118111,5.360328922364648,16.8453399259896,5.360328922364648,2.8446894769320865,-0.55325,2.310641899805451,0.4327801725071276,0.1554450576111111,0.155447,284.359765,0.155447,932,0.9,1,0.028939011604918782,0.028943,16.880601000000002,0.028943,3.32798633456566,3.328445,1706.6569488200003,3.328445,1.6931216829054896,34,46,0,0.006270613772195823,1,
09:08:57.840,5.361000961118111,5.360328922364648,16.8453399259896,5.360328922364648,2.8446894769320865,-0.51325,2.310641899805451,0.4327801725071276,0.1554450576111111,0.155447,284.359765,0.155447,932,0.9,1,0.028939011604918782,0.028943,16.880601000000002,0.028943,3.32798633456566,3.328445,1706.6569488200003,3.328445,1.6931216829054896,34,50,0,0.006270613772195823,1,
09:08:58.304,5.361000961118111,5.360328922364648,16.8453399259896,5.360328922364648,2.8446894769320865,-0.51325,2.310641899805451,0.4327801725071276,0.1554450576111111,0.155447,284.359765,0.155447,932,0.9,1,0.028939011604918782,0.028943,16.880601000000002,0.028943,3.32798633456566,3.328445,1706.6569488200003,3.328445,1.6931216829054896,34,50,0,0.006270613772195823,1,
09:08:58.544,5.3433165746769475,5.342739302285616,16.845206194297134,5.342739302285616,2.8446894769320865,-0.51325,2.310641899805451,0.4734416423442872,0.1554450576111111,0.155447,284.359765,0.155447,938,0.9,1,0.029091493165087114,0.029095,16.880753000000002,0.029095,3.345521713985018,3.345925,1706.6744288200002,3.345925,1.8521973998942773,34,50,0,0.006270613772195823,1,
09:08:58.783,5.3433165746769475,5.342739302285616,16.845206194297134,5.342739302285616,2.839628951806629,-0.51325,4.224385480957753,0.4734416423442872,0.15610374633333332,0.156106,284.360424,0.156106,938,0.9,1,0.029091493165087114,0.029095,16.880753000000002,0.029095,3.345521713985018,3.345925,1706.6744288200002,3.345925,1.8521973998942773,34,50,0,0.012385377389346943,2,
09:08:59.007,5.3433165746769475,5.342739302285616,16.845206194297134,5.342739302285616,2.839628951806629,-0.44325000000000003,4.224385480957753,0.4734416423442872,0.15610374633333332,0.156106,284.360424,0.156106,938,0.9,1,0.029091493165087114,0.029095,16.880753000000002,0.029095,3.345521713985018,3.345925,1706.6744288200002,3.345925,1.8521973998942773,34,57,0,0.012385377389346943,2,
09:08:59.425,5.3433165746769475,5.342739302285616,16.845206194297134,5.342739302285616,2.839628951806629,-0.44325000000000003,4.224385480957753,0.4734416423442872,0.15610374633333332,0.156106,284.360424,0.156106,938,0.9,1,0.029091493165087114,0.029095,16.880753000000002,0.029095,3.345521713985018,3.345925,1706.6744288200002,3.345925,1.8521973998942773,34,57,5.098039215686274,0.012385377389346943,2,
09:08:59.654,5.312960419955467,5.312438318870171,16.84495584781106,5.312438318870171,2.839628951806629,-0.44325000000000003,4.224385480957753,0.9413924864758855,0.15610374633333332,0.156106,284.360424,0.156106,1527,1.5,1,0.02938168817275732,0.029385,16.881043000000002,0.029385,3.3788941398670915,3.3792750000000003,1706.7077788200002,3.3792750000000003,3.6829137105406193,34,57,5.098039215686274,0.012385377389346943,2,
09:08:59.897,5.312960419955467,5.312438318870171,16.84495584781106,5.312438318870171,2.862958350947761,-0.44325000000000003,7.435793359903038,0.9413924864758855,0.15827376480555555,0.158276,284.362594,0.158276,1527,1.5,1,0.02938168817275732,0.029385,16.881043000000002,0.029385,3.3788941398670915,3.3792750000000003,1706.7077788200002,3.3792750000000003,3.6829137105406193,34,57,5.098039215686274,0.04375683624698569,7,
09:09:00.133,5.312960419955467,5.312438318870171,16.84495584781106,5.312438318870171,2.862958350947761,-0.52325,7.435793359903038,0.9413924864758855,0.15827376480555555,0.158276,284.362594,0.158276,1527,1.5,1,0.02938168817275732,0.029385,16.881043000000002,0.029385,3.3788941398670915,3.3792750000000003,1706.7077788200002,3.3792750000000003,3.6829137105406193,34,49,5.098039215686274,0.04375683624698569,7,
09:09:00.555,5.312960419955467,5.312438318870171,16.84495584781106,5.312438318870171,2.862958350947761,-0.52325,7.435793359903038,0.9413924864758855,0.15827376480555555,0.158276,284.362594,0.158276,1527,1.5,1,0.02938168817275732,0.029385,16.881043000000002,0.029385,3.3788941398670915,3.3792750000000003,1706.7077788200002,3.3792750000000003,3.6829137105406193,34,49,7.0588235294117645,0.04375683624698569,7,
09:09:00.788,5.3235124794087145,5.323064505280151,16.844736144981407,5.323064505280151,2.862958350947761,-0.52325,7.435793359903038,1.1076414542905526,0.15827376480555555,0.158276,284.362594,0.158276,2090,2.1,1,0.02973107800869382,0.029734,16.881392,0.029734,3.4190739709997895,3.41941,1706.7479138200001,3.41941,4.333312573633253,34,49,7.0588235294117645,0.04375683624698569,7,
09:09:01.002,5.3235124794087145,5.323064505280151,16.844736144981407,5.323064505280151,2.9133441048459847,-0.52325,10.83383070714524,1.1076414542905526,0.16195233313888888,0.161955,284.366273,0.161955,2090,2.1,1,0.02973107800869382,0.029734,16.881392,0.029734,3.4190739709997895,3.41941,1706.7479138200001,3.41941,4.333312573633253,34,49,7.0588235294117645,0.0756048013970798,12,
09:09:01.242,5.3235124794087145,5.323064505280151,16.844736144981407,5.323064505280151,2.9133441048459847,-0.69325,10.83383070714524,1.1076414542905526,0.16195233313888888,0.161955,284.366273,0.161955,2090,2.1,1,0.02973107800869382,0.029734,16.881392,0.029734,3.4190739709997895,3.41941,1706.7479138200001,3.41941,4.333312573633253,34,32,7.0588235294117645,0.0756048013970798,12,
09:09:01.695,5.3235124794087145,5.323064505280151,16.844736144981407,5.323064505280151,2.9133441048459847,-0.69325,10.83383070714524,1.1076414542905526,0.16195233313888888,0.161955,284.366273,0.161955,2090,2.1,0,0.02973107800869382,0.029734,16.881392,0.029734,3.4190739709997895,3.41941,1706.7479138200001,3.41941,4.333312573633253,34,32,0,0.0756048013970798,12,
09:09:01.932,5.447240530314156,5.446794914912222,16.844954077246708,5.446794914912222,2.9133441048459847,-0.69325,10.83383070714524,0,0.16195233313888888,0.161955,284.366273,0.161955,1487,1.5,0,0.02973107800869382,0.029734,16.881392,0.029734,3.4190739709997895,3.41941,1706.7479138200001,3.41941,0,34,32,0,0.0756048013970798,12,
09:09:02.156,5.447240530314156,5.446794914912222,16.844954077246708,5.446794914912222,2.982676957344947,-0.69325,10.83383070714524,0,0.16676314105555554,0.166766,284.371084,0.166766,1487,1.5,0,0.02973107800869382,0.029734,16.881392,0.029734,3.4190739709997895,3.41941,1706.7479138200001,3.41941,0,34,32,0,0.08697644462813398,15,
09:09:02.397,5.447240530314156,5.446794914912222,16.844954077246708,5.446794914912222,2.982676957344947,-0.67325,10.83383070714524,0,0.16676314105555554,0.166766,284.371084,0.166766,1487,1.5,0,0.02973107800869382,0.029734,16.881392,0.029734,3.4190739709997895,3.41941,1706.7479138200001,3.41941,0,34,34,0,0.08697644462813398,15,
09:09:02.851,5.447240530314156,5.446794914912222,16.844954077246708,5.446794914912222,2.982676957344947,-0.67325,10.83383070714524,0,0.16676314105555554,0.166766,284.371084,0.166766,1487,1.5,1,0.02973107800869382,0.029734,16.881392,0.029734,3.4190739709997895,3.41941,1706.7479138200001,3.41941,0,34,34,0,0.08697644462813398,15,
09:09:03.066,5.578151427785336,5.577644737282183,16.845074420564405,5.577644737282183,2.982676957344947,-0.67325,10.83383070714524,0.523655586865847,0.16676314105555554,0.166766,284.371084,0.166766,1424,1.4,1,0.029895771603634044,0.029899,16.881557,0.029899,3.438013734417915,3.438385,1706.76688882,3.438385,2.048644288302193,34,34,0,0.08697644462813398,15,
09:09:03.309,5.578151427785336,5.577644737282183,16.845074420564405,5.577644737282183,3.056811931733169,-0.67325,30.554433870862088,0.523655586865847,0.1718869828333333,0.17189,284.376208,0.17189,1424,1.4,1,0.029895771603634044,0.029899,16.881557,0.029899,3.438013734417915,3.438385,1706.76688882,3.438385,2.048644288302193,34,34,0,0.08761968747323799,16,
09:09:03.527,5.578151427785336,5.577644737282183,16.845074420564405,5.577644737282183,3.056811931733169,-0.58325,30.554433870862088,0.523655586865847,0.1718869828333333,0.17189,284.376208,0.17189,1424,1.4,1,0.029895771603634044,0.029899,16.881557,0.029899,3.438013734417915,3.438385,1706.76688882,3.438385,2.048644288302193,34,43,0,0.08761968747323799,16,
09:09:03.989,5.578151427785336,5.577644737282183,16.845074420564405,5.577644737282183,3.056811931733169,-0.58325,30.554433870862088,0.523655586865847,0.1718869828333333,0.17189,284.376208,0.17189,1424,1.4,1,0.029895771603634044,0.029899,16.881557,0.029899,3.438013734417915,3.438385,1706.76688882,3.438385,2.048644288302193,34,43,4.705882352941177,0.08761968747323799,16,
09:09:04.195,5.70559473557227,5.705134587938531,16.845148443112095,5.705134587938531,3.056811931733169,-0.58325,30.554433870862088,0.7352874620352956,0.1718869828333333,0.17189,284.376208,0.17189,1581,1.6,1,0.030126041333023816,0.030129,16.881787,0.030129,3.464494753297739,3.464835,1706.7933388200001,3.464835,2.876590066334434,34,43,4.705882352941177,0.08761968747323799,16,
09:09:04.437,5.70559473557227,5.705134587938531,16.845148443112095,5.705134587938531,3.1284643545690307,-0.58325,21.760196965295133,0.7352874620352956,0.17689533394444443,0.176898,284.381216,0.176898,1581,1.6,1,0.030126041333023816,0.030129,16.881787,0.030129,3.464494753297739,3.464835,1706.7933388200001,3.464835,2.876590066334434,34,43,4.705882352941177,0.05614437490417993,16,
09:09:04.642,5.70559473557227,5.705134587938531,16.845148443112095,5.705134587938531,3.1284643545690307,-0.55325,21.760196965295133,0.7352874620352956,0.17689533394444443,0.176898,284.381216,0.176898,1581,1.6,1,0.030126041333023816,0.030129,16.881787,0.030129,3.464494753297739,3.464835,1706.7933388200001,3.464835,2.876590066334434,34,46,4.705882352941177,0.05614437490417993,16,
09:09:05.117,5.70559473557227,5.705134587938531,16.845148443112095,5.705134587938531,3.1284643545690307,-0.55325,21.760196965295133,0.7352874620352956,0.17689533394444443,0.176898,284.381216,0.176898,1581,1.6,1,0.030126041333023816,0.030129,16.881787,0.030129,3.464494753297739,3.464835,1706.7933388200001,3.464835,2.876590066334434,34,46,6.666666666666667,0.05614437490417993,16,
09:09:05.347,5.817261134839625,5.816717085361041,16.84516270812762,5.816717085361041,3.1284643545690307,-0.55325,21.760196965295133,0.8821113341375731,0.17689533394444443,0.176898,284.381216,0.176898,1773,1.8,1,0.030408697468473057,0.030412,16.88207,0.030412,3.4970002088744017,3.49738,1706.8258838200002,3.49738,3.450994110735092,34,46,6.666666666666667,0.05614437490417993,16,
09:09:05.588,5.817261134839625,5.816717085361041,16.84516270812762,5.816717085361041,3.212307259020317,-0.55325,20.4055874847117,0.8821113341375731,0.18266596844444444,0.182669,284.386987,0.182669,1773,1.8,1,0.030408697468473057,0.030412,16.88207,0.030412,3.4970002088744017,3.49738,1706.8258838200002,3.49738,3.450994110735092,34,46,6.666666666666667,0.03706056499835384,18,
09:09:05.802,5.817261134839625,5.816717085361041,16.84516270812762,5.816717085361041,3.212307259020317,-0.57325,20.4055874847117,0.8821113341375731,0.18266596844444444,0.182669,284.386987,0.182669,1773,1.8,1,0.030408697468473057,0.030412,16.88207,0.030412,3.4970002088744017,3.49738,1706.8258838200002,3.49738,3.450994110735092,34,44,6.666666666666667,0.03706056499835384,18,
09:09:06.262,5.817261134839625,5.816717085361041,16.84516270812762,5.816717085361041,3.212307259020317,-0.57325,20.4055874847117,0.8821113341375731,0.18266596844444444,0.182669,284.386987,0.182669,1773,1.8,1,0.030408697468473057,0.030412,16.88207,0.030412,3.4970002088744017,3.49738,1706.8258838200002,3.49738,3.450994110735092,34,44,0,0.03706056499835384,18,
09:09:06.476,5.961450489636193,5.9610037854066045,16.845273055771656,5.9610037854066045,3.212307259020317,-0.57325,20.4055874847117,0.7414416265455127,0.18266596844444444,0.182669,284.386987,0.182669,1558,1.6,1,0.030641195253068673,0.030644,16.882302,0.030644,3.5237374541028976,3.52406,1706.8525638200001,3.52406,2.9006663758198106,34,44,0,0.03706056499835384,18,
09:09:06.718,5.961450489636193,5.9610037854066045,16.845273055771656,5.9610037854066045,3.3043528457609006,-0.57325,26.974476862302684,0.7414416265455127,0.18893600788888887,0.188939,284.393257,0.188939,1558,1.6,1,0.030641195253068673,0.030644,16.882302,0.030644,3.5237374541028976,3.52406,1706.8525638200001,3.52406,2.9006663758198106,34,44,0,0.031046567774569628,20,
09:09:06.943,5.961450489636193,5.9610037854066045,16.845273055771656,5.9610037854066045,3.3043528457609006,-0.70325,26.974476862302684,0.7414416265455127,0.18893600788888887,0.188939,284.393257,0.188939,1558,1.6,1,0.030641195253068673,0.030644,16.882302,0.030644,3.5237374541028976,3.52406,1706.8525638200001,3.52406,2.9006663758198106,34,31,0,0.031046567774569628,20,
09:09:07.389,5.961450489636193,5.9610037854066045,16.845273055771656,5.9610037854066045,3.3043528457609006,-0.70325,26.974476862302684,0.7414416265455127,0.18893600788888887,0.188939,284.393257,0.188939,1558,1.6,1,0.030641195253068673,0.030644,16.882302,0.030644,3.5237374541028976,3.52406,1706.8525638200001,3.52406,2.9006663758198106,34,31,0,0.031046567774569628,20,
09:09:07.606,6.140311842824823,6.139765378741104,16.84551573170949,6.139765378741104,3.3043528457609006,-0.70325,26.974476862302684,0.4100577136658307,0.18893600788888887,0.188939,284.393257,0.188939,1223,1.2,1,0.030769774031862474,0.030773,16.882431,0.030773,3.5385240136641847,3.5388949999999997,1706.86739882,3.5388949999999997,1.6042269270985017,34,31,0,0.031046567774569628,20,
09:09:07.839,6.140311842824823,6.139765378741104,16.84551573170949,6.139765378741104,3.4054019750631834,-0.70325,53.65098440247489,0.4100577136658307,0.19577192488888887,0.195775,284.400093,0.195775,1223,1.2,1,0.030769774031862474,0.030773,16.882431,0.030773,3.5385240136641847,3.5388949999999997,1706.86739882,3.5388949999999997,1.6042269270985017,34,31,0,0.03752146983511393,22,
09:09:08.074,6.140311842824823,6.139765378741104,16.84551573170949,6.139765378741104,3.4054019750631834,-0.6232500000000001,53.65098440247489,0.4100577136658307,0.19577192488888887,0.195775,284.400093,0.195775,1223,1.2,1,0.030769774031862474,0.030773,16.882431,0.030773,3.5385240136641847,3.5388949999999997,1706.86739882,3.5388949999999997,1.6042269270985017,34,39,0,0.03752146983511393,22,
09:09:08.545,6.140311842824823,6.139765378741104,16.84551573170949,6.139765378741104,3.4054019750631834,-0.6232500000000001,53.65098440247489,0.4100577136658307,0.19577192488888887,0.195775,284.400093,0.195775,1223,1.2,1,0.030769774031862474,0.030773,16.882431,0.030773,3.5385240136641847,3.5388949999999997,1706.86739882,3.5388949999999997,1.6042269270985017,34,39,0,0.03752146983511393,22,
09:09:08.775,6.336815961029265,6.336170625930481,16.84579592094941,6.336170625930481,3.4054019750631834,-0.6232500000000001,53.65098440247489,0.3834574461852898,0.19577192488888887,0.195775,284.400093,0.195775,974,1,1,0.030894368101088168,0.030898,16.882556,0.030898,3.5528523316251395,3.55327,1706.8817738200003,3.55327,1.5001614164687425,34,39,0,0.03752146983511393,22,
09:09:08.988,6.336815961029265,6.336170625930481,16.84579592094941,6.336170625930481,3.502564752346466,-0.6232500000000001,54.76487732579491,0.3834574461852898,0.20247581438888887,0.202479,284.406797,0.202479,974,1,1,0.030894368101088168,0.030898,16.882556,0.030898,3.5528523316251395,3.55327,1706.8817738200003,3.55327,1.5001614164687425,34,39,0,0.03752146983511393,21,
09:09:09.225,6.336815961029265,6.336170625930481,16.84579592094941,6.336170625930481,3.502564752346466,-0.56325,54.76487732579491,0.3834574461852898,0.20247581438888887,0.202479,284.406797,0.202479,974,1,1,0.030894368101088168,0.030898,16.882556,0.030898,3.5528523316251395,3.55327,1706.8817738200003,3.55327,1.5001614164687425,34,45,0,0.03752146983511393,21,
09:09:09.649,6.336815961029265,6.336170625930481,16.84579592094941,6.336170625930481,3.502564752346466,-0.56325,54.76487732579491,0.3834574461852898,0.20247581438888887,0.202479,284.406797,0.202479,974,1,1,0.030894368101088168,0.030898,16.882556,0.030898,3.5528523316251395,3.55327,1706.8817738200003,3.55327,1.5001614164687425,34,45,0,0.03752146983511393,21,
09:09:09.877,6.525535565831935,6.52484532095901,16.84605930689955,6.52484532095901,3.502564752346466,-0.56325,54.76487732579491,0.4374540207034048,0.20247581438888887,0.202479,284.406797,0.202479,963,1,1,0.031028229383816927,0.031032,16.88269,0.031032,3.5682463791389467,3.56868,1706.8971838200002,3.56868,1.7114067020131878,34,45,0,0.03752146983511393,21,
09:09:10.132,6.525535565831935,6.52484532095901,16.84605930689955,6.52484532095901,3.5927774686776637,-0.56325,45.71909058657404,0.4374540207034048,0.20883277716666665,0.208836,284.413154,0.208836,963,1,1,0.031028229383816927,0.031032,16.88269,0.031032,3.5682463791389467,3.56868,1706.8971838200002,3.56868,1.7114067020131878,34,45,0,0.03752146983511393,20,
09:09:10.352,6.525535565831935,6.52484532095901,16.84605930689955,6.52484532095901,3.5927774686776637,-0.57325,45.71909058657404,0.4374540207034048,0.20883277716666665,0.208836,284.413154,0.208836,963,1,1,0.031028229383816927,0.031032,16.88269,0.031032,3.5682463791389467,3.56868,1706.8971838200002,3.56868,1.7114067020131878,34,44,0,0.03752146983511393,20,
09:09:10.810,6.525535565831935,6.52484532095901,16.84605930689955,6.52484532095901,3.5927774686776637,-0.57325,45.71909058657404,0.4374540207034048,0.20883277716666665,0.208836,284.413154,0.208836,963,1,1,0.031028229383816927,0.031032,16.88269,0.031032,3.5682463791389467,3.56868,1706.8971838200002,3.56868,1.7114067020131878,34,44,0,0.03752146983511393,20,
09:09:11.052,6.700335431016779,6.699688813320072,16.84629714605295,6.699688813320072,3.5927774686776637,-0.57325,45.71909058657404,0.42684448624490057,0.20883277716666665,0.208836,284.413154,0.208836,961,1,1,0.031167510838330695,0.031171,16.882829,0.031171,3.58426374640803,3.584665,1706.9131688200002,3.584665,1.6699001035635312,34,44,0,0.03752146983511393,20,
09:09:11.297,6.700335431016779,6.699688813320072,16.84629714605295,6.699688813320072,3.6725580381764003,-0.57325,42.16992506650903,0.42684448624490057,0.21465876166666664,0.214662,284.41898,0.214662,961,1,1,0.031167510838330695,0.031171,16.882829,0.031171,3.58426374640803,3.584665,1706.9131688200002,3.584665,1.6699001035635312,34,44,0,-0.012373587352161685,18,
09:09:11.522,6.700335431016779,6.699688813320072,16.84629714605295,6.699688813320072,3.6725580381764003,-0.57325,42.16992506650903,0.42684448624490057,0.21465876166666664,0.214662,284.41898,0.214662,961,1,1,0.031167510838330695,0.031171,16.882829,0.031171,3.58426374640803,3.584665,1706.9131688200002,3.584665,1.6699001035635312,34,44,0,-0.012373587352161685,18,
09:09:11.975,6.700335431016779,6.699688813320072,16.84629714605295,6.699688813320072,3.6725580381764003,-0.57325,42.16992506650903,0.42684448624490057,0.21465876166666664,0.214662,284.41898,0.214662,961,1,1,0.031167510838330695,0.031171,16.882829,0.031171,3.58426374640803,3.584665,1706.9131688200002,3.584665,1.6699001035635312,34,44,0,-0.012373587352161685,18,
09:09:12.209,6.857332351282741,6.856677420385217,16.846506522995217,6.856677420385217,3.6725580381764003,-0.57325,42.16992506650903,0.4232911502511867,0.21465876166666664,0.214662,284.41898,0.214662,953,1,1,0.03130353768350054,0.031307,16.882965000000002,0.031307,3.599906833602562,3.600305,1706.92880882,3.600305,1.6559987499438562,34,44,0,-0.012373587352161685,18,
09:09:12.446,6.857332351282741,6.856677420385217,16.846506522995217,6.856677420385217,3.761177492878145,-0.57325,47.24880259871186,0.4232911502511867,0.22103822999999997,0.221041,284.425359,0.221041,953,1,1,0.03130353768350054,0.031307,16.882965000000002,0.031307,3.599906833602562,3.600305,1706.92880882,3.600305,1.6559987499438562,34,44,0,-0.012373587352161685,20,
09:09:12.668,6.857332351282741,6.856677420385217,16.846506522995217,6.856677420385217,3.761177492878145,-0.58325,47.24880259871186,0.4232911502511867,0.22103822999999997,0.221041,284.425359,0.221041,953,1,1,0.03130353768350054,0.031307,16.882965000000002,0.031307,3.599906833602562,3.600305,1706.92880882,3.600305,1.6559987499438562,34,43,0,-0.012373587352161685,20,
09:09:13.092,6.857332351282741,6.856677420385217,16.846506522995217,6.856677420385217,3.761177492878145,-0.58325,47.24880259871186,0.4232911502511867,0.22103822999999997,0.221041,284.425359,0.221041,953,1,1,0.03130353768350054,0.031307,16.882965000000002,0.031307,3.599906833602562,3.600305,1706.92880882,3.600305,1.6559987499438562,34,43,0,-0.012373587352161685,20,
09:09:13.341,7.032371038672929,7.031684428185144,16.84675663398881,7.031684428185144,3.761177492878145,-0.58325,47.24880259871186,0.4067257401214002,0.22103822999999997,0.221041,284.425359,0.221041,937,0.9,1,0.03143153692893199,0.031435,16.883093,0.031435,3.6146267468271787,3.6150249999999997,1706.9435288200002,3.6150249999999997,1.5911915871884925,34,43,0,-0.012373587352161685,20,
09:09:13.565,7.032371038672929,7.031684428185144,16.84675663398881,7.031684428185144,3.851985892026826,-0.58325,51.63184408671033,0.4067257401214002,0.22757367324999997,0.227576,284.431894,0.227576,937,0.9,1,0.03143153692893199,0.031435,16.883093,0.031435,3.6146267468271787,3.6150249999999997,1706.9435288200002,3.6150249999999997,1.5911915871884925,34,43,0,-0.012373587352161685,21,
09:09:13.794,7.032371038672929,7.031684428185144,16.84675663398881,7.031684428185144,3.851985892026826,-0.58325,51.63184408671033,0.4067257401214002,0.22757367324999997,0.227576,284.431894,0.227576,937,0.9,1,0.03143153692893199,0.031435,16.883093,0.031435,3.6146267468271787,3.6150249999999997,1706.9435288200002,3.6150249999999997,1.5911915871884925,34,43,0,-0.012373587352161685,21,
09:09:14.235,7.032371038672929,7.031684428185144,16.84675663398881,7.031684428185144,3.851985892026826,-0.58325,51.63184408671033,0.4067257401214002,0.22757367324999997,0.227576,284.431894,0.227576,937,0.9,1,0.03143153692893199,0.031435,16.883093,0.031435,3.6146267468271787,3.6150249999999997,1706.9435288200002,3.6150249999999997,1.5911915871884925,34,43,0,-0.012373587352161685,21,
09:09:14.470,7.210330980511172,7.209529240321866,16.847012987566828,7.209529240321866,3.851985892026826,-0.58325,51.63184408671033,0.4162753306045068,0.22757367324999997,0.227576,284.431894,0.227576,959,1,1,0.0315621673769359,0.031566,16.883224000000002,0.031566,3.629649248347629,3.6300899999999996,1706.9585938200003,3.6300899999999996,1.628551475041371,34,43,0,-0.012373587352161685,21,
09:09:14.700,7.210330980511172,7.209529240321866,16.847012987566828,7.209529240321866,3.948385353176381,-0.58325,52.84963672493404,0.4162753306045068,0.23451461763888887,0.234517,284.438835,0.234517,959,1,1,0.0315621673769359,0.031566,16.883224000000002,0.031566,3.629649248347629,3.6300899999999996,1706.9585938200003,3.6300899999999996,1.628551475041371,34,43,0,-0.012373587352161685,22,
09:09:14.932,7.210330980511172,7.209529240321866,16.847012987566828,7.209529240321866,3.948385353176381,-0.6132500000000001,52.84963672493404,0.4162753306045068,0.23451461763888887,0.234517,284.438835,0.234517,959,1,1,0.0315621673769359,0.031566,16.883224000000002,0.031566,3.629649248347629,3.6300899999999996,1706.9585938200003,3.6300899999999996,1.628551475041371,34,40,0,-0.012373587352161685,22,
09:09:15.391,7.210330980511172,7.209529240321866,16.847012987566828,7.209529240321866,3.948385353176381,-0.6132500000000001,52.84963672493404,0.4162753306045068,0.23451461763888887,0.234517,284.438835,0.234517,959,1,1,0.0315621673769359,0.031566,16.883224000000002,0.031566,3.629649248347629,3.6300899999999996,1706.9585938200003,3.6300899999999996,1.628551475041371,34,40,0,-0.012373587352161685,22,
09:09:15.631,7.40056823009463,7.39964660966144,16.847297375977078,7.39964660966144,3.948385353176381,-0.6132500000000001,52.84963672493404,0.39248211203296135,0.23451461763888887,0.234517,284.438835,0.234517,972,1,1,0.031688731236235106,0.031693,16.883351,0.031693,3.6442040921670373,3.644695,1706.97319882,3.644695,1.5354676952641686,34,40,0,-0.012373587352161685,22,
09:09:15.846,7.40056823009463,7.39964660966144,16.847297375977078,7.39964660966144,4.060470328802938,-0.6132500000000001,63.69717047869039,0.39248211203296135,0.24246285583333332,0.242465,284.446783,0.242465,972,1,1,0.031688731236235106,0.031693,16.883351,0.031693,3.6442040921670373,3.644695,1706.97319882,3.644695,1.5354676952641686,34,40,0,0.04358679790533589,25,
09:09:16.082,7.40056823009463,7.39964660966144,16.847297375977078,7.39964660966144,4.060470328802938,-0.69325,63.69717047869039,0.39248211203296135,0.24246285583333332,0.242465,284.446783,0.242465,972,1,1,0.031688731236235106,0.031693,16.883351,0.031693,3.6442040921670373,3.644695,1706.97319882,3.644695,1.5354676952641686,34,32,0,0.04358679790533589,25,
09:09:16.528,7.40056823009463,7.39964660966144,16.847297375977078,7.39964660966144,4.060470328802938,-0.69325,63.69717047869039,0.39248211203296135,0.24246285583333332,0.242465,284.446783,0.242465,972,1,1,0.031688731236235106,0.031693,16.883351,0.031693,3.6442040921670373,3.644695,1706.97319882,3.644695,1.5354676952641686,34,32,0,0.04358679790533589,25,
09:09:16.750,7.625218330490001,7.624206024778316,16.84765936603042,7.624206024778316,4.060470328802938,-0.69325,63.69717047869039,0.34991130093943906,0.24246285583333332,0.242465,284.446783,0.242465,1011,1,1,0.03179749684855942,0.031802,16.88346,0.031802,3.656712137584333,3.6572299999999998,1706.9857338200002,3.6572299999999998,1.368922257418055,34,32,0,0.04358679790533589,25,
09:09:17.001,7.625218330490001,7.624206024778316,16.84765936603042,7.624206024778316,4.177807492385076,-0.69325,74.30454498095776,0.34991130093943906,0.2508107978888889,0.250813,284.455131,0.250813,1011,1,1,0.03179749684855942,0.031802,16.88346,0.031802,3.656712137584333,3.6572299999999998,1706.9857338200002,3.6572299999999998,1.368922257418055,34,32,0,0.0373072939139519,26,
09:09:17.226,7.625218330490001,7.624206024778316,16.84765936603042,7.624206024778316,4.177807492385076,-0.7432500000000001,74.30454498095776,0.34991130093943906,0.2508107978888889,0.250813,284.455131,0.250813,1011,1,1,0.03179749684855942,0.031802,16.88346,0.031802,3.656712137584333,3.6572299999999998,1706.9857338200002,3.6572299999999998,1.368922257418055,34,27,0,0.0373072939139519,26,
09:09:17.687,7.625218330490001,7.624206024778316,16.84765936603042,7.624206024778316,4.177807492385076,-0.7432500000000001,74.30454498095776,0.34991130093943906,0.2508107978888889,0.250813,284.455131,0.250813,1011,1,1,0.03179749684855942,0.031802,16.88346,0.031802,3.656712137584333,3.6572299999999998,1706.9857338200002,3.6572299999999998,1.368922257418055,34,27,0,0.0373072939139519,26,
09:09:17.902,7.863657226217383,7.862722969372081,16.848057017842862,7.862722969372081,4.177807492385076,-0.7432500000000001,74.30454498095776,0.3045824723589126,0.2508107978888889,0.250813,284.455131,0.250813,1043,1,1,0.03189493014175227,0.031899,16.883557,0.031899,3.667916966301511,3.668385,1706.99688882,3.668385,1.1915869093456304,34,27,0,0.0373072939139519,26,
09:09:18.129,7.863657226217383,7.862722969372081,16.848057017842862,7.862722969372081,4.290947179568254,-0.7432500000000001,85.3627583972141,0.3045824723589126,0.25894556738888885,0.258948,284.463266,0.258948,1043,1,1,0.03189493014175227,0.031899,16.883557,0.031899,3.667916966301511,3.668385,1706.99688882,3.668385,1.1915869093456304,34,27,0,0.031030965793735942,26,
09:09:18.374,7.863657226217383,7.862722969372081,16.848057017842862,7.862722969372081,4.290947179568254,-0.77325,85.3627583972141,0.3045824723589126,0.25894556738888885,0.258948,284.463266,0.258948,1043,1,1,0.03189493014175227,0.031899,16.883557,0.031899,3.667916966301511,3.668385,1706.99688882,3.668385,1.1915869093456304,34,24,0,0.031030965793735942,26,
09:09:18.842,7.863657226217383,7.862722969372081,16.848057017842862,7.862722969372081,4.290947179568254,-0.77325,85.3627583972141,0.3045824723589126,0.25894556738888885,0.258948,284.463266,0.258948,1043,1,1,0.03189493014175227,0.031899,16.883557,0.031899,3.667916966301511,3.668385,1706.99688882,3.668385,1.1915869093456304,34,24,0,0.031030965793735942,26,
09:09:19.060,8.096615528372745,8.095666854248735,16.848452028483898,8.095666854248735,4.290947179568254,-0.77325,85.3627583972141,0.2704803973137207,0.25894556738888885,0.258948,284.463266,0.258948,1042,1,1,0.03198195177743998,0.031986,16.883644,0.031986,3.677924454405598,3.6783900000000003,1707.0068938200002,3.6783900000000003,1.0581728429003066,34,24,0,0.031030965793735942,26,
09:09:19.278,8.096615528372745,8.095666854248735,16.848452028483898,8.095666854248735,4.4105066684090195,-0.77325,99.82239107954152,0.2704803973137207,0.26756932688888885,0.267572,284.47189,0.267572,1042,1,1,0.03198195177743998,0.031986,16.883644,0.031986,3.677924454405598,3.6783900000000003,1707.0068938200002,3.6783900000000003,1.0581728429003066,34,24,0,0.030939359012754686,27,
09:09:19.519,8.096615528372745,8.095666854248735,16.848452028483898,8.095666854248735,4.4105066684090195,-0.78325,99.82239107954152,0.2704803973137207,0.26756932688888885,0.267572,284.47189,0.267572,1042,1,1,0.03198195177743998,0.031986,16.883644,0.031986,3.677924454405598,3.6783900000000003,1707.0068938200002,3.6783900000000003,1.0581728429003066,34,23,0,0.030939359012754686,27,
09:09:19.957,8.096615528372745,8.095666854248735,16.848452028483898,8.095666854248735,4.4105066684090195,-0.78325,99.82239107954152,0.2704803973137207,0.26756932688888885,0.267572,284.47189,0.267572,1042,1,1,0.03198195177743998,0.031986,16.883644,0.031986,3.677924454405598,3.6783900000000003,1707.0068938200002,3.6783900000000003,1.0581728429003066,34,23,0,0.030939359012754686,27,
09:09:20.187,8.345050094996319,8.344154426669162,16.848881985462327,8.344154426669162,4.4105066684090195,-0.78325,99.82239107954152,0.25945914312055524,0.26756932688888885,0.267572,284.47189,0.267572,1043,1,1,0.032063237948604176,0.032067,16.883725000000002,0.032067,3.68727236408948,3.687705,1707.0162088200002,3.687705,1.0150555153685001,34,23,0,0.030939359012754686,27,
09:09:20.422,8.345050094996319,8.344154426669162,16.848881985462327,8.344154426669162,4.5286449359838485,-0.78325,104.06262687553357,0.25945914312055524,0.2761807106388888,0.276183,284.480501,0.276183,1043,1,1,0.032063237948604176,0.032067,16.883725000000002,0.032067,3.68727236408948,3.687705,1707.0162088200002,3.687705,1.0150555153685001,34,23,0,0.01237895545499794,27,
09:09:20.667,8.345050094996319,8.344154426669162,16.848881985462327,8.344154426669162,4.5286449359838485,-0.78325,104.06262687553357,0.25945914312055524,0.2761807106388888,0.276183,284.480501,0.276183,1043,1,1,0.032063237948604176,0.032067,16.883725000000002,0.032067,3.68727236408948,3.687705,1707.0162088200002,3.687705,1.0150555153685001,34,23,0,0.01237895545499794,27,
09:09:21.112,8.345050094996319,8.344154426669162,16.848881985462327,8.344154426669162,4.5286449359838485,-0.78325,104.06262687553357,0.25945914312055524,0.2761807106388888,0.276183,284.480501,0.276183,1043,1,1,0.032063237948604176,0.032067,16.883725000000002,0.032067,3.68727236408948,3.687705,1707.0162088200002,3.687705,1.0150555153685001,34,23,0,0.01237895545499794,27,
09:09:21.331,8.591865163364984,8.590985442329226,16.84931116834676,8.590985442329226,4.5286449359838485,-0.78325,104.06262687553357,0.2557277076969615,0.2761807106388888,0.276183,284.480501,0.276183,1028,1,1,0.0321444419095985,0.032148,16.883806,0.032148,3.696610819603828,3.69702,1707.0255238200002,3.69702,1.0004574015329035,34,23,0,0.01237895545499794,27,
09:09:21.539,8.591865163364984,8.590985442329226,16.84931116834676,8.590985442329226,4.641975875342808,-0.78325,105.58105041943723,0.2557277076969615,0.28452720113888885,0.284529,284.488847,0.284529,1028,1,1,0.0321444419095985,0.032148,16.883806,0.032148,3.696610819603828,3.69702,1707.0255238200002,3.69702,1.0004574015329035,34,23,0,0.00624265667210223,27,
09:09:21.768,8.591865163364984,8.590985442329226,16.84931116834676,8.590985442329226,4.641975875342808,-0.77325,105.58105041943723,0.2557277076969615,0.28452720113888885,0.284529,284.488847,0.284529,1028,1,1,0.0321444419095985,0.032148,16.883806,0.032148,3.696610819603828,3.69702,1707.0255238200002,3.69702,1.0004574015329035,34,24,0,0.00624265667210223,27,
09:09:22.244,8.591865163364984,8.590985442329226,16.84931116834676,8.590985442329226,4.641975875342808,-0.77325,105.58105041943723,0.2557277076969615,0.28452720113888885,0.284529,284.488847,0.284529,1028,1,1,0.0321444419095985,0.032148,16.883806,0.032148,3.696610819603828,3.69702,1707.0255238200002,3.69702,1.0004574015329035,34,24,0,0.00624265667210223,27,
09:09:22.476,8.828592292508063,8.827805528838695,16.84972265572227,8.827805528838695,4.641975875342808,-0.77325,105.58105041943723,0.2626930538210033,0.28452720113888885,0.284529,284.488847,0.284529,1012,1,1,0.03222792396703362,0.032231,16.883889,0.032231,3.7062112562088663,3.7065650000000003,1707.03506882,3.7065650000000003,1.027707214026018,34,24,0,0.00624265667210223,27,
09:09:22.716,8.828592292508063,8.827805528838695,16.84972265572227,8.827805528838695,4.75532875522151,-0.77325,98.97482869005043,0.2626930538210033,0.2930302916944444,0.293032,284.49735,0.293032,1012,1,1,0.03222792396703362,0.032231,16.883889,0.032231,3.7062112562088663,3.7065650000000003,1707.03506882,3.7065650000000003,1.027707214026018,34,24,0,0,26,
09:09:22.930,8.828592292508063,8.827805528838695,16.84972265572227,8.827805528838695,4.75532875522151,-0.7332500000000001,98.97482869005043,0.2626930538210033,0.2930302916944444,0.293032,284.49735,0.293032,1012,1,1,0.03222792396703362,0.032231,16.883889,0.032231,3.7062112562088663,3.7065650000000003,1707.03506882,3.7065650000000003,1.027707214026018,34,28,0,0,26,
09:09:23.361,8.828592292508063,8.827805528838695,16.84972265572227,8.827805528838695,4.75532875522151,-0.7332500000000001,98.97482869005043,0.2626930538210033,0.2930302916944444,0.293032,284.49735,0.293032,1012,1,1,0.03222792396703362,0.032231,16.883889,0.032231,3.7062112562088663,3.7065650000000003,1707.03506882,3.7065650000000003,1.027707214026018,34,28,0,0,26,
09:09:23.608,9.070235128013092,9.06939028164655,16.850147429798493,9.06939028164655,4.75532875522151,-0.7332500000000001,98.97482869005043,0.25071208164739267,0.2930302916944444,0.293032,284.49735,0.293032,887,0.9,1,0.03230680214556191,0.03231,16.883968,0.03231,3.71528224673962,3.7156499999999997,1707.0441538200002,3.7156499999999997,0.9808352798246114,34,28,0,0,26,
09:09:23.832,9.070235128013092,9.06939028164655,16.850147429798493,9.06939028164655,4.846754441875699,-0.7332500000000001,91.73869822654873,0.25071208164739267,0.30016824586111107,0.30017,284.504488,0.30017,887,0.9,1,0.03230680214556191,0.03231,16.883968,0.03231,3.71528224673962,3.7156499999999997,1707.0441538200002,3.7156499999999997,0.9808352798246114,34,28,0,-0.024880210485867443,23,
09:09:24.059,9.070235128013092,9.06939028164655,16.850147429798493,9.06939028164655,4.846754441875699,-0.6132500000000001,91.73869822654873,0.25071208164739267,0.30016824586111107,0.30017,284.504488,0.30017,887,0.9,1,0.03230680214556191,0.03231,16.883968,0.03231,3.71528224673962,3.7156499999999997,1707.0441538200002,3.7156499999999997,0.9808352798246114,34,40,0,-0.024880210485867443,23,
09:09:24.520,9.070235128013092,9.06939028164655,16.850147429798493,9.06939028164655,4.846754441875699,-0.6132500000000001,91.73869822654873,0.25071208164739267,0.30016824586111107,0.30017,284.504488,0.30017,887,0.9,1,0.03230680214556191,0.03231,16.883968,0.03231,3.71528224673962,3.7156499999999997,1707.0441538200002,3.7156499999999997,0.9808352798246114,34,40,0,-0.024880210485867443,23,
09:09:24.762,9.264525896237059,9.263648427614728,16.850477382189037,9.263648427614728,4.846754441875699,-0.6132500000000001,91.73869822654873,0.2899199140325784,0.30016824586111107,0.30017,284.504488,0.30017,718,0.7,1,0.032399741683816694,0.032403,16.884061,0.032403,3.7259702936389196,3.7263450000000002,1707.0548488200002,3.7263450000000002,1.1342240794235319,34,40,0,-0.024880210485867443,23,
09:09:24.991,9.264525896237059,9.263648427614728,16.850477382189037,9.263648427614728,4.91474964882911,-0.6132500000000001,62.08611112507896,0.2899199140325784,0.30596096536111106,0.305963,284.510281,0.305963,718,0.7,1,0.032399741683816694,0.032403,16.884061,0.032403,3.7259702936389196,3.7263450000000002,1707.0548488200002,3.7263450000000002,1.1342240794235319,34,40,0,-0.05578981224402874,18,
09:09:25.221,9.264525896237059,9.263648427614728,16.850477382189037,9.263648427614728,4.91474964882911,-0.42325,62.08611112507896,0.2899199140325784,0.30596096536111106,0.305963,284.510281,0.305963,718,0.7,1,0.032399741683816694,0.032403,16.884061,0.032403,3.7259702936389196,3.7263450000000002,1707.0548488200002,3.7263450000000002,1.1342240794235319,34,59,0,-0.05578981224402874,18,
09:09:25.687,9.264525896237059,9.263648427614728,16.850477382189037,9.263648427614728,4.91474964882911,-0.42325,62.08611112507896,0.2899199140325784,0.30596096536111106,0.305963,284.510281,0.305963,718,0.7,1,0.032399741683816694,0.032403,16.884061,0.032403,3.7259702936389196,3.7263450000000002,1707.0548488200002,3.7263450000000002,1.1342240794235319,34,59,0,-0.05578981224402874,18,
09:09:25.911,9.382043075025257,9.381051663345087,16.850608906880385,9.381051663345087,4.91474964882911,-0.42325,62.08611112507896,0.6630165881209371,0.30596096536111106,0.305963,284.510281,0.305963,1039,1,1,0.03261133666882972,0.032615,16.884273,0.032615,3.7503037169154174,3.7507249999999996,1707.0792288200003,3.7507249999999996,2.5938521050316576,34,59,0,-0.05578981224402874,18,
09:09:26.134,9.382043075025257,9.381051663345087,16.850608906880385,9.381051663345087,4.981061665864939,-0.42325,27.14864201363952,0.6630165881209371,0.31166856886111105,0.311671,284.515989,0.311671,1039,1,1,0.03261133666882972,0.032615,16.884273,0.032615,3.7503037169154174,3.7507249999999996,1707.0792288200003,3.7507249999999996,2.5938521050316576,34,59,0,-0.05548204083967865,18,
09:09:26.385,9.382043075025257,9.381051663345087,16.850608906880385,9.381051663345087,4.981061665864939,-0.65325,27.14864201363952,0.6630165881209371,0.31166856886111105,0.311671,284.515989,0.311671,1039,1,1,0.03261133666882972,0.032615,16.884273,0.032615,3.7503037169154174,3.7507249999999996,1707.0792288200003,3.7507249999999996,2.5938521050316576,34,36,0,-0.05548204083967865,18,
09:09:26.830,9.382043075025257,9.381051663345087,16.850608906880385,9.381051663345087,4.981061665864939,-0.65325,27.14864201363952,0.6630165881209371,0.31166856886111105,0.311671,284.515989,0.311671,1039,1,1,0.03261133666882972,0.032615,16.884273,0.032615,3.7503037169154174,3.7507249999999996,1707.0792288200003,3.7507249999999996,2.5938521050316576,34,36,0,-0.05548204083967865,18,
09:09:27.054,9.515730358168621,9.514638092621425,16.850805254431375,9.514638092621425,4.981061665864939,-0.65325,27.14864201363952,0.4458254149580761,0.31166856886111105,0.311671,284.515989,0.311671,1145,1.1,1,0.03275298449304675,0.032757,16.884415,0.032757,3.766593216700376,3.767055,1707.0955588200002,3.767055,1.7441572530530485,34,36,0,-0.05548204083967865,18,
09:09:27.294,9.515730358168621,9.514638092621425,16.850805254431375,9.514638092621425,5.058117579710703,-0.65325,44.860609846302125,0.4458254149580761,0.31812216441666663,0.318125,284.522443,0.318125,1145,1.1,1,0.03275298449304675,0.032757,16.884415,0.032757,3.766593216700376,3.767055,1707.0955588200002,3.767055,1.7441572530530485,34,36,0,-0.05548204083967865,20,
09:09:27.509,9.515730358168621,9.514638092621425,16.850805254431375,9.514638092621425,5.058117579710703,-0.71325,44.860609846302125,0.4458254149580761,0.31812216441666663,0.318125,284.522443,0.318125,1145,1.1,1,0.03275298449304675,0.032757,16.884415,0.032757,3.766593216700376,3.767055,1707.0955588200002,3.767055,1.7441572530530485,34,30,0,-0.05548204083967865,20,
09:09:27.980,9.515730358168621,9.514638092621425,16.850805254431375,9.514638092621425,5.058117579710703,-0.71325,44.860609846302125,0.4458254149580761,0.31812216441666663,0.318125,284.522443,0.318125,1145,1.1,1,0.03275298449304675,0.032757,16.884415,0.032757,3.766593216700376,3.767055,1707.0955588200002,3.767055,1.7441572530530485,34,30,3.9215686274509802,-0.05548204083967865,20,
09:09:28.187,9.677130911543836,9.675923109678205,16.85106673941173,9.675923109678205,5.058117579710703,-0.71325,44.860609846302125,0.3835266670163362,0.31812216441666663,0.318125,284.522443,0.318125,1182,1.2,1,0.03287360348067413,0.032878,16.884536,0.032878,3.7804644002775247,3.7809699999999995,1707.1094738200002,3.7809699999999995,1.5004322220587358,34,30,3.9215686274509802,-0.05548204083967865,20,
09:09:28.434,9.677130911543836,9.675923109678205,16.85106673941173,9.675923109678205,5.137982989678306,-0.71325,54.75499308397638,0.3835266670163362,0.3247722099166666,0.324775,284.529093,0.324775,1182,1.2,1,0.03287360348067413,0.032878,16.884536,0.032878,3.7804644002775247,3.7809699999999995,1707.1094738200002,3.7809699999999995,1.5004322220587358,34,30,3.9215686274509802,-0.05548204083967865,21,
09:09:28.652,9.677130911543836,9.675923109678205,16.85106673941173,9.675923109678205,5.137982989678306,-0.6032500000000001,54.75499308397638,0.3835266670163362,0.3247722099166666,0.324775,284.529093,0.324775,1182,1.2,1,0.03287360348067413,0.032878,16.884536,0.032878,3.7804644002775247,3.7809699999999995,1707.1094738200002,3.7809699999999995,1.5004322220587358,34,41,3.9215686274509802,-0.05548204083967865,21,
09:09:29.116,9.677130911543836,9.675923109678205,16.85106673941173,9.675923109678205,5.137982989678306,-0.6032500000000001,54.75499308397638,0.3835266670163362,0.3247722099166666,0.324775,284.529093,0.324775,1182,1.2,1,0.03287360348067413,0.032878,16.884536,0.032878,3.7804644002775247,3.7809699999999995,1707.1094738200002,3.7809699999999995,1.5004322220587358,34,41,5.490196078431373,-0.05548204083967865,21,
09:09:29.354,9.826037349755682,9.824696735940948,16.85128194346188,9.824696735940948,5.137982989678306,-0.6032500000000001,54.75499308397638,0.5507598685224441,0.3247722099166666,0.324775,284.529093,0.324775,1242,1.2,1,0.03305220592559032,0.033057,16.884715,0.033057,3.8010036814428867,3.8015550000000005,1707.1300588200002,3.8015550000000005,2.154681602134093,34,41,5.490196078431373,-0.05548204083967865,21,
09:09:29.585,9.826037349755682,9.824696735940948,16.85128194346188,9.824696735940948,5.2177469194998825,-0.6032500000000001,38.129139758018205,0.5507598685224441,0.3314809819166666,0.331484,284.535802,0.331484,1242,1.2,1,0.03305220592559032,0.033057,16.884715,0.033057,3.8010036814428867,3.8015550000000005,1707.1300588200002,3.8015550000000005,2.154681602134093,34,41,5.490196078431373,0.01849982268569135,21,
09:09:29.813,9.826037349755682,9.824696735940948,16.85128194346188,9.824696735940948,5.2177469194998825,-0.64325,38.129139758018205,0.5507598685224441,0.3314809819166666,0.331484,284.535802,0.331484,1242,1.2,1,0.03305220592559032,0.033057,16.884715,0.033057,3.8010036814428867,3.8015550000000005,1707.1300588200002,3.8015550000000005,2.154681602134093,34,37,5.490196078431373,0.01849982268569135,21,
09:09:30.268,9.826037349755682,9.824696735940948,16.85128194346188,9.824696735940948,5.2177469194998825,-0.64325,38.129139758018205,0.5507598685224441,0.3314809819166666,0.331484,284.535802,0.331484,1242,1.2,1,0.03305220592559032,0.033057,16.884715,0.033057,3.8010036814428867,3.8015550000000005,1707.1300588200002,3.8015550000000005,2.154681602134093,34,37,0,0.01849982268569135,21,
09:09:30.498,9.982749185295006,9.981451370069255,16.851526585816362,9.981451370069255,5.2177469194998825,-0.64325,38.129139758018205,0.4822204300316793,0.3314809819166666,0.331484,284.535802,0.331484,1205,1.2,1,0.03320538017773215,0.03321,16.884868,0.03321,3.818618720439197,3.8191500000000005,1707.1476538200002,3.8191500000000005,1.8865417546669132,34,37,0,0.01849982268569135,21,
09:09:30.728,9.982749185295006,9.981451370069255,16.851526585816362,9.981451370069255,5.3012057821026675,-0.64325,45.62228937200922,0.4822204300316793,0.3384662911388888,0.338469,284.542787,0.338469,1205,1.2,1,0.03320538017773215,0.03321,16.884868,0.03321,3.818618720439197,3.8191500000000005,1707.1476538200002,3.8191500000000005,1.8865417546669132,34,37,0,0.02465892363572529,22,
09:09:30.947,9.982749185295006,9.981451370069255,16.851526585816362,9.981451370069255,5.3012057821026675,-0.6032500000000001,45.62228937200922,0.4822204300316793,0.3384662911388888,0.338469,284.542787,0.338469,1205,1.2,1,0.03320538017773215,0.03321,16.884868,0.03321,3.818618720439197,3.8191500000000005,1707.1476538200002,3.8191500000000005,1.8865417546669132,34,41,0,0.02465892363572529,22,
09:09:31.401,9.982749185295006,9.981451370069255,16.851526585816362,9.981451370069255,5.3012057821026675,-0.6032500000000001,45.62228937200922,0.4822204300316793,0.3384662911388888,0.338469,284.542787,0.338469,1205,1.2,1,0.03320538017773215,0.03321,16.884868,0.03321,3.818618720439197,3.8191500000000005,1707.1476538200002,3.8191500000000005,1.8865417546669132,34,41,2.7450980392156863,0.02465892363572529,22,
09:09:31.631,10.141406561352834,10.140177956200008,16.85177160109273,10.140177956200008,5.3012057821026675,-0.6032500000000001,45.62228937200922,0.5383433819535001,0.3384662911388888,0.338469,284.542787,0.338469,1214,1.2,1,0.033374689111540595,0.033379,16.885037,0.033379,3.8380892478271686,3.8385849999999997,1707.1670888200001,3.8385849999999997,2.1061058494289764,34,41,2.7450980392156863,0.02465892363572529,22,
09:09:31.864,10.141406561352834,10.140177956200008,16.85177160109273,10.140177956200008,5.3783728929920365,-0.6032500000000001,39.008559785386005,0.5383433819535001,0.3450894630555555,0.345092,284.54941,0.345092,1214,1.2,1,0.033374689111540595,0.033379,16.885037,0.033379,3.8380892478271686,3.8385849999999997,1707.1670888200001,3.8385849999999997,2.1061058494289764,34,41,2.7450980392156863,0.02465892363572529,21,
09:09:32.104,10.141406561352834,10.140177956200008,16.85177160109273,10.140177956200008,5.3783728929920365,-0.49325,39.008559785386005,0.5383433819535001,0.3450894630555555,0.345092,284.54941,0.345092,1214,1.2,1,0.033374689111540595,0.033379,16.885037,0.033379,3.8380892478271686,3.8385849999999997,1707.1670888200001,3.8385849999999997,2.1061058494289764,34,52,2.7450980392156863,0.02465892363572529,21,
09:09:32.560,10.141406561352834,10.140177956200008,16.85177160109273,10.140177956200008,5.3783728929920365,-0.49325,39.008559785386005,0.5383433819535001,0.3450894630555555,0.345092,284.54941,0.345092,1214,1.2,1,0.033374689111540595,0.033379,16.885037,0.033379,3.8380892478271686,3.8385849999999997,1707.1670888200001,3.8385849999999997,2.1061058494289764,34,52,7.8431372549019605,0.02465892363572529,21,
09:09:32.797,10.266828068086701,10.265706806282722,16.85192730659864,10.265706806282722,5.3783728929920365,-0.49325,39.008559785386005,0.7322698664318675,0.3450894630555555,0.345092,284.54941,0.345092,1302,1.3,1,0.03361208162511535,0.033616,16.885274,0.033616,3.8653893868882654,3.86584,1707.19434382,3.86584,2.864784635145647,34,52,7.8431372549019605,0.02465892363572529,21,
09:09:33.001,10.266828068086701,10.265706806282722,16.85192730659864,10.265706806282722,5.464790066557857,-0.49325,31.40918540328873,0.7322698664318675,0.3523621972222222,0.352365,284.556683,0.352365,1302,1.3,1,0.03361208162511535,0.033616,16.885274,0.033616,3.8653893868882654,3.86584,1707.19434382,3.86584,2.864784635145647,34,52,7.8431372549019605,0.02465892363572529,23,
09:09:33.241,10.266828068086701,10.265706806282722,16.85192730659864,10.265706806282722,5.464790066557857,-0.36325,31.40918540328873,0.7322698664318675,0.3523621972222222,0.352365,284.556683,0.352365,1302,1.3,1,0.03361208162511535,0.033616,16.885274,0.033616,3.8653893868882654,3.86584,1707.19434382,3.86584,2.864784635145647,34,65,7.8431372549019605,0.02465892363572529,23,
09:09:33.692,10.266828068086701,10.265706806282722,16.85192730659864,10.265706806282722,5.464790066557857,-0.36325,31.40918540328873,0.7322698664318675,0.3523621972222222,0.352365,284.556683,0.352365,1302,1.3,1,0.03361208162511535,0.033616,16.885274,0.033616,3.8653893868882654,3.86584,1707.19434382,3.86584,2.864784635145647,34,65,8.235294117647058,0.02465892363572529,23,
09:09:33.923,10.387149475733384,10.385975771509417,16.852047648926586,10.385975771509417,5.464790066557857,-0.36325,31.40918540328873,0.9940760283550892,0.3523621972222222,0.352365,284.556683,0.352365,1414,1.4,1,0.03392289656035239,0.033927,16.885585,0.033927,3.901133104440525,3.901605,1707.2301088200002,3.901605,3.8890221525498716,34,65,8.235294117647058,0.02465892363572529,23,
09:09:34.137,10.387149475733384,10.385975771509417,16.852047648926586,10.385975771509417,5.564651434882171,-0.36325,26.154941129626216,0.9940760283550892,0.3605544743888888,0.360557,284.56487500000003,0.360557,1414,1.4,1,0.03392289656035239,0.033927,16.885585,0.033927,3.901133104440525,3.901605,1707.2301088200002,3.901605,3.8890221525498716,34,65,8.235294117647058,0.02465892363572529,26,
09:09:34.377,10.387149475733384,10.385975771509417,16.852047648926586,10.385975771509417,5.564651434882171,-0.46325000000000005,26.154941129626216,0.9940760283550892,0.3605544743888888,0.360557,284.56487500000003,0.360557,1414,1.4,1,0.03392289656035239,0.033927,16.885585,0.033927,3.901133104440525,3.901605,1707.2301088200002,3.901605,3.8890221525498716,34,55,8.235294117647058,0.02465892363572529,26,
09:09:34.829,10.387149475733384,10.385975771509417,16.852047648926586,10.385975771509417,5.564651434882171,-0.46325000000000005,26.154941129626216,0.9940760283550892,0.3605544743888888,0.360557,284.56487500000003,0.360557,1414,1.4,1,0.03392289656035239,0.033927,16.885585,0.033927,3.901133104440525,3.901605,1707.2301088200002,3.901605,3.8890221525498716,34,55,7.0588235294117645,0.02465892363572529,26,
09:09:35.046,10.542029792008515,10.540753084254225,16.8522543471865,10.540753084254225,5.564651434882171,-0.46325000000000005,26.154941129626216,0.8934895082408214,0.3605544743888888,0.360557,284.56487500000003,0.360557,1502,1.5,1,0.03420161785752213,0.034206,16.885864,0.034206,3.9331860536150454,3.93369,1707.2621938200002,3.93369,3.4955077795903033,34,55,7.0588235294117645,0.02465892363572529,26,
09:09:35.299,10.542029792008515,10.540753084254225,16.8522543471865,10.540753084254225,5.670955787569551,-0.46325000000000005,30.218597701454726,0.8934895082408214,0.3692736683888888,0.369276,284.573594,0.369276,1502,1.5,1,0.03420161785752213,0.034206,16.885864,0.034206,3.9331860536150454,3.93369,1707.2621938200002,3.93369,3.4955077795903033,34,55,7.0588235294117645,0.02465892363572529,27,
09:09:35.515,10.542029792008515,10.540753084254225,16.8522543471865,10.540753084254225,5.670955787569551,-0.54325,30.218597701454726,0.8934895082408214,0.3692736683888888,0.369276,284.573594,0.369276,1502,1.5,1,0.03420161785752213,0.034206,16.885864,0.034206,3.9331860536150454,3.93369,1707.2621938200002,3.93369,3.4955077795903033,34,47,7.0588235294117645,0.02465892363572529,27,
09:09:35.991,10.542029792008515,10.540753084254225,16.8522543471865,10.540753084254225,5.670955787569551,-0.54325,30.218597701454726,0.8934895082408214,0.3692736683888888,0.369276,284.573594,0.369276,1502,1.5,1,0.03420161785752213,0.034206,16.885864,0.034206,3.9331860536150454,3.93369,1707.2621938200002,3.93369,3.4955077795903033,34,47,4.313725490196078,0.02465892363572529,27,
09:09:36.210,10.717173092980937,10.715765648123966,16.85251619984438,10.715765648123966,5.670955787569551,-0.54325,30.218597701454726,0.7869110599391019,0.3692736683888888,0.369276,284.573594,0.369276,1548,1.5,1,0.03445625681185829,0.034461,16.886119,0.034461,3.962469533363703,3.963015,1707.2915188200002,3.963015,3.078551797746909,34,47,4.313725490196078,0.02465892363572529,27,
09:09:36.466,10.717173092980937,10.715765648123966,16.85251619984438,10.715765648123966,5.781739060031348,-0.54325,35.58216604830397,0.7869110599391019,0.3783647223888888,0.378367,284.582685,0.378367,1548,1.5,1,0.03445625681185829,0.034461,16.886119,0.034461,3.962469533363703,3.963015,1707.2915188200002,3.963015,3.078551797746909,34,47,4.313725490196078,0.04307860848703555,28,
09:09:36.670,10.717173092980937,10.715765648123966,16.85251619984438,10.715765648123966,5.781739060031348,-0.6132500000000001,35.58216604830397,0.7869110599391019,0.3783647223888888,0.378367,284.582685,0.378367,1548,1.5,1,0.03445625681185829,0.034461,16.886119,0.034461,3.962469533363703,3.963015,1707.2915188200002,3.963015,3.078551797746909,34,40,4.313725490196078,0.04307860848703555,28,
09:09:37.124,10.717173092980937,10.715765648123966,16.85251619984438,10.715765648123966,5.781739060031348,-0.6132500000000001,35.58216604830397,0.7869110599391019,0.3783647223888888,0.378367,284.582685,0.378367,1548,1.5,1,0.03445625681185829,0.034461,16.886119,0.034461,3.962469533363703,3.963015,1707.2915188200002,3.963015,3.078551797746909,34,40,4.313725490196078,0.04307860848703555,28,
09:09:37.353,10.913111758966583,10.91180966113915,16.852840992772087,10.91180966113915,5.781739060031348,-0.6132500000000001,35.58216604830397,0.675768363090262,0.3783647223888888,0.378367,284.582685,0.378367,1562,1.6,1,0.03467065404860456,0.034675,16.886333,0.034675,3.9871252155895243,3.9876249999999995,1707.3161288200001,3.9876249999999995,2.6437395723133066,34,40,4.313725490196078,0.04307860848703555,28,
09:09:37.589,10.913111758966583,10.91180966113915,16.852840992772087,10.91180966113915,5.882235861798512,-0.6132500000000001,39.95451914400086,0.675768363090262,0.38677325513888877,0.386776,284.591094,0.386776,1562,1.6,1,0.03467065404860456,0.034675,16.886333,0.034675,3.9871252155895243,3.9876249999999995,1707.3161288200001,3.9876249999999995,2.6437395723133066,34,40,4.313725490196078,0.04307860848703555,27,
09:09:37.823,10.913111758966583,10.91180966113915,16.852840992772087,10.91180966113915,5.882235861798512,-0.7432500000000001,39.95451914400086,0.675768363090262,0.38677325513888877,0.386776,284.591094,0.386776,1562,1.6,1,0.03467065404860456,0.034675,16.886333,0.034675,3.9871252155895243,3.9876249999999995,1707.3161288200001,3.9876249999999995,2.6437395723133066,34,27,4.313725490196078,0.04307860848703555,27,
09:09:38.280,10.913111758966583,10.91180966113915,16.852840992772087,10.91180966113915,5.882235861798512,-0.7432500000000001,39.95451914400086,0.675768363090262,0.38677325513888877,0.386776,284.591094,0.386776,1562,1.6,1,0.03467065404860456,0.034675,16.886333,0.034675,3.9871252155895243,3.9876249999999995,1707.3161288200001,3.9876249999999995,2.6437395723133066,34,27,0,0.04307860848703555,27,
09:09:38.522,11.110643196939437,11.109464311360044,16.853199244152407,11.109464311360044,5.882235861798512,-0.7432500000000001,39.95451914400086,0.43278161460777437,0.38677325513888877,0.386776,284.591094,0.386776,1482,1.5,1,0.03481105893540261,0.034815,16.886473,0.034815,4.0032717775713,4.003725,1707.3322288200002,4.003725,1.6931273246886147,34,27,0,0.04307860848703555,27,
09:09:38.746,11.110643196939437,11.109464311360044,16.853199244152407,11.109464311360044,5.984965747443375,-0.7432500000000001,62.38712340973594,0.43278161460777437,0.39545175113888875,0.395454,284.599772,0.395454,1482,1.5,1,0.03481105893540261,0.034815,16.886473,0.034815,4.0032717775713,4.003725,1707.3322288200002,4.003725,1.6931273246886147,34,27,0,0.04307860848703555,27,
09:09:38.979,11.110643196939437,11.109464311360044,16.853199244152407,11.109464311360044,5.984965747443375,-0.79325,62.38712340973594,0.43278161460777437,0.39545175113888875,0.395454,284.599772,0.395454,1482,1.5,1,0.03481105893540261,0.034815,16.886473,0.034815,4.0032717775713,4.003725,1707.3322288200002,4.003725,1.6931273246886147,34,22,0,0.04307860848703555,27,
09:09:39.458,11.110643196939437,11.109464311360044,16.853199244152407,11.109464311360044,5.984965747443375,-0.79325,62.38712340973594,0.43278161460777437,0.39545175113888875,0.395454,284.599772,0.395454,1482,1.5,1,0.03481105893540261,0.034815,16.886473,0.034815,4.0032717775713,4.003725,1707.3322288200002,4.003725,1.6931273246886147,34,22,0,0.04307860848703555,27,
09:09:39.674,11.325354032771584,11.324246155608375,16.853607352916182,11.324246155608375,5.984965747443375,-0.79325,62.38712340973594,0.3321734629838048,0.39545175113888875,0.395454,284.599772,0.395454,1396,1.4,1,0.03491738536337061,0.034921,16.886579,0.034921,4.015499316787619,4.015915,1707.34441882,4.015915,1.2995283249821745,34,22,0,0.04307860848703555,27,
09:09:39.913,11.325354032771584,11.324246155608375,16.853607352916182,11.324246155608375,6.077726707971639,-0.79325,75.26188207641043,0.3321734629838048,0.4035494900277776,0.403552,284.60787,0.403552,1396,1.4,1,0.03491738536337061,0.034921,16.886579,0.034921,4.015499316787619,4.015915,1707.34441882,4.015915,1.2995283249821745,34,22,0,-0.012278394375019078,25,
09:09:40.127,11.325354032771584,11.324246155608375,16.853607352916182,11.324246155608375,6.077726707971639,-0.77325,75.26188207641043,0.3321734629838048,0.4035494900277776,0.403552,284.60787,0.403552,1396,1.4,1,0.03491738536337061,0.034921,16.886579,0.034921,4.015499316787619,4.015915,1707.34441882,4.015915,1.2995283249821745,34,24,0,-0.012278394375019078,25,
09:09:40.563,11.325354032771584,11.324246155608375,16.853607352916182,11.324246155608375,6.077726707971639,-0.77325,75.26188207641043,0.3321734629838048,0.4035494900277776,0.403552,284.60787,0.403552,1396,1.4,1,0.03491738536337061,0.034921,16.886579,0.034921,4.015499316787619,4.015915,1707.34441882,4.015915,1.2995283249821745,34,24,0.7843137254901961,-0.012278394375019078,25,
09:09:40.796,11.522250630649221,11.521169383618352,16.853981109969183,11.521169383618352,6.077726707971639,-0.77325,75.26188207641043,0.34030691063175417,0.4035494900277776,0.403552,284.60787,0.403552,1311,1.3,1,0.03502349523228863,0.035027,16.886685,0.035027,4.027701951713192,4.028105,1707.3566088200002,4.028105,1.3313479818064318,34,24,0.7843137254901961,-0.012278394375019078,25,
09:09:41.039,11.522250630649221,11.521169383618352,16.853981109969183,11.521169383618352,6.157347043769619,-0.77325,67.58605036054729,0.34030691063175417,0.41076882138888876,0.410771,284.615089,0.410771,1311,1.3,1,0.03502349523228863,0.035027,16.886685,0.035027,4.027701951713192,4.028105,1707.3566088200002,4.028105,1.3313479818064318,34,24,0.7843137254901961,-0.030973949797496472,23,
09:09:41.259,11.522250630649221,11.521169383618352,16.853981109969183,11.521169383618352,6.157347043769619,-0.65325,67.58605036054729,0.34030691063175417,0.41076882138888876,0.410771,284.615089,0.410771,1311,1.3,1,0.03502349523228863,0.035027,16.886685,0.035027,4.027701951713192,4.028105,1707.3566088200002,4.028105,1.3313479818064318,34,36,0.7843137254901961,-0.030973949797496472,23,
09:09:41.735,11.522250630649221,11.521169383618352,16.853981109969183,11.521169383618352,6.157347043769619,-0.65325,67.58605036054729,0.34030691063175417,0.41076882138888876,0.410771,284.615089,0.410771,1311,1.3,1,0.03502349523228863,0.035027,16.886685,0.035027,4.027701951713192,4.028105,1707.3566088200002,4.028105,1.3313479818064318,34,36,0,-0.030973949797496472,23,
09:09:41.941,11.673080211751206,11.6719518085983,16.85424292545721,11.6719518085983,6.157347043769619,-0.65325,67.58605036054729,0.5217520140120716,0.41076882138888876,0.410771,284.615089,0.410771,1340,1.3,1,0.03518941135822666,0.035193,16.886851,0.035193,4.046782306196066,4.047195,1707.3756988200003,4.047195,2.041197134577367,34,36,0,-0.030973949797496472,23,
09:09:42.180,11.673080211751206,11.6719518085983,16.85424292545721,11.6719518085983,6.236784252641147,-0.65325,44.082244787401734,0.5217520140120716,0.41803989124999985,0.418042,284.62236,0.418042,1340,1.3,1,0.03518941135822666,0.035193,16.886851,0.035193,4.046782306196066,4.047195,1707.3756988200003,4.047195,2.041197134577367,34,36,0,-0.024678400992677155,23,
09:09:42.424,11.673080211751206,11.6719518085983,16.85424292545721,11.6719518085983,6.236784252641147,-0.6132500000000001,44.082244787401734,0.5217520140120716,0.41803989124999985,0.418042,284.62236,0.418042,1340,1.3,1,0.03518941135822666,0.035193,16.886851,0.035193,4.046782306196066,4.047195,1707.3756988200003,4.047195,2.041197134577367,34,40,0,-0.024678400992677155,23,
09:09:42.871,11.673080211751206,11.6719518085983,16.85424292545721,11.6719518085983,6.236784252641147,-0.6132500000000001,44.082244787401734,0.5217520140120716,0.41803989124999985,0.418042,284.62236,0.418042,1340,1.3,1,0.03518941135822666,0.035193,16.886851,0.035193,4.046782306196066,4.047195,1707.3756988200003,4.047195,2.041197134577367,34,40,3.9215686274509802,-0.024678400992677155,23,
09:09:43.098,11.817424537179667,11.816439595228674,16.854488851684806,11.816439595228674,6.236784252641147,-0.6132500000000001,44.082244787401734,0.5775613090432137,0.41803989124999985,0.418042,284.62236,0.418042,1335,1.3,1,0.035374872920472124,0.035378,16.887036000000002,0.035378,4.068110385854294,4.06847,1707.39697382,4.06847,2.2595341415097723,34,40,3.9215686274509802,-0.024678400992677155,23,
09:09:43.346,11.817424537179667,11.816439595228674,16.854488851684806,11.816439595228674,6.3270570617757524,-0.6132500000000001,43.28544798372128,0.5775613090432137,0.4261409391666665,0.426143,284.630461,0.426143,1335,1.3,1,0.035374872920472124,0.035378,16.887036000000002,0.035378,4.068110385854294,4.06847,1707.39697382,4.06847,2.2595341415097723,34,40,3.9215686274509802,-0.024678400992677155,25,
09:09:43.578,11.817424537179667,11.816439595228674,16.854488851684806,11.816439595228674,6.3270570617757524,-0.47325000000000006,43.28544798372128,0.5775613090432137,0.4261409391666665,0.426143,284.630461,0.426143,1335,1.3,1,0.035374872920472124,0.035378,16.887036000000002,0.035378,4.068110385854294,4.06847,1707.39697382,4.06847,2.2595341415097723,34,54,3.9215686274509802,-0.024678400992677155,25,
09:09:44.016,11.817424537179667,11.816439595228674,16.854488851684806,11.816439595228674,6.3270570617757524,-0.47325000000000006,43.28544798372128,0.5775613090432137,0.4261409391666665,0.426143,284.630461,0.426143,1335,1.3,1,0.035374872920472124,0.035378,16.887036000000002,0.035378,4.068110385854294,4.06847,1707.39697382,4.06847,2.2595341415097723,34,54,7.450980392156863,-0.024678400992677155,25,
09:09:44.243,11.953562871908261,11.95251451490758,16.85469409546612,11.95251451490758,6.3270570617757524,-0.47325000000000006,43.28544798372128,0.8626429754057795,0.4261409391666665,0.426143,284.630461,0.426143,1477,1.5,1,0.035649700740532225,0.035653,16.887311,0.035653,4.0997155851612055,4.100095,1707.4285988200002,4.100095,3.37483003854937,34,54,7.450980392156863,-0.024678400992677155,25,
09:09:44.471,11.953562871908261,11.95251451490758,16.85469409546612,11.95251451490758,6.417895813572857,-0.47325000000000006,30.13993128242867,0.8626429754057795,0.4342643170555554,0.434266,284.638584,0.434266,1477,1.5,1,0.035649700740532225,0.035653,16.887311,0.035653,4.0997155851612055,4.100095,1707.4285988200002,4.100095,3.37483003854937,34,54,7.450980392156863,-0.024678400992677155,26,
09:09:44.714,11.953562871908261,11.95251451490758,16.85469409546612,11.95251451490758,6.417895813572857,-0.46325000000000005,30.13993128242867,0.8626429754057795,0.4342643170555554,0.434266,284.638584,0.434266,1477,1.5,1,0.035649700740532225,0.035653,16.887311,0.035653,4.0997155851612055,4.100095,1707.4285988200002,4.100095,3.37483003854937,34,55,7.450980392156863,-0.024678400992677155,26,
09:09:45.157,11.953562871908261,11.95251451490758,16.85469409546612,11.95251451490758,6.417895813572857,-0.46325000000000005,30.13993128242867,0.8626429754057795,0.4342643170555554,0.434266,284.638584,0.434266,1477,1.5,1,0.035649700740532225,0.035653,16.887311,0.035653,4.0997155851612055,4.100095,1707.4285988200002,4.100095,3.37483003854937,34,55,7.450980392156863,-0.024678400992677155,26,
09:09:45.388,12.079927035106799,12.07871387644981,16.854875683718674,12.07871387644981,6.417895813572857,-0.46325000000000005,30.13993128242867,0.9434582956524257,0.4342643170555554,0.434266,284.638584,0.434266,1586,1.6,1,0.035949250007346265,0.035953,16.887611,0.035953,4.13416375084482,4.134595,1707.4630988200001,4.134595,3.6909955648669928,34,55,7.450980392156863,-0.024678400992677155,26,
09:09:45.624,12.079927035106799,12.07871387644981,16.854875683718674,12.07871387644981,6.519702245403541,-0.46325000000000005,29.678047380607616,0.9434582956524257,0.4432438641666665,0.443246,284.647564,0.443246,1586,1.6,1,0.035949250007346265,0.035953,16.887611,0.035953,4.13416375084482,4.134595,1707.4630988200001,4.134595,3.6909955648669928,34,55,7.450980392156863,0.030887572659335526,28,
09:09:45.860,12.079927035106799,12.07871387644981,16.854875683718674,12.07871387644981,6.519702245403541,-0.6232500000000001,29.678047380607616,0.9434582956524257,0.4432438641666665,0.443246,284.647564,0.443246,1586,1.6,1,0.035949250007346265,0.035953,16.887611,0.035953,4.13416375084482,4.134595,1707.4630988200001,4.134595,3.6909955648669928,34,39,7.450980392156863,0.030887572659335526,28,
09:09:46.319,12.079927035106799,12.07871387644981,16.854875683718674,12.07871387644981,6.519702245403541,-0.6232500000000001,29.678047380607616,0.9434582956524257,0.4432438641666665,0.443246,284.647564,0.443246,1586,1.6,1,0.035949250007346265,0.035953,16.887611,0.035953,4.13416375084482,4.134595,1707.4630988200001,4.134595,3.6909955648669928,34,39,3.9215686274509802,0.030887572659335526,28,
09:09:46.532,12.256337864066738,12.255197965051979,16.855192847202474,12.255197965051979,6.519702245403541,-0.6232500000000001,29.678047380607616,0.6765903604589376,0.4432438641666665,0.443246,284.647564,0.443246,1604,1.6,1,0.03616446193656048,0.036168,16.887826,0.036168,4.158913122704455,4.15932,1707.4878238200001,4.15932,2.646955388694481,34,39,3.9215686274509802,0.030887572659335526,28,
09:09:46.792,12.256337864066738,12.255197965051979,16.855192847202474,12.255197965051979,6.616847860912737,-0.6232500000000001,39.90597794163908,0.6765903604589376,0.4519923036666665,0.451994,284.656312,0.451994,1604,1.6,1,0.03616446193656048,0.036168,16.887826,0.036168,4.158913122704455,4.15932,1707.4878238200001,4.15932,2.646955388694481,34,39,3.9215686274509802,0.030887572659335526,27,
09:09:46.997,12.256337864066738,12.255197965051979,16.855192847202474,12.255197965051979,6.616847860912737,-0.6032500000000001,39.90597794163908,0.6765903604589376,0.4519923036666665,0.451994,284.656312,0.451994,1604,1.6,1,0.03616446193656048,0.036168,16.887826,0.036168,4.158913122704455,4.15932,1707.4878238200001,4.15932,2.646955388694481,34,41,3.9215686274509802,0.030887572659335526,27,
09:09:47.437,12.256337864066738,12.255197965051979,16.855192847202474,12.255197965051979,6.616847860912737,-0.6032500000000001,39.90597794163908,0.6765903604589376,0.4519923036666665,0.451994,284.656312,0.451994,1604,1.6,1,0.03616446193656048,0.036168,16.887826,0.036168,4.158913122704455,4.15932,1707.4878238200001,4.15932,2.646955388694481,34,41,6.2745098039215685,0.030887572659335526,27,
09:09:47.663,12.41949516263379,12.418441080308819,16.85548229206975,12.418441080308819,6.616847860912737,-0.6032500000000001,39.90597794163908,0.7299120318743504,0.4519923036666665,0.451994,284.656312,0.451994,1646,1.6,1,0.0363937742837216,0.036397,16.888055,0.036397,4.185284042627984,4.185655,1707.5141588200001,4.185655,2.855560319736487,34,41,6.2745098039215685,0.030887572659335526,27,
09:09:47.902,12.41949516263379,12.418441080308819,16.85548229206975,12.418441080308819,6.721996775622006,-0.6032500000000001,41.100843238551114,0.7299120318743504,0.4612490894999998,0.461251,284.665569,0.461251,1646,1.6,1,0.0363937742837216,0.036397,16.888055,0.036397,4.185284042627984,4.185655,1707.5141588200001,4.185655,2.855560319736487,34,41,6.2745098039215685,0.030887572659335526,30,
09:09:48.147,12.41949516263379,12.418441080308819,16.85548229206975,12.418441080308819,6.721996775622006,-0.6232500000000001,41.100843238551114,0.7299120318743504,0.4612490894999998,0.461251,284.665569,0.461251,1646,1.6,1,0.0363937742837216,0.036397,16.888055,0.036397,4.185284042627984,4.185655,1707.5141588200001,4.185655,2.855560319736487,34,39,6.2745098039215685,0.030887572659335526,30,
09:09:48.590,12.41949516263379,12.418441080308819,16.85548229206975,12.418441080308819,6.721996775622006,-0.6232500000000001,41.100843238551114,0.7299120318743504,0.4612490894999998,0.461251,284.665569,0.461251,1646,1.6,1,0.0363937742837216,0.036397,16.888055,0.036397,4.185284042627984,4.185655,1707.5141588200001,4.185655,2.855560319736487,34,39,0.7843137254901961,0.030887572659335526,30,
09:09:48.825,12.59600123251568,12.594915624488012,16.855805860632344,12.594915624488012,6.721996775622006,-0.6232500000000001,41.100843238551114,0.6972592679791919,0.4612490894999998,0.461251,284.665569,0.461251,1653,1.7,1,0.03661869199483072,0.036622,16.88828,0.036622,4.211149579405533,4.21153,1707.5400338200002,4.21153,2.7278162453316566,34,39,0.7843137254901961,0.030887572659335526,30,
09:09:49.056,12.59600123251568,12.594915624488012,16.855805860632344,12.594915624488012,6.830153137418473,-0.6232500000000001,43.025602351542034,0.6972592679791919,0.47085829283333314,0.47086,284.675178,0.47086,1653,1.7,1,0.03661869199483072,0.036622,16.88828,0.036622,4.211149579405533,4.21153,1707.5400338200002,4.21153,2.7278162453316566,34,39,0.7843137254901961,0.030887572659335526,30,
09:09:49.274,12.59600123251568,12.594915624488012,16.855805860632344,12.594915624488012,6.830153137418473,-0.79325,43.025602351542034,0.6972592679791919,0.47085829283333314,0.47086,284.675178,0.47086,1653,1.7,1,0.03661869199483072,0.036622,16.88828,0.036622,4.211149579405533,4.21153,1707.5400338200002,4.21153,2.7278162453316566,34,22,0.7843137254901961,0.030887572659335526,30,
09:09:49.739,12.59600123251568,12.594915624488012,16.855805860632344,12.594915624488012,6.830153137418473,-0.79325,43.025602351542034,0.6972592679791919,0.47085829283333314,0.47086,284.675178,0.47086,1653,1.7,1,0.03661869199483072,0.036622,16.88828,0.036622,4.211149579405533,4.21153,1707.5400338200002,4.21153,2.7278162453316566,34,22,3.5294117647058822,0.030887572659335526,30,
09:09:49.982,12.815536611375864,12.81426044359777,16.856252068357204,12.81426044359777,6.830153137418473,-0.79325,43.025602351542034,0.380952517361799,0.47085829283333314,0.47086,284.675178,0.47086,1601,1.6,1,0.036741207731822184,0.036745,16.888403,0.036745,4.225238889159551,4.225675,1707.55417882,4.225675,1.4903616391808456,34,22,3.5294117647058822,0.030887572659335526,30,
09:09:50.204,12.815536611375864,12.81426044359777,16.856252068357204,12.81426044359777,6.92762028783452,-0.79325,73.49997368151733,0.380952517361799,0.4797864638333331,0.479788,284.684106,0.479788,1601,1.6,1,0.036741207731822184,0.036745,16.888403,0.036745,4.225238889159551,4.225675,1707.55417882,4.225675,1.4903616391808456,34,22,3.5294117647058822,0.030887572659335526,28,
09:09:50.439,12.815536611375864,12.81426044359777,16.856252068357204,12.81426044359777,6.92762028783452,-0.6332500000000001,73.49997368151733,0.380952517361799,0.4797864638333331,0.479788,284.684106,0.479788,1601,1.6,1,0.036741207731822184,0.036745,16.888403,0.036745,4.225238889159551,4.225675,1707.55417882,4.225675,1.4903616391808456,34,38,3.5294117647058822,0.030887572659335526,28,
09:09:50.887,12.815536611375864,12.81426044359777,16.856252068357204,12.81426044359777,6.92762028783452,-0.6332500000000001,73.49997368151733,0.380952517361799,0.4797864638333331,0.479788,284.684106,0.479788,1601,1.6,1,0.036741207731822184,0.036745,16.888403,0.036745,4.225238889159551,4.225675,1707.55417882,4.225675,1.4903616391808456,34,38,3.9215686274509802,0.030887572659335526,28,
09:09:51.111,12.985093215006874,12.983736097204558,16.856573107166717,12.983736097204558,6.92762028783452,-0.6332500000000001,73.49997368151733,0.6621188804683044,0.4797864638333331,0.479788,284.684106,0.479788,1611,1.6,1,0.03694901960956613,0.036953,16.888611,0.036953,4.249137255100106,4.249595,1707.5780988200002,4.249595,2.5903400950364275,34,38,3.9215686274509802,0.030887572659335526,28,
09:09:51.340,12.985093215006874,12.983736097204558,16.856573107166717,12.983736097204558,7.023216683409557,-0.6332500000000001,42.28847843788432,0.6621188804683044,0.48862386505555533,0.488625,284.692943,0.488625,1611,1.6,1,0.03694901960956613,0.036953,16.888611,0.036953,4.249137255100106,4.249595,1707.5780988200002,4.249595,2.5903400950364275,34,38,3.9215686274509802,0.0062271717843490745,28,
09:09:51.571,12.985093215006874,12.983736097204558,16.856573107166717,12.983736097204558,7.023216683409557,-0.64325,42.28847843788432,0.6621188804683044,0.48862386505555533,0.488625,284.692943,0.488625,1611,1.6,1,0.03694901960956613,0.036953,16.888611,0.036953,4.249137255100106,4.249595,1707.5780988200002,4.249595,2.5903400950364275,34,37,3.9215686274509802,0.0062271717843490745,28,
09:09:52.037,12.985093215006874,12.983736097204558,16.856573107166717,12.983736097204558,7.023216683409557,-0.64325,42.28847843788432,0.6621188804683044,0.48862386505555533,0.488625,284.692943,0.488625,1611,1.6,1,0.03694901960956613,0.036953,16.888611,0.036953,4.249137255100106,4.249595,1707.5780988200002,4.249595,2.5903400950364275,34,37,0.39215686274509803,0.0062271717843490745,28,
09:09:52.273,13.150951275282246,13.149573454613957,16.85689074610732,13.149573454613957,7.023216683409557,-0.64325,42.28847843788432,0.638691955461046,0.48862386505555533,0.488625,284.692943,0.488625,1596,1.6,1,0.037155020562956845,0.037159,16.888817,0.037159,4.272827364740037,4.273285,1707.6017888200001,4.273285,2.498689328172941,34,37,0.39215686274509803,0.0062271717843490745,28,
09:09:52.494,13.150951275282246,13.149573454613957,16.85689074610732,13.149573454613957,7.1193844521125245,-0.64325,43.8396002338685,0.638691955461046,0.49759573316666644,0.497597,284.701915,0.497597,1596,1.6,1,0.037155020562956845,0.037159,16.888817,0.037159,4.272827364740037,4.273285,1707.6017888200001,4.273285,2.498689328172941,34,37,0.39215686274509803,-0.012336054637726652,28,
09:09:52.730,13.150951275282246,13.149573454613957,16.85689074610732,13.149573454613957,7.1193844521125245,-0.79325,43.8396002338685,0.638691955461046,0.49759573316666644,0.497597,284.701915,0.497597,1596,1.6,1,0.037155020562956845,0.037159,16.888817,0.037159,4.272827364740037,4.273285,1707.6017888200001,4.273285,2.498689328172941,34,22,0.39215686274509803,-0.012336054637726652,28,
09:09:53.178,13.150951275282246,13.149573454613957,16.85689074610732,13.149573454613957,7.1193844521125245,-0.79325,43.8396002338685,0.638691955461046,0.49759573316666644,0.497597,284.701915,0.497597,1596,1.6,1,0.037155020562956845,0.037159,16.888817,0.037159,4.272827364740037,4.273285,1707.6017888200001,4.273285,2.498689328172941,34,22,0,-0.012336054637726652,28,
09:09:53.429,13.35097807044898,13.349707570960991,16.857307199768464,13.349707570960991,7.1193844521125245,-0.79325,43.8396002338685,0.35882348293666017,0.49759573316666644,0.497597,284.701915,0.497597,1508,1.5,1,0.03727035806223392,0.037274,16.888932,0.037274,4.2860911771569015,4.28651,1707.61501382,4.28651,1.4037884771297413,34,22,0,-0.012336054637726652,28,
09:09:53.636,13.35097807044898,13.349707570960991,16.857307199768464,13.349707570960991,7.213722506851514,-0.79325,78.03279699211487,0.35882348293666017,0.5064775626111109,0.506479,284.710797,0.506479,1508,1.5,1,0.03727035806223392,0.037274,16.888932,0.037274,4.2860911771569015,4.28651,1707.61501382,4.28651,1.4037884771297413,34,22,0,-0.012369949078761548,28,
09:09:53.867,13.35097807044898,13.349707570960991,16.857307199768464,13.349707570960991,7.213722506851514,-0.81325,78.03279699211487,0.35882348293666017,0.5064775626111109,0.506479,284.710797,0.506479,1508,1.5,1,0.03727035806223392,0.037274,16.888932,0.037274,4.2860911771569015,4.28651,1707.61501382,4.28651,1.4037884771297413,34,20,0,-0.012369949078761548,28,
09:09:54.308,13.35097807044898,13.349707570960991,16.857307199768464,13.349707570960991,7.213722506851514,-0.81325,78.03279699211487,0.35882348293666017,0.5064775626111109,0.506479,284.710797,0.506479,1508,1.5,1,0.03727035806223392,0.037274,16.888932,0.037274,4.2860911771569015,4.28651,1707.61501382,4.28651,1.4037884771297413,34,20,0,-0.012369949078761548,28,
09:09:54.555,13.55312164978207,13.552002782757606,16.857734289196344,13.552002782757606,7.213722506851514,-0.81325,78.03279699211487,0.3184158228133373,0.5064775626111109,0.506479,284.710797,0.506479,1472,1.5,1,0.03736980864620623,0.037373,16.889031,0.037373,4.297527994313716,4.2978950000000005,1707.62639882,4.2978950000000005,1.2457057139709307,34,20,0,-0.012369949078761548,28,
09:09:54.787,13.55312164978207,13.552002782757606,16.857734289196344,13.552002782757606,7.298941463758174,-0.81325,81.65423366929161,0.3184158228133373,0.5147960459444442,0.514797,284.719115,0.514797,1472,1.5,1,0.03736980864620623,0.037373,16.889031,0.037373,4.297527994313716,4.2978950000000005,1707.62639882,4.2978950000000005,1.2457057139709307,34,20,0,-0.01236094878581324,26,
09:09:55.001,13.55312164978207,13.552002782757606,16.857734289196344,13.552002782757606,7.298941463758174,-0.81325,81.65423366929161,0.3184158228133373,0.5147960459444442,0.514797,284.719115,0.514797,1472,1.5,1,0.03736980864620623,0.037373,16.889031,0.037373,4.297527994313716,4.2978950000000005,1707.62639882,4.2978950000000005,1.2457057139709307,34,20,0,-0.01236094878581324,26,
09:09:55.474,13.55312164978207,13.552002782757606,16.857734289196344,13.552002782757606,7.298941463758174,-0.81325,81.65423366929161,0.3184158228133373,0.5147960459444442,0.514797,284.719115,0.514797,1472,1.5,1,0.03736980864620623,0.037373,16.889031,0.037373,4.297527994313716,4.2978950000000005,1707.62639882,4.2978950000000005,1.2457057139709307,34,20,1.9607843137254901,-0.01236094878581324,26,
09:09:55.703,13.738002428818223,13.736711495357026,16.858123986700562,13.736711495357026,7.298941463758174,-0.81325,81.65423366929161,0.32166054926863624,0.5147960459444442,0.514797,284.719115,0.514797,1487,1.5,1,0.037472409006461954,0.037476,16.889134000000002,0.037476,4.309327035743125,4.309740000000001,1707.63824382,4.309740000000001,1.2583997260018844,34,20,1.9607843137254901,-0.01236094878581324,26,
09:09:55.923,13.738002428818223,13.736711495357026,16.858123986700562,13.736711495357026,7.391235256437026,-0.81325,87.04828759281784,0.32166054926863624,0.523640150833333,0.523641,284.727959,0.523641,1487,1.5,1,0.037472409006461954,0.037476,16.889134000000002,0.037476,4.309327035743125,4.309740000000001,1707.63824382,4.309740000000001,1.2583997260018844,34,20,1.9607843137254901,-0.01236094878581324,28,
09:09:56.161,13.738002428818223,13.736711495357026,16.858123986700562,13.736711495357026,7.391235256437026,-0.7432500000000001,87.04828759281784,0.32166054926863624,0.523640150833333,0.523641,284.727959,0.523641,1487,1.5,1,0.037472409006461954,0.037476,16.889134000000002,0.037476,4.309327035743125,4.309740000000001,1707.63824382,4.309740000000001,1.2583997260018844,34,27,1.9607843137254901,-0.01236094878581324,28,
09:09:56.609,13.738002428818223,13.736711495357026,16.858123986700562,13.736711495357026,7.391235256437026,-0.7432500000000001,87.04828759281784,0.32166054926863624,0.523640150833333,0.523641,284.727959,0.523641,1487,1.5,1,0.037472409006461954,0.037476,16.889134000000002,0.037476,4.309327035743125,4.309740000000001,1707.63824382,4.309740000000001,1.2583997260018844,34,27,0,-0.01236094878581324,28,
09:09:56.850,13.923341484546542,13.922179091779219,16.858511883580523,13.922179091779219,7.391235256437026,-0.7432500000000001,87.04828759281784,0.42781718313116696,0.523640150833333,0.523641,284.727959,0.523641,1465,1.5,1,0.03760879896643482,0.037612,16.88927,0.037612,4.3250118811400045,4.32538,1707.6538838200001,4.32538,1.6737054862812553,34,27,0,-0.01236094878581324,28,
09:09:57.075,13.923341484546542,13.922179091779219,16.858511883580523,13.922179091779219,7.47930019504197,-0.7432500000000001,63.11106955169193,0.42781718313116696,0.532269684583333,0.532271,284.736589,0.532271,1465,1.5,1,0.03760879896643482,0.037612,16.88927,0.037612,4.3250118811400045,4.32538,1707.6538838200001,4.32538,1.6737054862812553,34,27,0,-0.01236094878581324,27,
09:09:57.307,13.923341484546542,13.922179091779219,16.858511883580523,13.922179091779219,7.47930019504197,-0.80325,63.11106955169193,0.42781718313116696,0.532269684583333,0.532271,284.736589,0.532271,1465,1.5,1,0.03760879896643482,0.037612,16.88927,0.037612,4.3250118811400045,4.32538,1707.6538838200001,4.32538,1.6737054862812553,34,21,0,-0.01236094878581324,27,
09:09:57.749,13.923341484546542,13.922179091779219,16.858511883580523,13.922179091779219,7.47930019504197,-0.80325,63.11106955169193,0.42781718313116696,0.532269684583333,0.532271,284.736589,0.532271,1465,1.5,1,0.03760879896643482,0.037612,16.88927,0.037612,4.3250118811400045,4.32538,1707.6538838200001,4.32538,1.6737054862812553,34,21,0,-0.01236094878581324,27,
09:09:57.990,14.114628693089037,14.113353131463118,16.85892104217966,14.113353131463118,7.47930019504197,-0.80325,63.11106955169193,0.32116302454549034,0.532269684583333,0.532271,284.736589,0.532271,1414,1.4,1,0.03771049853007815,0.037714,16.889372,0.037714,4.336707330958987,4.33711,1707.66561382,4.33711,1.2564533108238045,34,21,0,-0.01236094878581324,27,
09:09:58.217,14.114628693089037,14.113353131463118,16.85892104217966,14.113353131463118,7.56145201539607,-0.80325,80.95577016312878,0.32116302454549034,0.5405136201388886,0.540515,284.744833,0.540515,1414,1.4,1,0.03771049853007815,0.037714,16.889372,0.037714,4.336707330958987,4.33711,1707.66561382,4.33711,1.2564533108238045,34,21,0,-0.01236094878581324,26,
09:09:58.435,14.114628693089037,14.113353131463118,16.85892104217966,14.113353131463118,7.56145201539607,-0.80325,80.95577016312878,0.32116302454549034,0.5405136201388886,0.540515,284.744833,0.540515,1414,1.4,1,0.03771049853007815,0.037714,16.889372,0.037714,4.336707330958987,4.33711,1707.66561382,4.33711,1.2564533108238045,34,21,0,-0.01236094878581324,26,
09:09:58.909,14.114628693089037,14.113353131463118,16.85892104217966,14.113353131463118,7.56145201539607,-0.80325,80.95577016312878,0.32116302454549034,0.5405136201388886,0.540515,284.744833,0.540515,1414,1.4,1,0.03771049853007815,0.037714,16.889372,0.037714,4.336707330958987,4.33711,1707.66561382,4.33711,1.2564533108238045,34,21,3.5294117647058822,-0.01236094878581324,26,
09:09:59.148,14.294575768077102,14.293288555108946,16.859307341365398,14.293288555108946,7.56145201539607,-0.80325,80.95577016312878,0.31707466921181365,0.5405136201388886,0.540515,284.744833,0.540515,1396,1.4,1,0.037812498174725345,0.037816,16.889474,0.037816,4.348437290093415,4.34884,1707.6773438200003,4.34884,1.2404588556648029,34,21,3.5294117647058822,-0.01236094878581324,26,
09:09:59.362,14.294575768077102,14.293288555108946,16.859307341365398,14.293288555108946,7.643246542800143,-0.80325,81.99961247182242,0.31707466921181365,0.5487950086944442,0.548796,284.753114,0.548796,1396,1.4,1,0.037812498174725345,0.037816,16.889474,0.037816,4.348437290093415,4.34884,1707.6773438200003,4.34884,1.2404588556648029,34,21,3.5294117647058822,0,26,
09:09:59.588,14.294575768077102,14.293288555108946,16.859307341365398,14.293288555108946,7.643246542800143,-0.6232500000000001,81.99961247182242,0.31707466921181365,0.5487950086944442,0.548796,284.753114,0.548796,1396,1.4,1,0.037812498174725345,0.037816,16.889474,0.037816,4.348437290093415,4.34884,1707.6773438200003,4.34884,1.2404588556648029,34,39,3.5294117647058822,0,26,
09:10:00.057,14.294575768077102,14.293288555108946,16.859307341365398,14.293288555108946,7.643246542800143,-0.6232500000000001,81.99961247182242,0.31707466921181365,0.5487950086944442,0.548796,284.753114,0.548796,1396,1.4,1,0.037812498174725345,0.037816,16.889474,0.037816,4.348437290093415,4.34884,1707.6773438200003,4.34884,1.2404588556648029,34,39,4.705882352941177,0,26,
09:10:00.291,14.440896154768096,14.439720044203545,16.85960798272837,14.439720044203545,7.643246542800143,-0.6232500000000001,81.99961247182242,0.6002419469657534,0.5487950086944442,0.548796,284.753114,0.548796,1423,1.4,1,0.03800283602989853,0.038006,16.889664,0.038006,4.370326143438331,4.37069,1707.6991938200001,4.37069,2.3482652856061392,34,39,4.705882352941177,0,26,
09:10:00.517,14.440896154768096,14.439720044203545,16.85960798272837,14.439720044203545,7.729331199555086,-0.6232500000000001,44.98186129191081,0.6002419469657534,0.5574551506944442,0.557456,284.761774,0.557456,1423,1.4,1,0.03800283602989853,0.038006,16.889664,0.038006,4.370326143438331,4.37069,1707.6991938200001,4.37069,2.3482652856061392,34,39,4.705882352941177,0,27,
09:10:00.749,14.440896154768096,14.439720044203545,16.85960798272837,14.439720044203545,7.729331199555086,-0.65325,44.98186129191081,0.6002419469657534,0.5574551506944442,0.557456,284.761774,0.557456,1423,1.4,1,0.03800283602989853,0.038006,16.889664,0.038006,4.370326143438331,4.37069,1707.6991938200001,4.37069,2.3482652856061392,34,36,4.705882352941177,0,27,
09:10:01.174,14.440896154768096,14.439720044203545,16.85960798272837,14.439720044203545,7.729331199555086,-0.65325,44.98186129191081,0.6002419469657534,0.5574551506944442,0.557456,284.761774,0.557456,1423,1.4,1,0.03800283602989853,0.038006,16.889664,0.038006,4.370326143438331,4.37069,1707.6991938200001,4.37069,2.3482652856061392,34,36,5.098039215686274,0,27,
09:10:01.411,14.600620221445542,14.599586203284183,16.859944033812987,14.599586203284183,7.729331199555086,-0.65325,44.98186129191081,0.5700335436669199,0.5574551506944442,0.557456,284.761774,0.557456,1464,1.5,1,0.03818023770494683,0.038183,16.889841,0.038183,4.390727336068886,4.391045,1707.7195488200002,4.391045,2.230084033597959,34,36,5.098039215686274,0,27,
09:10:01.649,14.600620221445542,14.599586203284183,16.859944033812987,14.599586203284183,7.81286633086485,-0.65325,47.36563365431798,0.5700335436669199,0.5659331004444442,0.565934,284.770252,0.565934,1464,1.5,1,0.03818023770494683,0.038183,16.889841,0.038183,4.390727336068886,4.391045,1707.7195488200002,4.391045,2.230084033597959,34,36,5.098039215686274,0,27,
09:10:01.872,14.600620221445542,14.599586203284183,16.859944033812987,14.599586203284183,7.81286633086485,-0.68325,47.36563365431798,0.5700335436669199,0.5659331004444442,0.565934,284.770252,0.565934,1464,1.5,1,0.03818023770494683,0.038183,16.889841,0.038183,4.390727336068886,4.391045,1707.7195488200002,4.391045,2.230084033597959,34,33,5.098039215686274,0,27,
09:10:02.341,14.600620221445542,14.599586203284183,16.859944033812987,14.599586203284183,7.81286633086485,-0.68325,47.36563365431798,0.5700335436669199,0.5659331004444442,0.565934,284.770252,0.565934,1464,1.5,1,0.03818023770494683,0.038183,16.889841,0.038183,4.390727336068886,4.391045,1707.7195488200002,4.391045,2.230084033597959,34,33,0,0,27,
09:10:02.572,14.758638676403539,14.757464340660773,16.860280282891537,14.757464340660773,7.81286633086485,-0.68325,47.36563365431798,0.5132508306991884,0.5659331004444442,0.565934,284.770252,0.565934,1438,1.4,1,0.03834588764269102,0.038349,16.890007,0.038349,4.4097770789094675,4.410135,1707.7386388200002,4.410135,2.0079388230562683,34,33,0,0,27,
09:10:02.794,14.758638676403539,14.757464340660773,16.860280282891537,14.757464340660773,7.892438562160765,-0.68325,50.65749229198688,0.5132508306991884,0.5742092745555554,0.57421,284.778528,0.57421,1438,1.4,1,0.03834588764269102,0.038349,16.890007,0.038349,4.4097770789094675,4.410135,1707.7386388200002,4.410135,2.0079388230562683,34,33,0,0,26,
09:10:03.030,14.758638676403539,14.757464340660773,16.860280282891537,14.757464340660773,7.892438562160765,-0.81325,50.65749229198688,0.5132508306991884,0.5742092745555554,0.57421,284.778528,0.57421,1438,1.4,1,0.03834588764269102,0.038349,16.890007,0.038349,4.4097770789094675,4.410135,1707.7386388200002,4.410135,2.0079388230562683,34,20,0,0,26,
09:10:03.505,14.758638676403539,14.757464340660773,16.860280282891537,14.757464340660773,7.892438562160765,-0.81325,50.65749229198688,0.5132508306991884,0.5742092745555554,0.57421,284.778528,0.57421,1438,1.4,1,0.03834588764269102,0.038349,16.890007,0.038349,4.4097770789094675,4.410135,1707.7386388200002,4.410135,2.0079388230562683,34,20,0,0,26,
09:10:03.736,14.937061229587515,14.93588242944466,16.860674443489184,14.93588242944466,7.892438562160765,-0.81325,50.65749229198688,0.297216943305384,0.5742092745555554,0.57421,284.778528,0.57421,1374,1.4,1,0.03844191743809382,0.038445,16.890103,0.038445,4.420820505380789,4.421175,1707.74967882,4.421175,1.1627715020353653,34,20,0,0,26,
09:10:03.960,14.937061229587515,14.93588242944466,16.860674443489184,14.93588242944466,7.968249680458534,-0.81325,84.11364346181651,0.297216943305384,0.5823053141388888,0.582306,284.786624,0.582306,1374,1.4,1,0.03844191743809382,0.038445,16.890103,0.038445,4.420820505380789,4.421175,1707.74967882,4.421175,1.1627715020353653,34,20,0,-0.006160724283576905,25,
09:10:04.188,14.937061229587515,14.93588242944466,16.860674443489184,14.93588242944466,7.968249680458534,-0.80325,84.11364346181651,0.297216943305384,0.5823053141388888,0.582306,284.786624,0.582306,1374,1.4,1,0.03844191743809382,0.038445,16.890103,0.038445,4.420820505380789,4.421175,1707.74967882,4.421175,1.1627715020353653,34,21,0,-0.006160724283576905,25,
09:10:04.623,14.937061229587515,14.93588242944466,16.860674443489184,14.93588242944466,7.968249680458534,-0.80325,84.11364346181651,0.297216943305384,0.5823053141388888,0.582306,284.786624,0.582306,1374,1.4,1,0.03844191743809382,0.038445,16.890103,0.038445,4.420820505380789,4.421175,1707.74967882,4.421175,1.1627715020353653,34,21,0,-0.006160724283576905,25,
09:10:04.851,15.11102549522416,15.109917484041723,16.86106093736272,15.109917484041723,7.968249680458534,-0.80325,84.11364346181651,0.3009483787289779,0.5823053141388888,0.582306,284.786624,0.582306,1325,1.3,1,0.03853512882516984,0.038538,16.890196,0.038538,4.431539814894531,4.43187,1707.76037382,4.43187,1.1773696158709626,34,21,0,-0.006160724283576905,25,
09:10:05.093,15.11102549522416,15.109917484041723,16.86106093736272,15.109917484041723,8.041314669657556,-0.80325,83.07072497145434,0.3009483787289779,0.5901765870555554,0.590177,284.794495,0.590177,1325,1.3,1,0.03853512882516984,0.038538,16.890196,0.038538,4.431539814894531,4.43187,1707.76037382,4.43187,1.1773696158709626,34,21,0,-0.01237966771249253,25,
09:10:05.327,15.11102549522416,15.109917484041723,16.86106093736272,15.109917484041723,8.041314669657556,-0.80325,83.07072497145434,0.3009483787289779,0.5901765870555554,0.590177,284.794495,0.590177,1325,1.3,1,0.03853512882516984,0.038538,16.890196,0.038538,4.431539814894531,4.43187,1707.76037382,4.43187,1.1773696158709626,34,21,0,-0.01237966771249253,25,
09:10:05.797,15.11102549522416,15.109917484041723,16.86106093736272,15.109917484041723,8.041314669657556,-0.80325,83.07072497145434,0.3009483787289779,0.5901765870555554,0.590177,284.794495,0.590177,1325,1.3,1,0.03853512882516984,0.038538,16.890196,0.038538,4.431539814894531,4.43187,1707.76037382,4.43187,1.1773696158709626,34,21,0,-0.01237966771249253,25,
09:10:06.012,15.277908582997664,15.276894802236486,16.861433107424443,15.276894802236486,8.041314669657556,-0.80325,83.07072497145434,0.29186314465414087,0.5901765870555554,0.590177,284.794495,0.590177,1285,1.3,1,0.03862940950650442,0.038632,16.89029,0.038632,4.442382093248008,4.44268,1707.7711838200003,4.44268,1.1418263821842922,34,21,0,-0.01237966771249253,25,
09:10:06.237,15.277908582997664,15.276894802236486,16.861433107424443,15.276894802236486,8.101382909364501,-0.80325,75.37779402079046,0.29186314465414087,0.597154907611111,0.597155,284.801473,0.597155,1285,1.3,1,0.03862940950650442,0.038632,16.89029,0.038632,4.442382093248008,4.44268,1707.7711838200003,4.44268,1.1418263821842922,34,21,0,-0.030872105131397445,22,
09:10:06.480,15.277908582997664,15.276894802236486,16.861433107424443,15.276894802236486,8.101382909364501,-0.6232500000000001,75.37779402079046,0.29186314465414087,0.597154907611111,0.597155,284.801473,0.597155,1285,1.3,1,0.03862940950650442,0.038632,16.89029,0.038632,4.442382093248008,4.44268,1707.7711838200003,4.44268,1.1418263821842922,34,39,0,-0.030872105131397445,22,
09:10:07.003,15.277908582997664,15.276894802236486,16.861433107424443,15.276894802236486,8.101382909364501,-0.6232500000000001,75.37779402079046,0.29186314465414087,0.597154907611111,0.597155,284.801473,0.597155,1285,1.3,1,0.03862940950650442,0.038632,16.89029,0.038632,4.442382093248008,4.44268,1707.7711838200003,4.44268,1.1418263821842922,34,39,6.666666666666667,-0.030872105131397445,22,
09:10:07.259,15.381543600987635,15.380682549903414,16.86165357142244,15.380682549903414,8.101382909364501,-0.6232500000000001,75.37779402079046,0.5584823174860558,0.597154907611111,0.597155,284.801473,0.597155,1324,1.3,1,0.03882282058952576,0.038825,16.890483,0.038825,4.464624367795463,4.464875,1707.79337882,4.464875,2.184893350767764,34,39,6.666666666666667,-0.030872105131397445,22,
09:10:07.479,15.381543600987635,15.380682549903414,16.86165357142244,15.380682549903414,8.166238381328698,-0.6232500000000001,39.392473693760756,0.5584823174860558,0.6047574152222221,0.604758,284.809076,0.604758,1324,1.3,1,0.03882282058952576,0.038825,16.890483,0.038825,4.464624367795463,4.464875,1707.79337882,4.464875,2.184893350767764,34,39,6.666666666666667,-0.02418619682221738,22,
09:10:07.686,15.381543600987635,15.380682549903414,16.86165357142244,15.380682549903414,8.166238381328698,-0.53325,39.392473693760756,0.5584823174860558,0.6047574152222221,0.604758,284.809076,0.604758,1324,1.3,1,0.03882282058952576,0.038825,16.890483,0.038825,4.464624367795463,4.464875,1707.79337882,4.464875,2.184893350767764,34,48,6.666666666666667,-0.02418619682221738,22,
09:10:08.146,15.381543600987635,15.380682549903414,16.86165357142244,15.380682549903414,8.166238381328698,-0.53325,39.392473693760756,0.5584823174860558,0.6047574152222221,0.604758,284.809076,0.604758,1324,1.3,1,0.03882282058952576,0.038825,16.890483,0.038825,4.464624367795463,4.464875,1707.79337882,4.464875,2.184893350767764,34,48,6.666666666666667,-0.02418619682221738,22,
09:10:08.385,15.4858575766181,15.485174373943773,16.861875094430594,15.485174373943773,8.166238381328698,-0.53325,39.392473693760756,0.7335677570139874,0.6047574152222221,0.604758,284.809076,0.604758,1413,1.4,1,0.03905223925960276,0.039054,16.890712,0.039054,4.491007514854317,4.49121,1707.81971382,4.49121,2.86986223995803,34,48,6.666666666666667,-0.02418619682221738,22,
09:10:08.599,15.4858575766181,15.485174373943773,16.861875094430594,15.485174373943773,8.240685011974316,-0.53325,35.44321536954389,0.7335677570139874,0.6128288609999999,0.612829,284.817147,0.612829,1413,1.4,1,0.03905223925960276,0.039054,16.890712,0.039054,4.491007514854317,4.49121,1707.81971382,4.49121,2.86986223995803,34,48,6.666666666666667,-0.02418619682221738,26,
09:10:08.847,15.4858575766181,15.485174373943773,16.861875094430594,15.485174373943773,8.240685011974316,-0.59325,35.44321536954389,0.7335677570139874,0.6128288609999999,0.612829,284.817147,0.612829,1413,1.4,1,0.03905223925960276,0.039054,16.890712,0.039054,4.491007514854317,4.49121,1707.81971382,4.49121,2.86986223995803,34,42,6.666666666666667,-0.02418619682221738,26,
09:10:09.295,15.4858575766181,15.485174373943773,16.861875094430594,15.485174373943773,8.240685011974316,-0.59325,35.44321536954389,0.7335677570139874,0.6128288609999999,0.612829,284.817147,0.612829,1413,1.4,1,0.03905223925960276,0.039054,16.890712,0.039054,4.491007514854317,4.49121,1707.81971382,4.49121,2.86986223995803,34,42,6.2745098039215685,-0.02418619682221738,26,
09:10:09.517,15.608076784746286,15.607513052336685,16.862142287902206,15.607513052336685,8.240685011974316,-0.59325,35.44321536954389,0.6727615832416849,0.6128288609999999,0.612829,284.817147,0.612829,1481,1.5,1,0.039263572921355384,0.039265,16.890923,0.039265,4.515310885955869,4.515475,1707.84397882,4.515475,2.631976454497956,34,42,6.2745098039215685,-0.02418619682221738,26,
09:10:09.744,15.608076784746286,15.607513052336685,16.862142287902206,15.607513052336685,8.324965533263347,-0.59325,41.61949893910811,0.6727615832416849,0.6217484663333332,0.621749,284.826067,0.621749,1481,1.5,1,0.039263572921355384,0.039265,16.890923,0.039265,4.515310885955869,4.515475,1707.84397882,4.515475,2.631976454497956,34,42,6.2745098039215685,-0.02418619682221738,28,
09:10:09.992,15.608076784746286,15.607513052336685,16.862142287902206,15.607513052336685,8.324965533263347,-0.54325,41.61949893910811,0.6727615832416849,0.6217484663333332,0.621749,284.826067,0.621749,1481,1.5,1,0.039263572921355384,0.039265,16.890923,0.039265,4.515310885955869,4.515475,1707.84397882,4.515475,2.631976454497956,34,47,6.2745098039215685,-0.02418619682221738,28,
09:10:10.450,15.608076784746286,15.607513052336685,16.862142287902206,15.607513052336685,8.324965533263347,-0.54325,41.61949893910811,0.6727615832416849,0.6217484663333332,0.621749,284.826067,0.621749,1481,1.5,1,0.039263572921355384,0.039265,16.890923,0.039265,4.515310885955869,4.515475,1707.84397882,4.515475,2.631976454497956,34,47,6.2745098039215685,-0.02418619682221738,28,
09:10:10.674,15.73477598374882,15.734107703208826,16.862419805751813,15.734107703208826,8.324965533263347,-0.54325,41.61949893910811,0.7803026337251432,0.6217484663333332,0.621749,284.826067,0.621749,1535,1.5,1,0.03951428777730849,0.039516,16.891174,0.039516,4.544143094390477,4.54434,1707.87284382,4.54434,3.052698326577199,34,47,6.2745098039215685,-0.02418619682221738,28,
09:10:10.912,15.73477598374882,15.734107703208826,16.862419805751813,15.734107703208826,8.410123497043935,-0.54325,35.883513382915005,0.7803026337251432,0.6308388848888888,0.630839,284.835157,0.630839,1535,1.5,1,0.03951428777730849,0.039516,16.891174,0.039516,4.544143094390477,4.54434,1707.87284382,4.54434,3.052698326577199,34,47,6.2745098039215685,0.0363477486340004,28,
09:10:11.129,15.73477598374882,15.734107703208826,16.862419805751813,15.734107703208826,8.410123497043935,-0.7432500000000001,35.883513382915005,0.7803026337251432,0.6308388848888888,0.630839,284.835157,0.630839,1535,1.5,1,0.03951428777730849,0.039516,16.891174,0.039516,4.544143094390477,4.54434,1707.87284382,4.54434,3.052698326577199,34,27,6.2745098039215685,0.0363477486340004,28,
09:10:11.577,15.73477598374882,15.734107703208826,16.862419805751813,15.734107703208826,8.410123497043935,-0.7432500000000001,35.883513382915005,0.7803026337251432,0.6308388848888888,0.630839,284.835157,0.630839,1535,1.5,1,0.03951428777730849,0.039516,16.891174,0.039516,4.544143094390477,4.54434,1707.87284382,4.54434,3.052698326577199,34,27,0,0.0363477486340004,28,
09:10:11.810,15.909356860031346,15.908584253795329,16.862820188271936,15.908584253795329,8.410123497043935,-0.7432500000000001,35.883513382915005,0.436577944560474,0.6308388848888888,0.630839,284.835157,0.630839,1495,1.5,1,0.039652067047017375,0.039654,16.891312,0.039654,4.559987710406999,4.5602100000000005,1707.8887138200002,4.5602100000000005,1.7079793187648298,34,27,0,0.0363477486340004,28,
09:10:12.039,15.909356860031346,15.908584253795329,16.862820188271936,15.908584253795329,8.49145784645256,-0.7432500000000001,64.13516841348702,0.436577944560474,0.6395952385555556,0.639595,284.843913,0.639595,1495,1.5,1,0.039652067047017375,0.039654,16.891312,0.039654,4.559987710406999,4.5602100000000005,1707.8887138200002,4.5602100000000005,1.7079793187648298,34,27,0,0.0372697335963616,28,
09:10:12.265,15.909356860031346,15.908584253795329,16.862820188271936,15.908584253795329,8.49145784645256,-0.69325,64.13516841348702,0.436577944560474,0.6395952385555556,0.639595,284.843913,0.639595,1495,1.5,1,0.039652067047017375,0.039654,16.891312,0.039654,4.559987710406999,4.5602100000000005,1707.8887138200002,4.5602100000000005,1.7079793187648298,34,32,0,0.0372697335963616,28,
09:10:12.735,15.909356860031346,15.908584253795329,16.862820188271936,15.908584253795329,8.49145784645256,-0.69325,64.13516841348702,0.436577944560474,0.6395952385555556,0.639595,284.843913,0.639595,1495,1.5,1,0.039652067047017375,0.039654,16.891312,0.039654,4.559987710406999,4.5602100000000005,1707.8887138200002,4.5602100000000005,1.7079793187648298,34,32,4.313725490196078,0.0372697335963616,28,
09:10:12.935,16.066286484623618,16.065382296794937,16.863180824404267,16.065382296794937,8.49145784645256,-0.69325,64.13516841348702,0.5049659624833249,0.6395952385555556,0.639595,284.843913,0.639595,1459,1.5,1,0.039809774285282776,0.039812,16.89147,0.039812,4.578124042807519,4.57838,1707.90688382,4.57838,1.9755267790038988,34,32,4.313725490196078,0.0372697335963616,28,
09:10:13.165,16.066286484623618,16.065382296794937,16.863180824404267,16.065382296794937,8.568061679288451,-0.69325,53.46895039661529,0.5049659624833249,0.6480473695555555,0.648047,284.852365,0.648047,1459,1.5,1,0.039809774285282776,0.039812,16.89147,0.039812,4.578124042807519,4.57838,1707.90688382,4.57838,1.9755267790038988,34,32,4.313725490196078,0.006202469960650581,27,
09:10:13.416,16.066286484623618,16.065382296794937,16.863180824404267,16.065382296794937,8.568061679288451,-0.6132500000000001,53.46895039661529,0.5049659624833249,0.6480473695555555,0.648047,284.852365,0.648047,1459,1.5,1,0.039809774285282776,0.039812,16.89147,0.039812,4.578124042807519,4.57838,1707.90688382,4.57838,1.9755267790038988,34,40,4.313725490196078,0.006202469960650581,27,
09:10:13.855,16.066286484623618,16.065382296794937,16.863180824404267,16.065382296794937,8.568061679288451,-0.6132500000000001,53.46895039661529,0.5049659624833249,0.6480473695555555,0.648047,284.852365,0.648047,1459,1.5,1,0.039809774285282776,0.039812,16.89147,0.039812,4.578124042807519,4.57838,1707.90688382,4.57838,1.9755267790038988,34,40,7.0588235294117645,0.006202469960650581,27,
09:10:14.090,16.192120719896323,16.191055590256095,16.863468548397456,16.191055590256095,8.568061679288451,-0.6132500000000001,53.46895039661529,0.6614915666869465,0.6480473695555555,0.648047,284.852365,0.648047,1529,1.5,1,0.04002238994915948,0.040025,16.891683,0.040025,4.60257484415334,4.602875,1707.9313788200002,4.602875,2.58788591937711,34,40,7.0588235294117645,0.006202469960650581,27,
09:10:14.332,16.192120719896323,16.191055590256095,16.863468548397456,16.191055590256095,8.642420062094981,-0.6132500000000001,39.30511182511356,0.6614915666869465,0.6564717559444444,0.656471,284.860789,0.656471,1529,1.5,1,0.04002238994915948,0.040025,16.891683,0.040025,4.60257484415334,4.602875,1707.9313788200002,4.602875,2.58788591937711,34,40,7.0588235294117645,-0.012348776641734165,26,
09:10:14.546,16.192120719896323,16.191055590256095,16.863468548397456,16.191055590256095,8.642420062094981,-0.57325,39.30511182511356,0.6614915666869465,0.6564717559444444,0.656471,284.860789,0.656471,1529,1.5,1,0.04002238994915948,0.040025,16.891683,0.040025,4.60257484415334,4.602875,1707.9313788200002,4.602875,2.58788591937711,34,44,7.0588235294117645,-0.012348776641734165,26,
09:10:15.013,16.192120719896323,16.191055590256095,16.863468548397456,16.191055590256095,8.642420062094981,-0.57325,39.30511182511356,0.6614915666869465,0.6564717559444444,0.656471,284.860789,0.656471,1529,1.5,1,0.04002238994915948,0.040025,16.891683,0.040025,4.60257484415334,4.602875,1707.9313788200002,4.602875,2.58788591937711,34,44,5.882352941176471,-0.012348776641734165,26,
09:10:15.221,16.308255810531854,16.30700250888044,16.863735639209647,16.30700250888044,8.642420062094981,-0.57325,39.30511182511356,0.7371585876245181,0.6564717559444444,0.656471,284.860789,0.656471,1549,1.5,1,0.04025395257293522,0.040257,16.891915,0.040257,4.629204545887551,4.629555,1707.9580588200001,4.629555,2.8839102799389513,34,44,5.882352941176471,-0.012348776641734165,26,
09:10:15.468,16.308255810531854,16.30700250888044,16.863735639209647,16.30700250888044,8.718525266134646,-0.57325,36.627125361188654,0.7371585876245181,0.6650095871944444,0.665009,284.869327,0.665009,1549,1.5,1,0.04025395257293522,0.040257,16.891915,0.040257,4.629204545887551,4.629555,1707.9580588200001,4.629555,2.8839102799389513,34,44,5.882352941176471,-0.012348776641734165,27,
09:10:15.688,16.308255810531854,16.30700250888044,16.863735639209647,16.30700250888044,8.718525266134646,-0.51325,36.627125361188654,0.7371585876245181,0.6650095871944444,0.665009,284.869327,0.665009,1549,1.5,1,0.04025395257293522,0.040257,16.891915,0.040257,4.629204545887551,4.629555,1707.9580588200001,4.629555,2.8839102799389513,34,50,5.882352941176471,-0.012348776641734165,27,
09:10:16.143,16.308255810531854,16.30700250888044,16.863735639209647,16.30700250888044,8.718525266134646,-0.51325,36.627125361188654,0.7371585876245181,0.6650095871944444,0.665009,284.869327,0.665009,1549,1.5,1,0.04025395257293522,0.040257,16.891915,0.040257,4.629204545887551,4.629555,1707.9580588200001,4.629555,2.8839102799389513,34,50,7.450980392156863,-0.012348776641734165,27,
09:10:16.380,16.407621029852223,16.4062022006217,16.86396454646028,16.4062022006217,8.718525266134646,-0.51325,36.627125361188654,0.8603932983967723,0.6650095871944444,0.665009,284.869327,0.665009,1591,1.6,1,0.04053053065916856,0.040534,16.892192,0.040534,4.661011025804385,4.66141,1707.98991382,4.66141,3.366028856874576,34,50,7.450980392156863,-0.012348776641734165,27,
09:10:16.594,16.407621029852223,16.4062022006217,16.86396454646028,16.4062022006217,8.797140838331487,-0.51325,32.54325673174611,0.8603932983967723,0.67375309275,0.673753,284.878071,0.673753,1591,1.6,1,0.04053053065916856,0.040534,16.892192,0.040534,4.661011025804385,4.66141,1707.98991382,4.66141,3.366028856874576,34,50,7.450980392156863,-0.012348776641734165,28,
09:10:16.831,16.407621029852223,16.4062022006217,16.86396454646028,16.4062022006217,8.797140838331487,-0.48325,32.54325673174611,0.8603932983967723,0.67375309275,0.673753,284.878071,0.673753,1591,1.6,1,0.04053053065916856,0.040534,16.892192,0.040534,4.661011025804385,4.66141,1707.98991382,4.66141,3.366028856874576,34,53,7.450980392156863,-0.012348776641734165,28,
09:10:17.290,16.407621029852223,16.4062022006217,16.86396454646028,16.4062022006217,8.797140838331487,-0.48325,32.54325673174611,0.8603932983967723,0.67375309275,0.673753,284.878071,0.673753,1591,1.6,1,0.04053053065916856,0.040534,16.892192,0.040534,4.661011025804385,4.66141,1707.98991382,4.66141,3.366028856874576,34,53,7.0588235294117645,-0.012348776641734165,28,
09:10:17.545,16.49848796644762,16.496976077960873,16.864175691234315,16.496976077960873,8.797140838331487,-0.48325,32.54325673174611,0.9458377617196448,0.67375309275,0.673753,284.878071,0.673753,1650,1.6,1,0.04083726303405423,0.040841,16.892499,0.040841,4.6962852489162366,4.696715,1708.0252188200002,4.696715,3.7003045070230254,34,53,7.0588235294117645,-0.012348776641734165,28,
09:10:17.766,16.49848796644762,16.496976077960873,16.864175691234315,16.496976077960873,8.886776566912845,-0.48325,31.717913170918926,0.9458377617196448,0.6835076394166666,0.683508,284.887826,0.683508,1650,1.6,1,0.04083726303405423,0.040841,16.892499,0.040841,4.6962852489162366,4.696715,1708.0252188200002,4.696715,3.7003045070230254,34,53,7.0588235294117645,-0.012348776641734165,30,
09:10:17.963,16.49848796644762,16.496976077960873,16.864175691234315,16.496976077960873,8.886776566912845,-0.59325,31.717913170918926,0.9458377617196448,0.6835076394166666,0.683508,284.887826,0.683508,1650,1.6,1,0.04083726303405423,0.040841,16.892499,0.040841,4.6962852489162366,4.696715,1708.0252188200002,4.696715,3.7003045070230254,34,42,7.0588235294117645,-0.012348776641734165,30,
09:10:18.433,16.49848796644762,16.496976077960873,16.864175691234315,16.496976077960873,8.886776566912845,-0.59325,31.717913170918926,0.9458377617196448,0.6835076394166666,0.683508,284.887826,0.683508,1650,1.6,1,0.04083726303405423,0.040841,16.892499,0.040841,4.6962852489162366,4.696715,1708.0252188200002,4.696715,3.7003045070230254,34,42,3.9215686274509802,-0.012348776641734165,30,
09:10:18.665,16.643062875691275,16.641702376314765,16.864522549049205,16.641702376314765,8.886776566912845,-0.59325,31.717913170918926,0.7454434558403813,0.6835076394166666,0.683508,284.887826,0.683508,1641,1.6,1,0.04106862087356483,0.041072,16.89273,0.041072,4.722891400459956,4.72328,1708.05178382,4.72328,2.9163223239913196,34,42,3.9215686274509802,-0.012348776641734165,30,
09:10:18.888,16.643062875691275,16.641702376314765,16.864522549049205,16.641702376314765,8.971978762757175,-0.59325,40.244501128766736,0.7454434558403813,0.69285680275,0.692857,284.897175,0.692857,1641,1.6,1,0.04106862087356483,0.041072,16.89273,0.041072,4.722891400459956,4.72328,1708.05178382,4.72328,2.9163223239913196,34,42,3.9215686274509802,0.024871346377622176,30,
09:10:19.123,16.643062875691275,16.641702376314765,16.864522549049205,16.641702376314765,8.971978762757175,-0.66325,40.244501128766736,0.7454434558403813,0.69285680275,0.692857,284.897175,0.692857,1641,1.6,1,0.04106862087356483,0.041072,16.89273,0.041072,4.722891400459956,4.72328,1708.05178382,4.72328,2.9163223239913196,34,35,3.9215686274509802,0.024871346377622176,30,
09:10:19.573,16.643062875691275,16.641702376314765,16.864522549049205,16.641702376314765,8.971978762757175,-0.66325,40.244501128766736,0.7454434558403813,0.69285680275,0.692857,284.897175,0.692857,1641,1.6,1,0.04106862087356483,0.041072,16.89273,0.041072,4.722891400459956,4.72328,1708.05178382,4.72328,2.9163223239913196,34,35,2.3529411764705883,0.024871346377622176,30,
09:10:19.807,16.791167943848716,16.789613977269973,16.864881303859455,16.789613977269973,8.971978762757175,-0.66325,40.244501128766736,0.6124961972119324,0.69285680275,0.692857,284.897175,0.692857,1618,1.6,1,0.04126316912956739,0.041267,16.892925,0.041267,4.745264449900249,4.745705,1708.0742088200002,4.745705,2.396206337709708,34,35,2.3529411764705883,0.024871346377622176,30,
09:10:20.032,16.791167943848716,16.789613977269973,16.864881303859455,16.789613977269973,9.049977326754252,-0.66325,45.714569539297244,0.6124961972119324,0.70175680575,0.701757,284.906075,0.701757,1618,1.6,1,0.04126316912956739,0.041267,16.892925,0.041267,4.745264449900249,4.745705,1708.0742088200002,4.745705,2.396206337709708,34,35,2.3529411764705883,0.024871346377622176,28,
09:10:20.259,16.791167943848716,16.789613977269973,16.864881303859455,16.789613977269973,9.049977326754252,-0.7232500000000001,45.714569539297244,0.6124961972119324,0.70175680575,0.701757,284.906075,0.701757,1618,1.6,1,0.04126316912956739,0.041267,16.892925,0.041267,4.745264449900249,4.745705,1708.0742088200002,4.745705,2.396206337709708,34,29,2.3529411764705883,0.024871346377622176,28,
09:10:20.713,16.791167943848716,16.789613977269973,16.864881303859455,16.789613977269973,9.049977326754252,-0.7232500000000001,45.714569539297244,0.6124961972119324,0.70175680575,0.701757,284.906075,0.701757,1618,1.6,1,0.04126316912956739,0.041267,16.892925,0.041267,4.745264449900249,4.745705,1708.0742088200002,4.745705,2.396206337709708,34,29,1.1764705882352942,0.024871346377622176,28,
09:10:20.952,16.94176786983208,16.94001351808043,16.865249412126285,16.94001351808043,9.049977326754252,-0.7232500000000001,45.714569539297244,0.4984007992887701,0.70175680575,0.701757,284.906075,0.701757,1589,1.6,1,0.041421698794469164,0.041426,16.893084,0.041426,4.763495361363954,4.76399,1708.09249382,4.76399,1.9498425613279358,34,29,1.1764705882352942,0.024871346377622176,28,
09:10:21.202,16.94176786983208,16.94001351808043,16.865249412126285,16.94001351808043,9.12920879088971,-0.7232500000000001,56.17968518500908,0.4984007992887701,0.71087281475,0.710873,284.915191,0.710873,1589,1.6,1,0.041421698794469164,0.041426,16.893084,0.041426,4.763495361363954,4.76399,1708.09249382,4.76399,1.9498425613279358,34,29,1.1764705882352942,0,28,
09:10:21.433,16.94176786983208,16.94001351808043,16.865249412126285,16.94001351808043,9.12920879088971,-0.7532500000000001,56.17968518500908,0.4984007992887701,0.71087281475,0.710873,284.915191,0.710873,1589,1.6,1,0.041421698794469164,0.041426,16.893084,0.041426,4.763495361363954,4.76399,1708.09249382,4.76399,1.9498425613279358,34,26,1.1764705882352942,0,28,
09:10:21.867,16.94176786983208,16.94001351808043,16.865249412126285,16.94001351808043,9.12920879088971,-0.7532500000000001,56.17968518500908,0.4984007992887701,0.71087281475,0.710873,284.915191,0.710873,1589,1.6,1,0.041421698794469164,0.041426,16.893084,0.041426,4.763495361363954,4.76399,1708.09249382,4.76399,1.9498425613279358,34,26,1.1764705882352942,0,28,
09:10:22.101,17.105919087382706,17.104328577271957,16.865654260446156,17.104328577271957,9.12920879088971,-0.7532500000000001,56.17968518500908,0.4240641161978712,0.71087281475,0.710873,284.915191,0.710873,1508,1.5,1,0.041557124824373716,0.041561,16.893219000000002,0.041561,4.779069354802977,4.779515,1708.10801882,4.779515,1.6590227456987858,34,26,1.1764705882352942,0,28,
09:10:22.314,17.105919087382706,17.104328577271957,16.865654260446156,17.104328577271957,9.19975711386103,-0.7532500000000001,63.66961732598383,0.4240641161978712,0.7192054677499999,0.719206,284.923524,0.719206,1508,1.5,1,0.041557124824373716,0.041561,16.893219000000002,0.041561,4.779069354802977,4.779515,1708.10801882,4.779515,1.6590227456987858,34,26,1.1764705882352942,-0.018683056020836836,27,
09:10:22.547,17.105919087382706,17.104328577271957,16.865654260446156,17.104328577271957,9.19975711386103,-0.7532500000000001,63.66961732598383,0.4240641161978712,0.7192054677499999,0.719206,284.923524,0.719206,1508,1.5,1,0.041557124824373716,0.041561,16.893219000000002,0.041561,4.779069354802977,4.779515,1708.10801882,4.779515,1.6590227456987858,34,26,1.1764705882352942,-0.018683056020836836,27,
09:10:23.015,17.105919087382706,17.104328577271957,16.865654260446156,17.104328577271957,9.19975711386103,-0.7532500000000001,63.66961732598383,0.4240641161978712,0.7192054677499999,0.719206,284.923524,0.719206,1508,1.5,1,0.041557124824373716,0.041561,16.893219000000002,0.041561,4.779069354802977,4.779515,1708.10801882,4.779515,1.6590227456987858,34,26,3.5294117647058822,-0.018683056020836836,27,
09:10:23.248,17.25163149483875,17.25004197347277,16.86601574785251,17.25004197347277,9.19975711386103,-0.7532500000000001,63.66961732598383,0.41506540816184206,0.7192054677499999,0.719206,284.923524,0.719206,1476,1.5,1,0.04168912766106602,0.041693,16.893351,0.041693,4.794249681022593,4.794695,1708.1231988200002,4.794695,1.6238180189996068,34,26,3.5294117647058822,-0.018683056020836836,27,
09:10:23.466,17.25163149483875,17.25004197347277,16.86601574785251,17.25004197347277,9.26817902910057,-0.7532500000000001,62.64072960245845,0.41506540816184206,0.7275173998055555,0.727518,284.931836,0.727518,1476,1.5,1,0.04168912766106602,0.041693,16.893351,0.041693,4.794249681022593,4.794695,1708.1231988200002,4.794695,1.6238180189996068,34,26,3.5294117647058822,-0.024746219636481857,26,
09:10:23.718,17.25163149483875,17.25004197347277,16.86601574785251,17.25004197347277,9.26817902910057,-0.64325,62.64072960245845,0.41506540816184206,0.7275173998055555,0.727518,284.931836,0.727518,1476,1.5,1,0.04168912766106602,0.041693,16.893351,0.041693,4.794249681022593,4.794695,1708.1231988200002,4.794695,1.6238180189996068,34,37,3.5294117647058822,-0.024746219636481857,26,
09:10:24.185,17.25163149483875,17.25004197347277,16.86601574785251,17.25004197347277,9.26817902910057,-0.64325,62.64072960245845,0.41506540816184206,0.7275173998055555,0.727518,284.931836,0.727518,1476,1.5,1,0.04168912766106602,0.041693,16.893351,0.041693,4.794249681022593,4.794695,1708.1231988200002,4.794695,1.6238180189996068,34,37,3.1372549019607843,-0.024746219636481857,26,
09:10:24.409,17.373367417640118,17.37190477327539,16.866322073346748,17.37190477327539,9.26817902910057,-0.64325,62.64072960245845,0.576263418461094,0.7275173998055555,0.727518,284.931836,0.727518,1440,1.4,1,0.04187543970703502,0.041879,16.893537000000002,0.041879,4.815675566309028,4.816085,1708.14458882,4.816085,2.25445653669739,34,37,3.1372549019607843,-0.024746219636481857,26,
09:10:24.640,17.373367417640118,17.37190477327539,16.866322073346748,17.37190477327539,9.337485783422096,-0.64325,45.11825524068967,0.576263418461094,0.7360064156944444,0.736007,284.940325,0.736007,1440,1.4,1,0.04187543970703502,0.041879,16.893537000000002,0.041879,4.815675566309028,4.816085,1708.14458882,4.816085,2.25445653669739,34,37,3.1372549019607843,-0.012293266879932327,26,
09:10:24.866,17.373367417640118,17.37190477327539,16.866322073346748,17.37190477327539,9.337485783422096,-0.6132500000000001,45.11825524068967,0.576263418461094,0.7360064156944444,0.736007,284.940325,0.736007,1440,1.4,1,0.04187543970703502,0.041879,16.893537000000002,0.041879,4.815675566309028,4.816085,1708.14458882,4.816085,2.25445653669739,34,40,3.1372549019607843,-0.012293266879932327,26,
09:10:25.288,17.373367417640118,17.37190477327539,16.866322073346748,17.37190477327539,9.337485783422096,-0.6132500000000001,45.11825524068967,0.576263418461094,0.7360064156944444,0.736007,284.940325,0.736007,1440,1.4,1,0.04187543970703502,0.041879,16.893537000000002,0.041879,4.815675566309028,4.816085,1708.14458882,4.816085,2.25445653669739,34,40,4.313725490196078,-0.012293266879932327,26,
09:10:25.548,17.49432408592332,17.492739156268563,16.866628885397915,17.492739156268563,9.337485783422096,-0.6132500000000001,45.11825524068967,0.6199590680591199,0.7360064156944444,0.736007,284.940325,0.736007,1433,1.4,1,0.04207115474022037,0.042075,16.893733,0.042075,4.838182795125342,4.838625,1708.1671288200002,4.838625,2.425402565380901,34,40,4.313725490196078,-0.012293266879932327,26,
09:10:25.763,17.49432408592332,17.492739156268563,16.866628885397915,17.492739156268563,9.403105475746594,-0.6132500000000001,41.938252603348666,0.6199590680591199,0.7441091640277777,0.74411,284.948428,0.74411,1433,1.4,1,0.04207115474022037,0.042075,16.893733,0.042075,4.838182795125342,4.838625,1708.1671288200002,4.838625,2.425402565380901,34,40,4.313725490196078,-0.012423229820636199,26,
09:10:26.002,17.49432408592332,17.492739156268563,16.866628885397915,17.492739156268563,9.403105475746594,-0.6232500000000001,41.938252603348666,0.6199590680591199,0.7441091640277777,0.74411,284.948428,0.74411,1433,1.4,1,0.04207115474022037,0.042075,16.893733,0.042075,4.838182795125342,4.838625,1708.1671288200002,4.838625,2.425402565380901,34,39,4.313725490196078,-0.012423229820636199,26,
09:10:26.446,17.49432408592332,17.492739156268563,16.866628885397915,17.492739156268563,9.403105475746594,-0.6232500000000001,41.938252603348666,0.6199590680591199,0.7441091640277777,0.74411,284.948428,0.74411,1433,1.4,1,0.04207115474022037,0.042075,16.893733,0.042075,4.838182795125342,4.838625,1708.1671288200002,4.838625,2.425402565380901,34,39,3.5294117647058822,-0.012423229820636199,26,
09:10:26.675,17.608392701898655,17.606653574048224,16.866920829095864,17.606653574048224,9.403105475746594,-0.6232500000000001,41.938252603348666,0.5993983180873755,0.7441091640277777,0.74411,284.948428,0.74411,1421,1.4,1,0.04225877833514827,0.042263,16.893921,0.042263,4.859759508542051,4.860245,1708.1887488200002,4.860245,2.344964842478091,34,39,3.5294117647058822,-0.012423229820636199,26,
09:10:26.914,17.608392701898655,17.606653574048224,16.866920829095864,17.606653574048224,9.469878873618388,-0.6232500000000001,43.376831758493395,0.5993983180873755,0.7524204099722221,0.752421,284.956739,0.752421,1421,1.4,1,0.04225877833514827,0.042263,16.893921,0.042263,4.859759508542051,4.860245,1708.1887488200002,4.860245,2.344964842478091,34,39,3.5294117647058822,-0.006158697480979062,26,
09:10:27.137,17.608392701898655,17.606653574048224,16.866920829095864,17.606653574048224,9.469878873618388,-0.69325,43.376831758493395,0.5993983180873755,0.7524204099722221,0.752421,284.956739,0.752421,1421,1.4,1,0.04225877833514827,0.042263,16.893921,0.042263,4.859759508542051,4.860245,1708.1887488200002,4.860245,2.344964842478091,34,32,3.5294117647058822,-0.006158697480979062,26,
09:10:27.601,17.608392701898655,17.606653574048224,16.866920829095864,17.606653574048224,9.469878873618388,-0.69325,43.376831758493395,0.5993983180873755,0.7524204099722221,0.752421,284.956739,0.752421,1421,1.4,1,0.04225877833514827,0.042263,16.893921,0.042263,4.859759508542051,4.860245,1708.1887488200002,4.860245,2.344964842478091,34,32,0,-0.006158697480979062,26,
09:10:27.840,17.74043884291408,17.738666100855784,16.867259024243708,17.738666100855784,9.469878873618388,-0.69325,43.376831758493395,0.47450879682291897,0.7524204099722221,0.752421,284.956739,0.752421,1371,1.4,1,0.04241272815372069,0.042417,16.894075,0.042417,4.877463737677879,4.877955,1708.20645882,4.877955,1.8563723194066803,34,32,0,-0.006158697480979062,26,
09:10:28.068,17.74043884291408,17.738666100855784,16.867259024243708,17.738666100855784,9.524276436885334,-0.69325,48.47117725529402,0.47450879682291897,0.7597972664166666,0.759798,284.964116,0.759798,1371,1.4,1,0.04241272815372069,0.042417,16.894075,0.042417,4.877463737677879,4.877955,1708.20645882,4.877955,1.8563723194066803,34,32,0,-0.018463677636135385,23,
09:10:28.314,17.74043884291408,17.738666100855784,16.867259024243708,17.738666100855784,9.524276436885334,-0.7532500000000001,48.47117725529402,0.47450879682291897,0.7597972664166666,0.759798,284.964116,0.759798,1371,1.4,1,0.04241272815372069,0.042417,16.894075,0.042417,4.877463737677879,4.877955,1708.20645882,4.877955,1.8563723194066803,34,26,0,-0.018463677636135385,23,
09:10:28.729,17.74043884291408,17.738666100855784,16.867259024243708,17.738666100855784,9.524276436885334,-0.7532500000000001,48.47117725529402,0.47450879682291897,0.7597972664166666,0.759798,284.964116,0.759798,1371,1.4,1,0.04241272815372069,0.042417,16.894075,0.042417,4.877463737677879,4.877955,1708.20645882,4.877955,1.8563723194066803,34,26,0,-0.018463677636135385,23,
09:10:28.975,17.868891796542865,17.867089947089944,16.867587855535835,17.867089947089944,9.524276436885334,-0.7532500000000001,48.47117725529402,0.34335695349973516,0.7597972664166666,0.759798,284.964116,0.759798,1221,1.2,1,0.04252067084337408,0.042525,16.894183,0.042525,4.889877146988019,4.890375,1708.21887882,4.890375,1.343280353115528,34,26,0,-0.018463677636135385,23,
09:10:29.195,17.868891796542865,17.867089947089944,16.867587855535835,17.867089947089944,9.573036774306308,-0.7532500000000001,64.07326188026936,0.34335695349973516,0.7666836324722222,0.766684,284.971002,0.766684,1221,1.2,1,0.04252067084337408,0.042525,16.894183,0.042525,4.889877146988019,4.890375,1708.21887882,4.890375,1.343280353115528,34,26,0,-0.024873188041098115,22,
09:10:29.445,17.868891796542865,17.867089947089944,16.867587855535835,17.867089947089944,9.573036774306308,-0.70325,64.07326188026936,0.34335695349973516,0.7666836324722222,0.766684,284.971002,0.766684,1221,1.2,1,0.04252067084337408,0.042525,16.894183,0.042525,4.889877146988019,4.890375,1708.21887882,4.890375,1.343280353115528,34,31,0,-0.024873188041098115,22,
09:10:29.895,17.868891796542865,17.867089947089944,16.867587855535835,17.867089947089944,9.573036774306308,-0.70325,64.07326188026936,0.34335695349973516,0.7666836324722222,0.766684,284.971002,0.766684,1221,1.2,1,0.04252067084337408,0.042525,16.894183,0.042525,4.889877146988019,4.890375,1708.21887882,4.890375,1.343280353115528,34,31,0,-0.024873188041098115,22,
09:10:30.123,17.98004362731408,17.978285848282333,16.86787563831429,17.978285848282333,9.573036774306308,-0.70325,64.07326188026936,0.3765288736277414,0.7666836324722222,0.766684,284.971002,0.766684,1123,1.1,1,0.04264081046541666,0.042645,16.894303,0.042645,4.9036932035229155,4.904175,1708.23267882,4.904175,1.4730554694453124,34,31,0,-0.024873188041098115,22,
09:10:30.357,17.98004362731408,17.978285848282333,16.86787563831429,17.978285848282333,9.614888533192685,-0.70325,53.11677643020061,0.3765288736277414,0.7731386735833332,0.773139,284.977457,0.773139,1123,1.1,1,0.04264081046541666,0.042645,16.894303,0.042645,4.9036932035229155,4.904175,1708.23267882,4.904175,1.4730554694453124,34,31,0,-0.03699066619489456,20,
09:10:30.597,17.98004362731408,17.978285848282333,16.86787563831429,17.978285848282333,9.614888533192685,-0.68325,53.11677643020061,0.3765288736277414,0.7731386735833332,0.773139,284.977457,0.773139,1123,1.1,1,0.04264081046541666,0.042645,16.894303,0.042645,4.9036932035229155,4.904175,1708.23267882,4.904175,1.4730554694453124,34,33,0,-0.03699066619489456,20,
09:10:31.058,17.98004362731408,17.978285848282333,16.86787563831429,17.978285848282333,9.614888533192685,-0.68325,53.11677643020061,0.3765288736277414,0.7731386735833332,0.773139,284.977457,0.773139,1123,1.1,1,0.04264081046541666,0.042645,16.894303,0.042645,4.9036932035229155,4.904175,1708.23267882,4.904175,1.4730554694453124,34,33,0,-0.03699066619489456,20,
09:10:31.280,18.09033787306066,18.088507790931633,16.868160869874043,18.088507790931633,9.614888533192685,-0.68325,53.11677643020061,0.3011452254672661,0.7731386735833332,0.773139,284.977457,0.773139,904,0.9,1,0.04273765802542901,0.042742,16.8944,0.042742,4.914830672924336,4.91533,1708.2438338200002,4.91533,1.1781397192675072,34,33,0,-0.03699066619489456,20,
09:10:31.519,18.09033787306066,18.088507790931633,16.868160869874043,18.088507790931633,9.64444952497732,-0.68325,56.45116894555537,0.3011452254672661,0.7786323855555555,0.778633,284.982951,0.778633,904,0.9,1,0.04273765802542901,0.042742,16.8944,0.042742,4.914830672924336,4.91533,1708.2438338200002,4.91533,1.1781397192675072,34,33,0,-0.05535127973347956,17,
09:10:31.737,18.09033787306066,18.088507790931633,16.868160869874043,18.088507790931633,9.64444952497732,-0.71325,56.45116894555537,0.3011452254672661,0.7786323855555555,0.778633,284.982951,0.778633,904,0.9,1,0.04273765802542901,0.042742,16.8944,0.042742,4.914830672924336,4.91533,1708.2438338200002,4.91533,1.1781397192675072,34,30,0,-0.05535127973347956,17,
09:10:32.183,18.09033787306066,18.088507790931633,16.868160869874043,18.088507790931633,9.64444952497732,-0.71325,56.45116894555537,0.3011452254672661,0.7786323855555555,0.778633,284.982951,0.778633,904,0.9,1,0.04273765802542901,0.042742,16.8944,0.042742,4.914830672924336,4.91533,1708.2438338200002,4.91533,1.1781397192675072,34,30,0,-0.05535127973347956,17,
09:10:32.405,18.185250950127454,18.18343803274095,16.868407187934,18.18343803274095,9.64444952497732,-0.71325,56.45116894555537,0.25256950728047045,0.7786323855555555,0.778633,284.982951,0.778633,834,0.8,1,0.042816697316464494,0.042821,16.894479,0.042821,4.9239201913934165,4.924415,1708.25291882,4.924415,0.9881018964894419,34,30,0,-0.05535127973347956,17,
09:10:32.629,18.185250950127454,18.18343803274095,16.868407187934,18.18343803274095,9.657189941564978,-0.71325,51.470979770982055,0.25256950728047045,0.7826324804999999,0.782633,284.986951,0.782633,834,0.8,1,0.042816697316464494,0.042821,16.894479,0.042821,4.9239201913934165,4.924415,1708.25291882,4.924415,0.9881018964894419,34,30,0,-0.06211107678567386,13,
09:10:32.887,18.185250950127454,18.18343803274095,16.868407187934,18.18343803274095,9.657189941564978,-0.70325,51.470979770982055,0.25256950728047045,0.7826324804999999,0.782633,284.986951,0.782633,834,0.8,1,0.042816697316464494,0.042821,16.894479,0.042821,4.9239201913934165,4.924415,1708.25291882,4.924415,0.9881018964894419,34,31,0,-0.06211107678567386,13,
09:10:33.332,18.185250950127454,18.18343803274095,16.868407187934,18.18343803274095,9.657189941564978,-0.70325,51.470979770982055,0.25256950728047045,0.7826324804999999,0.782633,284.986951,0.782633,834,0.8,1,0.042816697316464494,0.042821,16.894479,0.042821,4.9239201913934165,4.924415,1708.25291882,4.924415,0.9881018964894419,34,31,0,-0.06211107678567386,13,
09:10:33.535,18.242857898438086,18.241067474653306,16.868560080541886,18.241067474653306,9.657189941564978,-0.70325,51.470979770982055,0.2681860151846626,0.7826324804999999,0.782633,284.986951,0.782633,857,0.9,1,0.04290076066245121,0.042905,16.894563,0.042905,4.933587476181889,4.934075,1708.26257882,4.934075,1.049196765948641,34,31,0,-0.06211107678567386,13,
09:10:33.785,18.242857898438086,18.241067474653306,16.868560080541886,18.241067474653306,9.650645855329916,-0.70325,29.83004163916417,0.2681860151846626,0.7852028300555555,0.785203,284.989521,0.785203,857,0.9,1,0.04290076066245121,0.042905,16.894563,0.042905,4.933587476181889,4.934075,1708.26257882,4.934075,1.049196765948641,34,31,0,-0.08640935958030582,8,
09:10:34.000,18.242857898438086,18.241067474653306,16.868560080541886,18.241067474653306,9.650645855329916,-0.69325,29.83004163916417,0.2681860151846626,0.7852028300555555,0.785203,284.989521,0.785203,857,0.9,1,0.04290076066245121,0.042905,16.894563,0.042905,4.933587476181889,4.934075,1708.26257882,4.934075,1.049196765948641,34,32,0,-0.08640935958030582,8,
09:10:34.467,18.242857898438086,18.241067474653306,16.868560080541886,18.241067474653306,9.650645855329916,-0.69325,29.83004163916417,0.2681860151846626,0.7852028300555555,0.785203,284.989521,0.785203,857,0.9,1,0.04290076066245121,0.042905,16.894563,0.042905,4.933587476181889,4.934075,1708.26257882,4.934075,1.049196765948641,34,32,0,-0.08640935958030582,8,
09:10:34.694,18.26531008602928,18.263508012932334,16.868624335595925,18.263508012932334,9.650645855329916,-0.69325,29.83004163916417,0.2732838409710989,0.7852028300555555,0.785203,284.989521,0.785203,846,0.8,1,0.04298874896496497,0.042993,16.894651,0.042993,4.943706130970972,4.944195000000001,1708.2726988200002,4.944195000000001,1.0691404692950504,34,32,0,-0.08640935958030582,8,
09:10:34.925,18.26531008602928,18.263508012932334,16.868624335595925,18.263508012932334,9.632621763080742,-0.69325,18.295995775794054,0.2732838409710989,0.7867856154722221,0.786786,284.991104,0.786786,846,0.8,1,0.04298874896496497,0.042993,16.894651,0.042993,4.943706130970972,4.944195000000001,1708.2726988200002,4.944195000000001,1.0691404692950504,34,32,0,-0.09300760420871902,5,
09:10:35.139,18.26531008602928,18.263508012932334,16.868624335595925,18.263508012932334,9.632621763080742,-0.70325,18.295995775794054,0.2732838409710989,0.7867856154722221,0.786786,284.991104,0.786786,846,0.8,1,0.04298874896496497,0.042993,16.894651,0.042993,4.943706130970972,4.944195000000001,1708.2726988200002,4.944195000000001,1.0691404692950504,34,31,0,-0.09300760420871902,5,
09:10:35.611,18.26531008602928,18.263508012932334,16.868624335595925,18.263508012932334,9.632621763080742,-0.70325,18.295995775794054,0.2732838409710989,0.7867856154722221,0.786786,284.991104,0.786786,846,0.8,1,0.04298874896496497,0.042993,16.894651,0.042993,4.943706130970972,4.944195000000001,1708.2726988200002,4.944195000000001,1.0691404692950504,34,31,0,-0.09300760420871902,5,
09:10:35.822,18.26708432531906,18.265490423679626,16.86863616015713,18.265490423679626,9.632621763080742,-0.70325,18.295995775794054,0.26317904173897466,0.7867856154722221,0.786786,284.991104,0.786786,841,0.8,1,0.04307122042359542,0.043075,16.894733000000002,0.043075,4.953190348713473,4.953625000000001,1708.2821288200003,4.953625000000001,1.0296084949390985,34,31,0,-0.09300760420871902,5,
09:10:36.070,18.26708432531906,18.265490423679626,16.86863616015713,18.265490423679626,9.606859455518428,-0.70325,11.399083985477269,0.26317904173897466,0.7877410982222222,0.787741,284.992059,0.787741,841,0.8,1,0.04307122042359542,0.043075,16.894733000000002,0.043075,4.953190348713473,4.953625000000001,1708.2821288200003,4.953625000000001,1.0296084949390985,34,31,0,-0.08713523865007064,3,
09:10:36.298,18.26708432531906,18.265490423679626,16.86863616015713,18.265490423679626,9.606859455518428,-0.69325,11.399083985477269,0.26317904173897466,0.7877410982222222,0.787741,284.992059,0.787741,841,0.8,1,0.04307122042359542,0.043075,16.894733000000002,0.043075,4.953190348713473,4.953625000000001,1708.2821288200003,4.953625000000001,1.0296084949390985,34,32,0,-0.08713523865007064,3,
09:10:36.757,18.26708432531906,18.265490423679626,16.86863616015713,18.265490423679626,9.606859455518428,-0.69325,11.399083985477269,0.26317904173897466,0.7877410982222222,0.787741,284.992059,0.787741,841,0.8,1,0.04307122042359542,0.043075,16.894733000000002,0.043075,4.953190348713473,4.953625000000001,1708.2821288200003,4.953625000000001,1.0296084949390985,34,32,0,-0.08713523865007064,3,
09:10:36.979,18.25131374583195,18.249530869917756,16.868602825847894,18.249530869917756,9.606859455518428,-0.69325,11.399083985477269,0.27877536023411154,0.7877410982222222,0.787741,284.992059,0.787741,863,0.9,1,0.04316078881730464,0.043165,16.894823,0.043165,4.9634907139900335,4.9639750000000005,1708.29247882,4.9639750000000005,1.0906243794345492,34,32,0,-0.08713523865007064,3,
09:10:37.226,18.25131374583195,18.249530869917756,16.868602825847894,18.249530869917756,9.569391819107542,-0.69325,11.399083985477269,0.27877536023411154,0.7877410982222222,0.787741,284.992059,0.787741,863,0.9,1,0.04316078881730464,0.043165,16.894823,0.043165,4.9634907139900335,4.9639750000000005,1708.29247882,4.9639750000000005,1.0906243794345492,34,32,0,-0.08009358956229021,0,
09:10:37.447,18.25131374583195,18.249530869917756,16.868602825847894,18.249530869917756,9.569391819107542,-0.70325,11.399083985477269,0.27877536023411154,0.7877410982222222,0.787741,284.992059,0.787741,863,0.9,1,0.04316078881730464,0.043165,16.894823,0.043165,4.9634907139900335,4.9639750000000005,1708.29247882,4.9639750000000005,1.0906243794345492,34,31,0,-0.08009358956229021,0,
09:10:37.903,18.25131374583195,18.249530869917756,16.868602825847894,18.249530869917756,9.569391819107542,-0.70325,11.399083985477269,0.27877536023411154,0.7877410982222222,0.787741,284.992059,0.787741,863,0.9,1,0.04316078881730464,0.043165,16.894823,0.043165,4.9634907139900335,4.9639750000000005,1708.29247882,4.9639750000000005,1.0906243794345492,34,31,0,-0.08009358956229021,0,
09:10:38.136,18.216006547349398,18.214085874817915,16.86851895662995,18.214085874817915,9.569391819107542,-0.70325,11.399083985477269,0.26067555501613066,0.7877410982222222,0.787741,284.992059,0.787741,833,0.8,1,0.043244445272602634,0.043249,16.894907,0.043249,4.973111206349303,4.973635000000001,1708.3021388200002,4.973635000000001,1.0198143594343267,34,31,0,-0.08009358956229021,0,
09:10:38.373,18.216006547349398,18.214085874817915,16.86851895662995,18.214085874817915,9.532535943607073,-0.70325,11.399083985477269,0.26067555501613066,0.7877410982222222,0.787741,284.992059,0.787741,833,0.8,1,0.043244445272602634,0.043249,16.894907,0.043249,4.973111206349303,4.973635000000001,1708.3021388200002,4.973635000000001,1.0198143594343267,34,31,0,-0.04938265210742435,0,
09:10:38.594,18.216006547349398,18.214085874817915,16.86851895662995,18.214085874817915,9.532535943607073,-0.70325,11.399083985477269,0.26067555501613066,0.7877410982222222,0.787741,284.992059,0.787741,833,0.8,1,0.043244445272602634,0.043249,16.894907,0.043249,4.973111206349303,4.973635000000001,1708.3021388200002,4.973635000000001,1.0198143594343267,34,31,0,-0.04938265210742435,0,
09:10:39.047,18.216006547349398,18.214085874817915,16.86851895662995,18.214085874817915,9.532535943607073,-0.70325,11.399083985477269,0.26067555501613066,0.7877410982222222,0.787741,284.992059,0.787741,833,0.8,1,0.043244445272602634,0.043249,16.894907,0.043249,4.973111206349303,4.973635000000001,1708.3021388200002,4.973635000000001,1.0198143594343267,34,31,0,-0.04938265210742435,0,
09:10:39.283,18.180090926619528,18.178358794480083,16.868434089817857,18.178358794480083,9.532535943607073,-0.70325,11.399083985477269,0.26756014350395163,0.7877410982222222,0.787741,284.992059,0.787741,855,0.9,1,0.043329876698735385,0.043334,16.894992000000002,0.043334,4.9829358203545695,4.98341,1708.3119138200002,4.98341,1.0467482320724482,34,31,0,-0.04938265210742435,0,
09:10:39.501,18.180090926619528,18.178358794480083,16.868434089817857,18.178358794480083,9.496496904496983,-0.70325,11.399083985477269,0.26756014350395163,0.7877410982222222,0.787741,284.992059,0.787741,855,0.9,1,0.043329876698735385,0.043334,16.894992000000002,0.043334,4.9829358203545695,4.98341,1708.3119138200002,4.98341,1.0467482320724482,34,31,0,-0.030949790153923077,0,
09:10:39.742,18.180090926619528,18.178358794480083,16.868434089817857,18.178358794480083,9.496496904496983,-0.69325,11.399083985477269,0.26756014350395163,0.7877410982222222,0.787741,284.992059,0.787741,855,0.9,1,0.043329876698735385,0.043334,16.894992000000002,0.043334,4.9829358203545695,4.98341,1708.3119138200002,4.98341,1.0467482320724482,34,32,0,-0.030949790153923077,0,
09:10:40.206,18.180090926619528,18.178358794480083,16.868434089817857,18.178358794480083,9.496496904496983,-0.69325,11.399083985477269,0.26756014350395163,0.7877410982222222,0.787741,284.992059,0.787741,855,0.9,1,0.043329876698735385,0.043334,16.894992000000002,0.043334,4.9829358203545695,4.98341,1708.3119138200002,4.98341,1.0467482320724482,34,32,0,-0.030949790153923077,0,
09:10:40.436,18.144045864369527,18.142353754030403,16.86834822544175,18.142353754030403,9.496496904496983,-0.69325,11.399083985477269,0.2690844438876188,0.7877410982222222,0.787741,284.992059,0.787741,833,0.8,1,0.04341595607235282,0.04342,16.895078,0.04342,4.992834948320574,4.9933,1708.3218038200002,4.9933,1.0527115968354344,34,32,0,-0.030949790153923077,0,
09:10:40.661,18.144045864369527,18.142353754030403,16.86834822544175,18.142353754030403,9.459721763959477,-0.69325,11.399083985477269,0.2690844438876188,0.7877410982222222,0.787741,284.992059,0.787741,833,0.8,1,0.04341595607235282,0.04342,16.895078,0.04342,4.992834948320574,4.9933,1708.3218038200002,4.9933,1.0527115968354344,34,32,0,-0.01850892370375808,0,
09:10:40.889,18.144045864369527,18.142353754030403,16.86834822544175,18.142353754030403,9.459721763959477,-0.70325,11.399083985477269,0.2690844438876188,0.7877410982222222,0.787741,284.992059,0.787741,833,0.8,1,0.04341595607235282,0.04342,16.895078,0.04342,4.992834948320574,4.9933,1708.3218038200002,4.9933,1.0527115968354344,34,31,0,-0.01850892370375808,0,
09:10:41.376,18.144045864369527,18.142353754030403,16.86834822544175,18.142353754030403,9.459721763959477,-0.70325,11.399083985477269,0.2690844438876188,0.7877410982222222,0.787741,284.992059,0.787741,833,0.8,1,0.04341595607235282,0.04342,16.895078,0.04342,4.992834948320574,4.9933,1708.3218038200002,4.9933,1.0527115968354344,34,31,0,-0.01850892370375808,0,
09:10:41.672,18.105941555638303,18.104410378984625,16.868257369902604,18.104410378984625,9.459721763959477,-0.70325,11.399083985477269,0.2659954643021742,0.7877410982222222,0.787741,284.992059,0.787741,850,0.8,1,0.04350732580250237,0.043511,16.895169,0.043511,5.003342467287773,5.0037650000000005,1708.33226882,5.0037650000000005,1.0406268973819661,34,31,0,-0.01850892370375808,0,
09:10:41.894,18.105941555638303,18.104410378984625,16.868257369902604,18.104410378984625,9.421062317065203,-0.70325,11.399083985477269,0.2659954643021742,0.7877410982222222,0.787741,284.992059,0.787741,850,0.8,1,0.04350732580250237,0.043511,16.895169,0.043511,5.003342467287773,5.0037650000000005,1708.33226882,5.0037650000000005,1.0406268973819661,34,31,0,0,0,
09:10:42.124,18.105941555638303,18.104410378984625,16.868257369902604,18.104410378984625,9.421062317065203,-0.70325,11.399083985477269,0.2659954643021742,0.7877410982222222,0.787741,284.992059,0.787741,850,0.8,1,0.04350732580250237,0.043511,16.895169,0.043511,5.003342467287773,5.0037650000000005,1708.33226882,5.0037650000000005,1.0406268973819661,34,31,0,0,0,
09:10:42.561,18.105941555638303,18.104410378984625,16.868257369902604,18.104410378984625,9.421062317065203,-0.70325,11.399083985477269,0.2659954643021742,0.7877410982222222,0.787741,284.992059,0.787741,850,0.8,1,0.04350732580250237,0.043511,16.895169,0.043511,5.003342467287773,5.0037650000000005,1708.33226882,5.0037650000000005,1.0406268973819661,34,31,0,0,0,
09:10:42.804,18.070709918356528,18.069111845123405,16.86817250572261,18.069111845123405,9.421062317065203,-0.70325,11.399083985477269,0.26975069438644006,0.7877410982222222,0.787741,284.992059,0.787741,862,0.9,1,0.04359215004729956,0.043596,16.895254,0.043596,5.01309725543945,5.01354,1708.34204382,5.01354,1.055318100639123,34,31,0,0,0,
09:10:43.046,18.070709918356528,18.069111845123405,16.86817250572261,18.069111845123405,9.385192768406812,-0.70325,11.399083985477269,0.26975069438644006,0.7877410982222222,0.787741,284.992059,0.787741,862,0.9,1,0.04359215004729956,0.043596,16.895254,0.043596,5.01309725543945,5.01354,1708.34204382,5.01354,1.055318100639123,34,31,0,0,0,
09:10:43.253,18.070709918356528,18.069111845123405,16.86817250572261,18.069111845123405,9.385192768406812,-0.70325,11.399083985477269,0.26975069438644006,0.7877410982222222,0.787741,284.992059,0.787741,862,0.9,1,0.04359215004729956,0.043596,16.895254,0.043596,5.01309725543945,5.01354,1708.34204382,5.01354,1.055318100639123,34,31,0,0,0,
09:10:43.704,18.070709918356528,18.069111845123405,16.86817250572261,18.069111845123405,9.385192768406812,-0.70325,11.399083985477269,0.26975069438644006,0.7877410982222222,0.787741,284.992059,0.787741,862,0.9,1,0.04359215004729956,0.043596,16.895254,0.043596,5.01309725543945,5.01354,1708.34204382,5.01354,1.055318100639123,34,31,0,0,0,
09:10:43.952,18.036337714935843,18.034776437189493,16.86808963917085,18.034776437189493,9.385192768406812,-0.70325,11.399083985477269,0.26067555501613066,0.7877410982222222,0.787741,284.992059,0.787741,833,0.8,1,0.043675224464770124,0.043679,16.895337,0.043679,5.022650813448564,5.023085,1708.3515888200002,5.023085,1.0198143594343267,34,31,0,0,0,
09:10:44.167,18.036337714935843,18.034776437189493,16.86808963917085,18.034776437189493,9.35042024326192,-0.70325,11.399083985477269,0.26067555501613066,0.7877410982222222,0.787741,284.992059,0.787741,833,0.8,1,0.043675224464770124,0.043679,16.895337,0.043679,5.022650813448564,5.023085,1708.3515888200002,5.023085,1.0198143594343267,34,31,0,0,0,
09:10:44.405,18.036337714935843,18.034776437189493,16.86808963917085,18.034776437189493,9.35042024326192,-0.70325,11.399083985477269,0.26067555501613066,0.7877410982222222,0.787741,284.992059,0.787741,833,0.8,1,0.043675224464770124,0.043679,16.895337,0.043679,5.022650813448564,5.023085,1708.3515888200002,5.023085,1.0198143594343267,34,31,0,0,0,
09:10:44.861,18.036337714935843,18.034776437189493,16.86808963917085,18.034776437189493,9.35042024326192,-0.70325,11.399083985477269,0.26067555501613066,0.7877410982222222,0.787741,284.992059,0.787741,833,0.8,1,0.043675224464770124,0.043679,16.895337,0.043679,5.022650813448564,5.023085,1708.3515888200002,5.023085,1.0198143594343267,34,31,0,0,0,
09:10:45.095,18.001012693450885,17.999337370044554,16.868003778301375,17.999337370044554,9.35042024326192,-0.70325,11.399083985477269,0.26975069438644006,0.7877410982222222,0.787741,284.992059,0.787741,862,0.9,1,0.04376093232292523,0.043765,16.895423,0.043765,5.032507217136401,5.0329749999999995,1708.3614788200002,5.0329749999999995,1.055318100639123,34,31,0,0,0,
09:10:45.333,18.001012693450885,17.999337370044554,16.868003778301375,17.999337370044554,9.31460209438122,-0.70325,11.399083985477269,0.26975069438644006,0.7877410982222222,0.787741,284.992059,0.787741,862,0.9,1,0.04376093232292523,0.043765,16.895423,0.043765,5.032507217136401,5.0329749999999995,1708.3614788200002,5.0329749999999995,1.055318100639123,34,31,0,0,0,
09:10:45.533,18.001012693450885,17.999337370044554,16.868003778301375,17.999337370044554,9.31460209438122,-0.70325,11.399083985477269,0.26975069438644006,0.7877410982222222,0.787741,284.992059,0.787741,862,0.9,1,0.04376093232292523,0.043765,16.895423,0.043765,5.032507217136401,5.0329749999999995,1708.3614788200002,5.0329749999999995,1.055318100639123,34,31,0,0,0,
09:10:45.998,18.001012693450885,17.999337370044554,16.868003778301375,17.999337370044554,9.31460209438122,-0.70325,11.399083985477269,0.26975069438644006,0.7877410982222222,0.787741,284.992059,0.787741,862,0.9,1,0.04376093232292523,0.043765,16.895423,0.043765,5.032507217136401,5.0329749999999995,1708.3614788200002,5.0329749999999995,1.055318100639123,34,31,0,0,0,
09:10:46.222,17.96774152576856,17.96608584591525,16.867922910142248,17.96608584591525,9.31460209438122,-0.70325,11.399083985477269,0.2594238116547087,0.7877410982222222,0.787741,284.992059,0.787741,829,0.8,1,0.04384196517366848,0.043846,16.895504,0.043846,5.041825994971875,5.04229,1708.3707938200002,5.04229,1.0149172916819411,34,31,0,0,0,
09:10:46.453,17.96774152576856,17.96608584591525,16.867922910142248,17.96608584591525,9.280129359665075,-0.70325,11.399083985477269,0.2594238116547087,0.7877410982222222,0.787741,284.992059,0.787741,829,0.8,1,0.04384196517366848,0.043846,16.895504,0.043846,5.041825994971875,5.04229,1708.3707938200002,5.04229,1.0149172916819411,34,31,0,0,0,
09:10:46.662,17.96774152576856,17.96608584591525,16.867922910142248,17.96608584591525,9.280129359665075,-0.70325,11.399083985477269,0.2594238116547087,0.7877410982222222,0.787741,284.992059,0.787741,829,0.8,1,0.04384196517366848,0.043846,16.895504,0.043846,5.041825994971875,5.04229,1708.3707938200002,5.04229,1.0149172916819411,34,31,0,0,0,
09:10:47.152,17.96774152576856,17.96608584591525,16.867922910142248,17.96608584591525,9.280129359665075,-0.70325,11.399083985477269,0.2594238116547087,0.7877410982222222,0.787741,284.992059,0.787741,829,0.8,1,0.04384196517366848,0.043846,16.895504,0.043846,5.041825994971875,5.04229,1708.3707938200002,5.04229,1.0149172916819411,34,31,0,0,0,
09:10:47.378,17.93327102769453,17.931732301388575,16.86783904768511,17.931732301388575,9.280129359665075,-0.70325,11.399083985477269,0.26192729837755263,0.7877410982222222,0.787741,284.992059,0.787741,837,0.8,1,0.04392623615656651,0.04393,16.895588,0.04393,5.051517158005149,5.05195,1708.3804538200002,5.05195,1.0247114271867124,34,31,0,0,0,
09:10:47.594,17.93327102769453,17.931732301388575,16.86783904768511,17.931732301388575,9.24597105249926,-0.70325,11.399083985477269,0.26192729837755263,0.7877410982222222,0.787741,284.992059,0.787741,837,0.8,1,0.04392623615656651,0.04393,16.895588,0.04393,5.051517158005149,5.05195,1708.3804538200002,5.05195,1.0247114271867124,34,31,0,0,0,
09:10:47.813,17.93327102769453,17.931732301388575,16.86783904768511,17.931732301388575,9.24597105249926,-0.56325,11.399083985477269,0.26192729837755263,0.7877410982222222,0.787741,284.992059,0.787741,837,0.8,1,0.04392623615656651,0.04393,16.895588,0.04393,5.051517158005149,5.05195,1708.3804538200002,5.05195,1.0247114271867124,34,45,0,0,0,
09:10:48.258,17.93327102769453,17.931732301388575,16.86783904768511,17.931732301388575,9.24597105249926,-0.56325,11.399083985477269,0.26192729837755263,0.7877410982222222,0.787741,284.992059,0.787741,837,0.8,1,0.04392623615656651,0.04393,16.895588,0.04393,5.051517158005149,5.05195,1708.3804538200002,5.05195,1.0247114271867124,34,45,0,0,0,
09:10:48.506,17.885574082354886,17.88410107385293,16.867722240652284,17.88410107385293,9.24597105249926,-0.56325,11.399083985477269,0.37385738217954523,0.7877410982222222,0.787741,284.992059,0.787741,823,0.8,1,0.04404337789746277,0.044047,16.895705,0.044047,5.0649884582082185,5.065405,1708.3939088200002,5.065405,1.4626040662064932,34,45,0,0,0,
09:10:48.747,17.885574082354886,17.88410107385293,16.867722240652284,17.88410107385293,9.211316890212258,-0.56325,11.399083985477269,0.37385738217954523,0.7877410982222222,0.787741,284.992059,0.787741,823,0.8,1,0.04404337789746277,0.044047,16.895705,0.044047,5.0649884582082185,5.065405,1708.3939088200002,5.065405,1.4626040662064932,34,45,0,0,0,
09:10:48.967,17.885574082354886,17.88410107385293,16.867722240652284,17.88410107385293,9.211316890212258,-0.55325,11.399083985477269,0.37385738217954523,0.7877410982222222,0.787741,284.992059,0.787741,823,0.8,1,0.04404337789746277,0.044047,16.895705,0.044047,5.0649884582082185,5.065405,1708.3939088200002,5.065405,1.4626040662064932,34,46,0,0,0,
09:10:49.417,17.885574082354886,17.88410107385293,16.867722240652284,17.88410107385293,9.211316890212258,-0.55325,11.399083985477269,0.37385738217954523,0.7877410982222222,0.787741,284.992059,0.787741,823,0.8,1,0.04404337789746277,0.044047,16.895705,0.044047,5.0649884582082185,5.065405,1708.3939088200002,5.065405,1.4626040662064932,34,46,0,0,0,
09:10:49.644,17.8350667247761,17.8334918047632,16.86759744860122,17.8334918047632,9.211316890212258,-0.55325,11.399083985477269,0.39423859062076316,0.7877410982222222,0.787741,284.992059,0.787741,849,0.8,1,0.04416810491254898,0.044172,16.89583,0.044172,5.079332064943133,5.07978,1708.4082838200002,5.07978,1.5423393871102584,34,46,0,0,0,
09:10:49.868,17.8350667247761,17.8334918047632,16.86759744860122,17.8334918047632,9.177938436994353,-0.55325,11.399083985477269,0.39423859062076316,0.7877410982222222,0.787741,284.992059,0.787741,849,0.8,1,0.04416810491254898,0.044172,16.89583,0.044172,5.079332064943133,5.07978,1708.4082838200002,5.07978,1.5423393871102584,34,46,0,0,0,
09:10:50.100,17.8350667247761,17.8334918047632,16.86759744860122,17.8334918047632,9.177938436994353,-0.56325,11.399083985477269,0.39423859062076316,0.7877410982222222,0.787741,284.992059,0.787741,849,0.8,1,0.04416810491254898,0.044172,16.89583,0.044172,5.079332064943133,5.07978,1708.4082838200002,5.07978,1.5423393871102584,34,45,0,0,0,
09:10:50.554,17.8350667247761,17.8334918047632,16.86759744860122,17.8334918047632,9.177938436994353,-0.56325,11.399083985477269,0.39423859062076316,0.7877410982222222,0.787741,284.992059,0.787741,849,0.8,1,0.04416810491254898,0.044172,16.89583,0.044172,5.079332064943133,5.07978,1708.4082838200002,5.07978,1.5423393871102584,34,45,0,0,0,
09:10:50.772,17.78467409701404,17.783168160372032,16.867472658396636,17.783168160372032,9.177938436994353,-0.56325,11.399083985477269,0.40020456099657287,0.7877410982222222,0.787741,284.992059,0.787741,881,0.9,1,0.04429325462615478,0.044297,16.895955,0.044297,5.093724282007799,5.094155000000001,1708.4226588200002,5.094155000000001,1.5656794438978385,34,45,0,0,0,
09:10:51.007,17.78467409701404,17.783168160372032,16.867472658396636,17.783168160372032,9.144222896782226,-0.56325,11.399083985477269,0.40020456099657287,0.7877410982222222,0.787741,284.992059,0.787741,881,0.9,1,0.04429325462615478,0.044297,16.895955,0.044297,5.093724282007799,5.094155000000001,1708.4226588200002,5.094155000000001,1.5656794438978385,34,45,0,0,0,
09:10:51.255,17.78467409701404,17.783168160372032,16.867472658396636,17.783168160372032,9.144222896782226,-0.57325,11.399083985477269,0.40020456099657287,0.7877410982222222,0.787741,284.992059,0.787741,881,0.9,1,0.04429325462615478,0.044297,16.895955,0.044297,5.093724282007799,5.094155000000001,1708.4226588200002,5.094155000000001,1.5656794438978385,34,44,0,0,0,
09:10:51.720,17.78467409701404,17.783168160372032,16.867472658396636,17.783168160372032,9.144222896782226,-0.57325,11.399083985477269,0.40020456099657287,0.7877410982222222,0.787741,284.992059,0.787741,881,0.9,1,0.04429325462615478,0.044297,16.895955,0.044297,5.093724282007799,5.094155000000001,1708.4226588200002,5.094155000000001,1.5656794438978385,34,44,0,0,0,
09:10:51.941,17.735201693194178,17.733526935458453,16.86734886833803,17.733526935458453,9.144222896782226,-0.57325,11.399083985477269,0.3802069513274036,0.7877410982222222,0.787741,284.992059,0.787741,856,0.9,1,0.044416810806528075,0.044421,16.896079,0.044421,5.107933242750729,5.108415,1708.43691882,5.108415,1.4874448373052886,34,44,0,0,0,
09:10:52.178,17.735201693194178,17.733526935458453,16.86734886833803,17.733526935458453,9.109846058999809,-0.57325,11.399083985477269,0.3802069513274036,0.7877410982222222,0.787741,284.992059,0.787741,856,0.9,1,0.044416810806528075,0.044421,16.896079,0.044421,5.107933242750729,5.108415,1708.43691882,5.108415,1.4874448373052886,34,44,0,0,0,
09:10:52.401,17.735201693194178,17.733526935458453,16.86734886833803,17.733526935458453,9.109846058999809,-0.57325,11.399083985477269,0.3802069513274036,0.7877410982222222,0.787741,284.992059,0.787741,856,0.9,1,0.044416810806528075,0.044421,16.896079,0.044421,5.107933242750729,5.108415,1708.43691882,5.108415,1.4874448373052886,34,44,0,0,0,
09:10:52.848,17.735201693194178,17.733526935458453,16.86734886833803,17.733526935458453,9.109846058999809,-0.57325,11.399083985477269,0.3802069513274036,0.7877410982222222,0.787741,284.992059,0.787741,856,0.9,1,0.044416810806528075,0.044421,16.896079,0.044421,5.107933242750729,5.108415,1708.43691882,5.108415,1.4874448373052886,34,44,0,0,0,
09:10:53.065,17.68723526450978,17.68575020767383,16.867229073237123,17.68575020767383,9.109846058999809,-0.57325,11.399083985477269,0.3855369553179748,0.7877410982222222,0.787741,284.992059,0.787741,868,0.9,1,0.04453726579884757,0.044541,16.896199,0.044541,5.12178556686747,5.122215,1708.4507188200002,5.122215,1.508296867734803,34,44,0,0,0,
09:10:53.300,17.68723526450978,17.68575020767383,16.867229073237123,17.68575020767383,9.077059101761042,-0.57325,11.399083985477269,0.3855369553179748,0.7877410982222222,0.787741,284.992059,0.787741,868,0.9,1,0.04453726579884757,0.044541,16.896199,0.044541,5.12178556686747,5.122215,1708.4507188200002,5.122215,1.508296867734803,34,44,0,0,0,
09:10:53.536,17.68723526450978,17.68575020767383,16.867229073237123,17.68575020767383,9.077059101761042,-0.57325,11.399083985477269,0.3855369553179748,0.7877410982222222,0.787741,284.992059,0.787741,868,0.9,1,0.04453726579884757,0.044541,16.896199,0.044541,5.12178556686747,5.122215,1708.4507188200002,5.122215,1.508296867734803,34,44,0,0,0,
09:10:53.989,17.68723526450978,17.68575020767383,16.867229073237123,17.68575020767383,9.077059101761042,-0.57325,11.399083985477269,0.3855369553179748,0.7877410982222222,0.787741,284.992059,0.787741,868,0.9,1,0.04453726579884757,0.044541,16.896199,0.044541,5.12178556686747,5.122215,1708.4507188200002,5.122215,1.508296867734803,34,44,0,0,0,
09:10:54.246,17.638935032769652,17.63744038689743,16.867107283295574,17.63744038689743,9.077059101761042,-0.57325,11.399083985477269,0.372211945341547,0.7877410982222222,0.787741,284.992059,0.787741,838,0.8,1,0.04465922102206029,0.044663,16.896321,0.044663,5.135810417536933,5.136245,1708.46474882,5.136245,1.4561667916610186,34,44,0,0,0,
09:10:54.467,17.638935032769652,17.63744038689743,16.867107283295574,17.63744038689743,9.04327758869967,-0.57325,11.399083985477269,0.372211945341547,0.7877410982222222,0.787741,284.992059,0.787741,838,0.8,1,0.04465922102206029,0.044663,16.896321,0.044663,5.135810417536933,5.136245,1708.46474882,5.136245,1.4561667916610186,34,44,0,0,0,
09:10:54.699,17.638935032769652,17.63744038689743,16.867107283295574,17.63744038689743,9.04327758869967,-0.57325,11.399083985477269,0.372211945341547,0.7877410982222222,0.787741,284.992059,0.787741,838,0.8,1,0.04465922102206029,0.044663,16.896321,0.044663,5.135810417536933,5.136245,1708.46474882,5.136245,1.4561667916610186,34,44,0,0,0,
09:10:55.160,17.638935032769652,17.63744038689743,16.867107283295574,17.63744038689743,9.04327758869967,-0.57325,11.399083985477269,0.372211945341547,0.7877410982222222,0.787741,284.992059,0.787741,838,0.8,1,0.04465922102206029,0.044663,16.896321,0.044663,5.135810417536933,5.136245,1708.46474882,5.136245,1.4561667916610186,34,44,0,0,0,
09:10:55.393,17.590947979210473,17.58939377023557,16.866985495112786,17.58939377023557,9.04327758869967,-0.57325,11.399083985477269,0.3824277863234749,0.7877410982222222,0.787741,284.992059,0.787741,861,0.9,1,0.044781048704890664,0.044785,16.896443,0.044785,5.149820601062427,5.150275,1708.4787788200001,5.150275,1.4961331833175866,34,44,0,0,0,
09:10:55.619,17.590947979210473,17.58939377023557,16.866985495112786,17.58939377023557,9.010135621783213,-0.57325,11.399083985477269,0.3824277863234749,0.7877410982222222,0.787741,284.992059,0.787741,861,0.9,1,0.044781048704890664,0.044785,16.896443,0.044785,5.149820601062427,5.150275,1708.4787788200001,5.150275,1.4961331833175866,34,44,0,0,0,
09:10:55.845,17.590947979210473,17.58939377023557,16.866985495112786,17.58939377023557,9.010135621783213,-0.57325,11.399083985477269,0.3824277863234749,0.7877410982222222,0.787741,284.992059,0.787741,861,0.9,1,0.044781048704890664,0.044785,16.896443,0.044785,5.149820601062427,5.150275,1708.4787788200001,5.150275,1.4961331833175866,34,44,0,0,0,
09:10:56.292,17.590947979210473,17.58939377023557,16.866985495112786,17.58939377023557,9.010135621783213,-0.57325,11.399083985477269,0.3824277863234749,0.7877410982222222,0.787741,284.992059,0.787741,861,0.9,1,0.044781048704890664,0.044785,16.896443,0.044785,5.149820601062427,5.150275,1708.4787788200001,5.150275,1.4961331833175866,34,44,0,0,0,
09:10:56.528,17.54483726394895,17.54317083491081,16.86686770165834,17.54317083491081,9.010135621783213,-0.57325,11.399083985477269,0.37310027933997547,0.7877410982222222,0.787741,284.992059,0.787741,840,0.8,1,0.04489874065921768,0.044903,16.896561000000002,0.044903,5.163355175810033,5.163845,1708.4923488200002,5.163845,1.4596421300659372,34,44,0,0,0,
09:10:56.750,17.54483726394895,17.54317083491081,16.86686770165834,17.54317083491081,8.977954188876373,-0.57325,11.399083985477269,0.37310027933997547,0.7877410982222222,0.787741,284.992059,0.787741,840,0.8,1,0.04489874065921768,0.044903,16.896561000000002,0.044903,5.163355175810033,5.163845,1708.4923488200002,5.163845,1.4596421300659372,34,44,0,0,0,
09:10:56.988,17.54483726394895,17.54317083491081,16.86686770165834,17.54317083491081,8.977954188876373,-0.56325,11.399083985477269,0.37310027933997547,0.7877410982222222,0.787741,284.992059,0.787741,840,0.8,1,0.04489874065921768,0.044903,16.896561000000002,0.044903,5.163355175810033,5.163845,1708.4923488200002,5.163845,1.4596421300659372,34,45,0,0,0,
09:10:57.450,17.54483726394895,17.54317083491081,16.86686770165834,17.54317083491081,8.977954188876373,-0.56325,11.399083985477269,0.37310027933997547,0.7877410982222222,0.787741,284.992059,0.787741,840,0.8,1,0.04489874065921768,0.044903,16.896561000000002,0.044903,5.163355175810033,5.163845,1708.4923488200002,5.163845,1.4596421300659372,34,45,0,0,0,
09:10:57.663,17.496666265669393,17.494858640371334,16.866743920479074,17.494858640371334,8.977954188876373,-0.56325,11.399083985477269,0.3920278503292194,0.7877410982222222,0.787741,284.992059,0.787741,863,0.9,1,0.04502235375934825,0.045027,16.896685,0.045027,5.177570682325049,5.1781049999999995,1708.50660882,5.1781049999999995,1.5336905335798345,34,45,0,0,0,
09:10:57.910,17.496666265669393,17.494858640371334,16.866743920479074,17.494858640371334,8.945041782854112,-0.56325,11.399083985477269,0.3920278503292194,0.7877410982222222,0.787741,284.992059,0.787741,863,0.9,1,0.04502235375934825,0.045027,16.896685,0.045027,5.177570682325049,5.1781049999999995,1708.50660882,5.1781049999999995,1.5336905335798345,34,45,0,0,0,
09:10:58.125,17.496666265669393,17.494858640371334,16.866743920479074,17.494858640371334,8.945041782854112,-0.57325,11.399083985477269,0.3920278503292194,0.7877410982222222,0.787741,284.992059,0.787741,863,0.9,1,0.04502235375934825,0.045027,16.896685,0.045027,5.177570682325049,5.1781049999999995,1708.50660882,5.1781049999999995,1.5336905335798345,34,44,0,0,0,
09:10:58.589,17.496666265669393,17.494858640371334,16.866743920479074,17.494858640371334,8.945041782854112,-0.57325,11.399083985477269,0.3920278503292194,0.7877410982222222,0.787741,284.992059,0.787741,863,0.9,1,0.04502235375934825,0.045027,16.896685,0.045027,5.177570682325049,5.1781049999999995,1708.50660882,5.1781049999999995,1.5336905335798345,34,44,0,0,0,
09:10:58.826,17.447990642016922,17.446039022877773,16.866618144690143,17.446039022877773,8.945041782854112,-0.57325,11.399083985477269,0.38864612431247453,0.7877410982222222,0.787741,284.992059,0.787741,875,0.9,1,0.04514795510752075,0.045153,16.896811,0.045153,5.192014837364886,5.192595,1708.5210988200001,5.192595,1.5204605521520187,34,44,0,0,0,
09:10:59.060,17.447990642016922,17.446039022877773,16.866618144690143,17.446039022877773,8.912719478252312,-0.57325,11.399083985477269,0.38864612431247453,0.7877410982222222,0.787741,284.992059,0.787741,875,0.9,1,0.04514795510752075,0.045153,16.896811,0.045153,5.192014837364886,5.192595,1708.5210988200001,5.192595,1.5204605521520187,34,44,0,0,0,
09:10:59.306,17.447990642016922,17.446039022877773,16.866618144690143,17.446039022877773,8.912719478252312,-0.57325,11.399083985477269,0.38864612431247453,0.7877410982222222,0.787741,284.992059,0.787741,875,0.9,1,0.04514795510752075,0.045153,16.896811,0.045153,5.192014837364886,5.192595,1708.5210988200001,5.192595,1.5204605521520187,34,44,0,0,0,
09:10:59.728,17.447990642016922,17.446039022877773,16.866618144690143,17.446039022877773,8.912719478252312,-0.57325,11.399083985477269,0.38864612431247453,0.7877410982222222,0.787741,284.992059,0.787741,875,0.9,1,0.04514795510752075,0.045153,16.896811,0.045153,5.192014837364886,5.192595,1708.5210988200001,5.192595,1.5204605521520187,34,44,0,0,0,
09:10:59.972,17.40177684442669,17.399796788372758,16.866498359968443,17.399796788372758,8.912719478252312,-0.57325,11.399083985477269,0.3766536153336896,0.7877410982222222,0.787741,284.992059,0.787741,848,0.8,1,0.04526785426940549,0.045273,16.896931000000002,0.045273,5.205803240981631,5.206395,1708.53489882,5.206395,1.4735434836856134,34,44,0,0,0,
09:11:00.193,17.40177684442669,17.399796788372758,16.866498359968443,17.399796788372758,8.881138877156195,-0.57325,11.399083985477269,0.3766536153336896,0.7877410982222222,0.787741,284.992059,0.787741,848,0.8,1,0.04526785426940549,0.045273,16.896931000000002,0.045273,5.205803240981631,5.206395,1708.53489882,5.206395,1.4735434836856134,34,44,0,0,0,
09:11:00.427,17.40177684442669,17.399796788372758,16.866498359968443,17.399796788372758,8.881138877156195,-0.57325,11.399083985477269,0.3766536153336896,0.7877410982222222,0.787741,284.992059,0.787741,848,0.8,1,0.04526785426940549,0.045273,16.896931000000002,0.045273,5.205803240981631,5.206395,1708.53489882,5.206395,1.4735434836856134,34,44,0,0,0,
09:11:00.901,17.40177684442669,17.399796788372758,16.866498359968443,17.399796788372758,8.881138877156195,-0.57325,11.399083985477269,0.3766536153336896,0.7877410982222222,0.787741,284.992059,0.787741,848,0.8,1,0.04526785426940549,0.045273,16.896931000000002,0.045273,5.205803240981631,5.206395,1708.53489882,5.206395,1.4735434836856134,34,44,0,0,0,
09:11:01.141,17.352392139826613,17.350359015021365,16.866369593290194,17.350359015021365,8.881138877156195,-0.57325,11.399083985477269,0.39664113029833126,0.7877410982222222,0.787741,284.992059,0.787741,893,0.9,1,0.04539668605196087,0.045402,16.89706,0.045402,5.2206188959755,5.221229999999999,1708.5497338200003,5.221229999999999,1.551738597796289,34,44,0,0,0,
09:11:01.564,17.352392139826613,17.350359015021365,16.866369593290194,17.350359015021365,8.843207907533133,-0.57325,11.399083985477269,0.39664113029833126,0.7877410982222222,0.787741,284.992059,0.787741,893,0.9,1,0.04539668605196087,0.045402,16.89706,0.045402,5.2206188959755,5.221229999999999,1708.5497338200003,5.221229999999999,1.551738597796289,34,44,0,0,0,
09:11:01.797,17.352392139826613,17.350359015021365,16.866369593290194,17.350359015021365,8.843207907533133,-0.58325,11.399083985477269,0.39664113029833126,0.7877410982222222,0.787741,284.992059,0.787741,893,0.9,1,0.04539668605196087,0.045402,16.89706,0.045402,5.2206188959755,5.221229999999999,1708.5497338200003,5.221229999999999,1.551738597796289,34,43,0,0,0,
09:11:02.264,17.352392139826613,17.350359015021365,16.866369593290194,17.350359015021365,8.843207907533133,-0.58325,11.399083985477269,0.39664113029833126,0.7877410982222222,0.787741,284.992059,0.787741,893,0.9,1,0.04539668605196087,0.045402,16.89706,0.045402,5.2206188959755,5.221229999999999,1708.5497338200003,5.221229999999999,1.551738597796289,34,43,0,0,0,
09:11:02.502,17.297034649190472,17.295123718356866,16.866224857898096,17.295123718356866,8.843207907533133,-0.58325,11.399083985477269,0.38502212538706737,0.7877410982222222,0.787741,284.992059,0.787741,887,0.9,1,0.04554197376595356,0.045547,16.897205,0.045547,5.237326983084659,5.237905,1708.56640882,5.237905,1.5062827511592245,34,43,0,0,0,
09:11:02.731,17.297034649190472,17.295123718356866,16.866224857898096,17.295123718356866,8.81109179003899,-0.58325,11.399083985477269,0.38502212538706737,0.7877410982222222,0.787741,284.992059,0.787741,887,0.9,1,0.04554197376595356,0.045547,16.897205,0.045547,5.237326983084659,5.237905,1708.56640882,5.237905,1.5062827511592245,34,43,0,0,0,
09:11:02.943,17.297034649190472,17.295123718356866,16.866224857898096,17.295123718356866,8.81109179003899,-0.57325,11.399083985477269,0.38502212538706737,0.7877410982222222,0.787741,284.992059,0.787741,887,0.9,1,0.04554197376595356,0.045547,16.897205,0.045547,5.237326983084659,5.237905,1708.56640882,5.237905,1.5062827511592245,34,44,0,0,0,
09:11:03.402,17.297034649190472,17.295123718356866,16.866224857898096,17.295123718356866,8.81109179003899,-0.57325,11.399083985477269,0.38502212538706737,0.7877410982222222,0.787741,284.992059,0.787741,887,0.9,1,0.04554197376595356,0.045547,16.897205,0.045547,5.237326983084659,5.237905,1708.56640882,5.237905,1.5062827511592245,34,44,0,0,0,
09:11:03.646,17.25073598202641,17.24892158794806,16.86610308245795,17.24892158794806,8.81109179003899,-0.57325,11.399083985477269,0.384204454320332,0.7877410982222222,0.787741,284.992059,0.787741,865,0.9,1,0.04566420232985838,0.045669,16.897327,0.045669,5.251383267933713,5.2519350000000005,1708.5804388200002,5.2519350000000005,1.5030838601274241,34,44,0,0,0,
09:11:03.888,17.25073598202641,17.24892158794806,16.86610308245795,17.24892158794806,8.779553197993621,-0.57325,11.399083985477269,0.384204454320332,0.7877410982222222,0.787741,284.992059,0.787741,865,0.9,1,0.04566420232985838,0.045669,16.897327,0.045669,5.251383267933713,5.2519350000000005,1708.5804388200002,5.2519350000000005,1.5030838601274241,34,44,0,0,0,
09:11:04.113,17.25073598202641,17.24892158794806,16.86610308245795,17.24892158794806,8.779553197993621,-0.58325,11.399083985477269,0.384204454320332,0.7877410982222222,0.787741,284.992059,0.787741,865,0.9,1,0.04566420232985838,0.045669,16.897327,0.045669,5.251383267933713,5.2519350000000005,1708.5804388200002,5.2519350000000005,1.5030838601274241,34,43,0,0,0,
09:11:04.541,17.25073598202641,17.24892158794806,16.86610308245795,17.24892158794806,8.779553197993621,-0.58325,11.399083985477269,0.384204454320332,0.7877410982222222,0.787741,284.992059,0.787741,865,0.9,1,0.04566420232985838,0.045669,16.897327,0.045669,5.251383267933713,5.2519350000000005,1708.5804388200002,5.2519350000000005,1.5030838601274241,34,43,0,0,0,
09:11:04.761,17.208106773491245,17.206347472805906,16.865990292020566,17.206347472805906,8.779553197993621,-0.58325,11.399083985477269,0.3650547998314809,0.7877410982222222,0.787741,284.992059,0.787741,841,0.8,1,0.04577732510561371,0.045782,16.89744,0.045782,5.264392387145577,5.2649300000000006,1708.5934338200002,5.2649300000000006,1.4281666220122973,34,43,0,0,0,
09:11:04.982,17.208106773491245,17.206347472805906,16.865990292020566,17.206347472805906,8.749865673897459,-0.58325,11.399083985477269,0.3650547998314809,0.7877410982222222,0.787741,284.992059,0.787741,841,0.8,1,0.04577732510561371,0.045782,16.89744,0.045782,5.264392387145577,5.2649300000000006,1708.5934338200002,5.2649300000000006,1.4281666220122973,34,43,0,0,0,
09:11:05.220,17.208106773491245,17.206347472805906,16.865990292020566,17.206347472805906,8.749865673897459,-0.57325,11.399083985477269,0.3650547998314809,0.7877410982222222,0.787741,284.992059,0.787741,841,0.8,1,0.04577732510561371,0.045782,16.89744,0.045782,5.264392387145577,5.2649300000000006,1708.5934338200002,5.2649300000000006,1.4281666220122973,34,44,0,0,0,
09:11:05.676,17.208106773491245,17.206347472805906,16.865990292020566,17.206347472805906,8.749865673897459,-0.57325,11.399083985477269,0.3650547998314809,0.7877410982222222,0.787741,284.992059,0.787741,841,0.8,1,0.04577732510561371,0.045782,16.89744,0.045782,5.264392387145577,5.2649300000000006,1708.5934338200002,5.2649300000000006,1.4281666220122973,34,44,0,0,0,
09:11:05.921,17.161865925092908,17.160243982137022,16.865867521843235,17.160243982137022,8.749865673897459,-0.57325,11.399083985477269,0.3819836193242607,0.7877410982222222,0.787741,284.992059,0.787741,860,0.9,1,0.04590066730858449,0.045905,16.897563,0.045905,5.278576740487217,5.279075,1708.60757882,5.279075,1.4943955141151273,34,44,0,0,0,
09:11:06.152,17.161865925092908,17.160243982137022,16.865867521843235,17.160243982137022,8.718445336510209,-0.57325,11.399083985477269,0.3819836193242607,0.7877410982222222,0.787741,284.992059,0.787741,860,0.9,1,0.04590066730858449,0.045905,16.897563,0.045905,5.278576740487217,5.279075,1708.60757882,5.279075,1.4943955141151273,34,44,0,0,0,
09:11:06.376,17.161865925092908,17.160243982137022,16.865867521843235,17.160243982137022,8.718445336510209,-0.58325,11.399083985477269,0.3819836193242607,0.7877410982222222,0.787741,284.992059,0.787741,860,0.9,1,0.04590066730858449,0.045905,16.897563,0.045905,5.278576740487217,5.279075,1708.60757882,5.279075,1.4943955141151273,34,43,0,0,0,
09:11:06.829,17.161865925092908,17.160243982137022,16.865867521843235,17.160243982137022,8.718445336510209,-0.58325,11.399083985477269,0.3819836193242607,0.7877410982222222,0.787741,284.992059,0.787741,860,0.9,1,0.04590066730858449,0.045905,16.897563,0.045905,5.278576740487217,5.279075,1708.60757882,5.279075,1.4943955141151273,34,43,0,0,0,
09:11:07.065,17.11847572834652,17.116990069750766,16.865751740224205,17.116990069750766,8.718445336510209,-0.58325,11.399083985477269,0.36679108901022756,0.7877410982222222,0.787741,284.992059,0.787741,845,0.8,1,0.04601701172013815,0.046021,16.897679,0.046021,5.291956347815887,5.292415,1708.62091882,5.292415,1.4349593288946385,34,43,0,0,0,
09:11:07.287,17.11847572834652,17.116990069750766,16.865751740224205,17.116990069750766,8.68813585289514,-0.58325,11.399083985477269,0.36679108901022756,0.7877410982222222,0.787741,284.992059,0.787741,845,0.8,1,0.04601701172013815,0.046021,16.897679,0.046021,5.291956347815887,5.292415,1708.62091882,5.292415,1.4349593288946385,34,43,0,0,0,
09:11:07.524,17.11847572834652,17.116990069750766,16.865751740224205,17.116990069750766,8.68813585289514,-0.57325,11.399083985477269,0.36679108901022756,0.7877410982222222,0.787741,284.992059,0.787741,845,0.8,1,0.04601701172013815,0.046021,16.897679,0.046021,5.291956347815887,5.292415,1708.62091882,5.292415,1.4349593288946385,34,44,0,0,0,
09:11:07.990,17.11847572834652,17.116990069750766,16.865751740224205,17.116990069750766,8.68813585289514,-0.57325,11.399083985477269,0.36679108901022756,0.7877410982222222,0.787741,284.992059,0.787741,845,0.8,1,0.04601701172013815,0.046021,16.897679,0.046021,5.291956347815887,5.292415,1708.62091882,5.292415,1.4349593288946385,34,44,0,0,0,
09:11:08.193,17.07234947964203,17.070993607108033,16.865627975423788,17.070993607108033,8.68813585289514,-0.57325,11.399083985477269,0.39664113029833126,0.7877410982222222,0.787741,284.992059,0.787741,893,0.9,1,0.04614134095377828,0.046145,16.897803,0.046145,5.306254209684503,5.306675,1708.6351788200002,5.306675,1.551738597796289,34,44,0,0,0,
09:11:08.421,17.07234947964203,17.070993607108033,16.865627975423788,17.070993607108033,8.657992373612567,-0.57325,11.399083985477269,0.39664113029833126,0.7877410982222222,0.787741,284.992059,0.787741,893,0.9,1,0.04614134095377828,0.046145,16.897803,0.046145,5.306254209684503,5.306675,1708.6351788200002,5.306675,1.551738597796289,34,44,0,0,0,
09:11:08.648,17.07234947964203,17.070993607108033,16.865627975423788,17.070993607108033,8.657992373612567,-0.57325,11.399083985477269,0.39664113029833126,0.7877410982222222,0.787741,284.992059,0.787741,893,0.9,1,0.04614134095377828,0.046145,16.897803,0.046145,5.306254209684503,5.306675,1708.6351788200002,5.306675,1.551738597796289,34,44,0,0,0,
09:11:09.115,17.07234947964203,17.070993607108033,16.865627975423788,17.070993607108033,8.657992373612567,-0.57325,11.399083985477269,0.39664113029833126,0.7877410982222222,0.787741,284.992059,0.787741,893,0.9,1,0.04614134095377828,0.046145,16.897803,0.046145,5.306254209684503,5.306675,1708.6351788200002,5.306675,1.551738597796289,34,44,0,0,0,
09:11:09.340,17.026714969949943,17.025243683675896,16.865504212439784,17.025243683675896,8.657992373612567,-0.57325,11.399083985477269,0.38864612431247453,0.7877410982222222,0.787741,284.992059,0.787741,875,0.9,1,0.0462650076431354,0.046269,16.897927,0.046269,5.320475878960571,5.3209349999999995,1708.6494388200001,5.3209349999999995,1.5204605521520187,34,44,0,0,0,
09:11:09.569,17.026714969949943,17.025243683675896,16.865504212439784,17.025243683675896,8.627747965509224,-0.57325,11.399083985477269,0.38864612431247453,0.7877410982222222,0.787741,284.992059,0.787741,875,0.9,1,0.0462650076431354,0.046269,16.897927,0.046269,5.320475878960571,5.3209349999999995,1708.6494388200001,5.3209349999999995,1.5204605521520187,34,44,0,0,0,
09:11:09.784,17.026714969949943,17.025243683675896,16.865504212439784,17.025243683675896,8.627747965509224,-0.57325,11.399083985477269,0.38864612431247453,0.7877410982222222,0.787741,284.992059,0.787741,875,0.9,1,0.0462650076431354,0.046269,16.897927,0.046269,5.320475878960571,5.3209349999999995,1708.6494388200001,5.3209349999999995,1.5204605521520187,34,44,0,0,0,
09:11:10.257,17.026714969949943,17.025243683675896,16.865504212439784,17.025243683675896,8.627747965509224,-0.57325,11.399083985477269,0.38864612431247453,0.7877410982222222,0.787741,284.992059,0.787741,875,0.9,1,0.0462650076431354,0.046269,16.897927,0.046269,5.320475878960571,5.3209349999999995,1708.6494388200001,5.3209349999999995,1.5204605521520187,34,44,0,0,0,
09:11:10.491,16.980647050705837,16.9790063584438,16.86537845513918,16.9790063584438,8.627747965509224,-0.57325,11.399083985477269,0.3926436273054029,0.7877410982222222,0.787741,284.992059,0.787741,884,0.9,1,0.04639052303896028,0.046395,16.898053,0.046395,5.334910149480432,5.335425,1708.6639288200001,5.335425,1.536099574974154,34,44,0,0,0,
09:11:10.723,16.980647050705837,16.9790063584438,16.86537845513918,16.9790063584438,8.597616245562316,-0.57325,11.399083985477269,0.3926436273054029,0.7877410982222222,0.787741,284.992059,0.787741,884,0.9,1,0.04639052303896028,0.046395,16.898053,0.046395,5.334910149480432,5.335425,1708.6639288200001,5.335425,1.536099574974154,34,44,0,0,0,
09:11:10.958,16.980647050705837,16.9790063584438,16.86537845513918,16.9790063584438,8.597616245562316,-0.56325,11.399083985477269,0.3926436273054029,0.7877410982222222,0.787741,284.992059,0.787741,884,0.9,1,0.04639052303896028,0.046395,16.898053,0.046395,5.334910149480432,5.335425,1708.6639288200001,5.335425,1.536099574974154,34,45,0,0,0,
09:11:11.415,16.980647050705837,16.9790063584438,16.86537845513918,16.9790063584438,8.597616245562316,-0.56325,11.399083985477269,0.3926436273054029,0.7877410982222222,0.787741,284.992059,0.787741,884,0.9,1,0.04639052303896028,0.046395,16.898053,0.046395,5.334910149480432,5.335425,1708.6639288200001,5.335425,1.536099574974154,34,45,0,0,0,
09:11:11.599,16.937773549393007,16.936296009631924,16.865261682182155,16.936296009631924,8.597616245562316,-0.56325,11.399083985477269,0.381125569439415,0.7877410982222222,0.787741,284.992059,0.787741,839,0.8,1,0.04650794839859292,0.046512,16.89817,0.046512,5.3484140658381865,5.348879999999999,1708.6773838200002,5.348879999999999,1.4910386531558304,34,45,0,0,0,
09:11:11.840,16.937773549393007,16.936296009631924,16.865261682182155,16.936296009631924,8.568608163444917,-0.56325,11.399083985477269,0.381125569439415,0.7877410982222222,0.787741,284.992059,0.787741,839,0.8,1,0.04650794839859292,0.046512,16.89817,0.046512,5.3484140658381865,5.348879999999999,1708.6773838200002,5.348879999999999,1.4910386531558304,34,45,0,0,0,
09:11:12.065,16.937773549393007,16.936296009631924,16.865261682182155,16.936296009631924,8.568608163444917,-0.57325,11.399083985477269,0.381125569439415,0.7877410982222222,0.787741,284.992059,0.787741,839,0.8,1,0.04650794839859292,0.046512,16.89817,0.046512,5.3484140658381865,5.348879999999999,1708.6773838200002,5.348879999999999,1.4910386531558304,34,44,0,0,0,
09:11:12.534,16.937773549393007,16.936296009631924,16.865261682182155,16.936296009631924,8.568608163444917,-0.57325,11.399083985477269,0.381125569439415,0.7877410982222222,0.787741,284.992059,0.787741,839,0.8,1,0.04650794839859292,0.046512,16.89817,0.046512,5.3484140658381865,5.348879999999999,1708.6773838200002,5.348879999999999,1.4910386531558304,34,44,0,0,0,
09:11:12.764,16.892441238301068,16.89090207346099,16.865136926536078,16.89090207346099,8.568608163444917,-0.57325,11.399083985477269,0.3855369553179748,0.7877410982222222,0.787741,284.992059,0.787741,868,0.9,1,0.04663275645654683,0.046637,16.898295,0.046637,5.362766992502886,5.363255,1708.6917588200001,5.363255,1.508296867734803,34,44,0,0,0,
09:11:12.992,16.892441238301068,16.89090207346099,16.865136926536078,16.89090207346099,8.538853190151857,-0.57325,11.399083985477269,0.3855369553179748,0.7877410982222222,0.787741,284.992059,0.787741,868,0.9,1,0.04663275645654683,0.046637,16.898295,0.046637,5.362766992502886,5.363255,1708.6917588200001,5.363255,1.508296867734803,34,44,0,0,0,
09:11:13.213,16.892441238301068,16.89090207346099,16.865136926536078,16.89090207346099,8.538853190151857,-0.57325,11.399083985477269,0.3855369553179748,0.7877410982222222,0.787741,284.992059,0.787741,868,0.9,1,0.04663275645654683,0.046637,16.898295,0.046637,5.362766992502886,5.363255,1708.6917588200001,5.363255,1.508296867734803,34,44,0,0,0,
09:11:13.689,16.892441238301068,16.89090207346099,16.865136926536078,16.89090207346099,8.538853190151857,-0.57325,11.399083985477269,0.3855369553179748,0.7877410982222222,0.787741,284.992059,0.787741,868,0.9,1,0.04663275645654683,0.046637,16.898295,0.046637,5.362766992502886,5.363255,1708.6917588200001,5.363255,1.508296867734803,34,44,0,0,0,
09:11:13.910,16.848932862812394,16.847552238167548,16.865017162852254,16.847552238167548,8.538853190151857,-0.57325,11.399083985477269,0.37843028333054674,0.7877410982222222,0.787741,284.992059,0.787741,852,0.9,1,0.046753174496935695,0.046757,16.898415,0.046757,5.376615067147605,5.377055,1708.70555882,5.377055,1.4804941604954518,34,44,0,0,0,
09:11:14.150,16.848932862812394,16.847552238167548,16.865017162852254,16.847552238167548,8.509209317147652,-0.57325,11.399083985477269,0.37843028333054674,0.7877410982222222,0.787741,284.992059,0.787741,852,0.9,1,0.046753174496935695,0.046757,16.898415,0.046757,5.376615067147605,5.377055,1708.70555882,5.377055,1.4804941604954518,34,44,0,0,0,
09:11:14.367,16.848932862812394,16.847552238167548,16.865017162852254,16.847552238167548,8.509209317147652,-0.57325,11.399083985477269,0.37843028333054674,0.7877410982222222,0.787741,284.992059,0.787741,852,0.9,1,0.046753174496935695,0.046757,16.898415,0.046757,5.376615067147605,5.377055,1708.70555882,5.377055,1.4804941604954518,34,44,0,0,0,
09:11:14.834,16.848932862812394,16.847552238167548,16.865017162852254,16.847552238167548,8.509209317147652,-0.57325,11.399083985477269,0.37843028333054674,0.7877410982222222,0.787741,284.992059,0.787741,852,0.9,1,0.046753174496935695,0.046757,16.898415,0.046757,5.376615067147605,5.377055,1708.70555882,5.377055,1.4804941604954518,34,44,0,0,0,
09:11:15.048,16.80536831696536,16.80406587311745,16.864896402859987,16.80406587311745,8.509209317147652,-0.57325,11.399083985477269,0.3837602873211178,0.7877410982222222,0.787741,284.992059,0.787741,864,0.9,1,0.046874372722136744,0.046878,16.898536,0.046878,5.390552863045725,5.39097,1708.71947382,5.39097,1.501346190924965,34,44,0,0,0,
09:11:15.273,16.80536831696536,16.80406587311745,16.864896402859987,16.80406587311745,8.480654456859387,-0.57325,11.399083985477269,0.3837602873211178,0.7877410982222222,0.787741,284.992059,0.787741,864,0.9,1,0.046874372722136744,0.046878,16.898536,0.046878,5.390552863045725,5.39097,1708.71947382,5.39097,1.501346190924965,34,44,0,0,0,
09:11:15.502,16.80536831696536,16.80406587311745,16.864896402859987,16.80406587311745,8.480654456859387,-0.57325,11.399083985477269,0.3837602873211178,0.7877410982222222,0.787741,284.992059,0.787741,864,0.9,1,0.046874372722136744,0.046878,16.898536,0.046878,5.390552863045725,5.39097,1708.71947382,5.39097,1.501346190924965,34,44,0,0,0,
09:11:15.971,16.80536831696536,16.80406587311745,16.864896402859987,16.80406587311745,8.480654456859387,-0.57325,11.399083985477269,0.3837602873211178,0.7877410982222222,0.787741,284.992059,0.787741,864,0.9,1,0.046874372722136744,0.046878,16.898536,0.046878,5.390552863045725,5.39097,1708.71947382,5.39097,1.501346190924965,34,44,0,0,0,
09:11:16.208,16.760538224767807,16.759377061038656,16.864771652617918,16.759377061038656,8.480654456859387,-0.57325,11.399083985477269,0.3882019573132603,0.7877410982222222,0.787741,284.992059,0.787741,874,0.9,1,0.046999749510319516,0.047003,16.898661,0.047003,5.404971193686745,5.4053450000000005,1708.73384882,5.4053450000000005,1.5187228829495591,34,44,0,0,0,
09:11:16.440,16.760538224767807,16.759377061038656,16.864771652617918,16.759377061038656,8.45114091450224,-0.57325,11.399083985477269,0.3882019573132603,0.7877410982222222,0.787741,284.992059,0.787741,874,0.9,1,0.046999749510319516,0.047003,16.898661,0.047003,5.404971193686745,5.4053450000000005,1708.73384882,5.4053450000000005,1.5187228829495591,34,44,0,0,0,
09:11:16.649,16.760538224767807,16.759377061038656,16.864771652617918,16.759377061038656,8.45114091450224,-0.56325,11.399083985477269,0.3882019573132603,0.7877410982222222,0.787741,284.992059,0.787741,874,0.9,1,0.046999749510319516,0.047003,16.898661,0.047003,5.404971193686745,5.4053450000000005,1708.73384882,5.4053450000000005,1.5187228829495591,34,45,0,0,0,
09:11:17.099,16.760538224767807,16.759377061038656,16.864771652617918,16.759377061038656,8.45114091450224,-0.56325,11.399083985477269,0.3882019573132603,0.7877410982222222,0.787741,284.992059,0.787741,874,0.9,1,0.046999749510319516,0.047003,16.898661,0.047003,5.404971193686745,5.4053450000000005,1708.73384882,5.4053450000000005,1.5187228829495591,34,45,0,0,0,
09:11:17.332,16.719230986750045,16.71811795666292,16.864655886044297,16.71811795666292,8.45114091450224,-0.56325,11.399083985477269,0.3720403353645779,0.7877410982222222,0.787741,284.992059,0.787741,819,0.8,1,0.047115869075946455,0.047119,16.898777,0.047119,5.418324943733842,5.418685,1708.7471888200002,5.418685,1.4554954194691596,34,45,0,0,0,
09:11:17.577,16.719230986750045,16.71811795666292,16.864655886044297,16.71811795666292,8.422596078430532,-0.56325,11.399083985477269,0.3720403353645779,0.7877410982222222,0.787741,284.992059,0.787741,819,0.8,1,0.047115869075946455,0.047119,16.898777,0.047119,5.418324943733842,5.418685,1708.7471888200002,5.418685,1.4554954194691596,34,45,0,0,0,
09:11:17.795,16.719230986750045,16.71811795666292,16.864655886044297,16.71811795666292,8.422596078430532,-0.57325,11.399083985477269,0.3720403353645779,0.7877410982222222,0.787741,284.992059,0.787741,819,0.8,1,0.047115869075946455,0.047119,16.898777,0.047119,5.418324943733842,5.418685,1708.7471888200002,5.418685,1.4554954194691596,34,44,0,0,0,
09:11:18.235,16.719230986750045,16.71811795666292,16.864655886044297,16.71811795666292,8.422596078430532,-0.57325,11.399083985477269,0.3720403353645779,0.7877410982222222,0.787741,284.992059,0.787741,819,0.8,1,0.047115869075946455,0.047119,16.898777,0.047119,5.418324943733842,5.418685,1708.7471888200002,5.418685,1.4554954194691596,34,44,0,0,0,
09:11:18.460,16.67739112489633,16.67635539936914,16.864538125125932,16.67635539936914,8.422596078430532,-0.57325,11.399083985477269,0.37709778233290386,0.7877410982222222,0.787741,284.992059,0.787741,849,0.8,1,0.04723407230320737,0.047237,16.898895,0.047237,5.431918314868848,5.4322550000000005,1708.76075882,5.4322550000000005,1.475281152888073,34,44,0,0,0,
09:11:18.687,16.67739112489633,16.67635539936914,16.864538125125932,16.67635539936914,8.394914922653214,-0.57325,11.399083985477269,0.37709778233290386,0.7877410982222222,0.787741,284.992059,0.787741,849,0.8,1,0.04723407230320737,0.047237,16.898895,0.047237,5.431918314868848,5.4322550000000005,1708.76075882,5.4322550000000005,1.475281152888073,34,44,0,0,0,
09:11:18.929,16.67739112489633,16.67635539936914,16.864538125125932,16.67635539936914,8.394914922653214,-0.56325,11.399083985477269,0.37709778233290386,0.7877410982222222,0.787741,284.992059,0.787741,849,0.8,1,0.04723407230320737,0.047237,16.898895,0.047237,5.431918314868848,5.4322550000000005,1708.76075882,5.4322550000000005,1.475281152888073,34,45,0,0,0,
09:11:19.386,16.67739112489633,16.67635539936914,16.864538125125932,16.67635539936914,8.394914922653214,-0.56325,11.399083985477269,0.37709778233290386,0.7877410982222222,0.787741,284.992059,0.787741,849,0.8,1,0.04723407230320737,0.047237,16.898895,0.047237,5.431918314868848,5.4322550000000005,1708.76075882,5.4322550000000005,1.475281152888073,34,45,0,0,0,
09:11:19.622,16.63383129388254,16.63269356643652,16.864414378136388,16.63269356643652,8.394914922653214,-0.56325,11.399083985477269,0.3838511396618661,0.7877410982222222,0.787741,284.992059,0.787741,845,0.8,1,0.04735776648834543,0.047361,16.899019,0.047361,5.4461431461597245,5.446515,1708.7750188200002,5.446515,1.5017016232618317,34,45,0,0,0,
09:11:19.854,16.63383129388254,16.63269356643652,16.864414378136388,16.63269356643652,8.366031239839968,-0.56325,11.399083985477269,0.3838511396618661,0.7877410982222222,0.787741,284.992059,0.787741,845,0.8,1,0.04735776648834543,0.047361,16.899019,0.047361,5.4461431461597245,5.446515,1708.7750188200002,5.446515,1.5017016232618317,34,45,0,0,0,
09:11:20.079,16.63383129388254,16.63269356643652,16.864414378136388,16.63269356643652,8.366031239839968,-0.57325,11.399083985477269,0.3838511396618661,0.7877410982222222,0.787741,284.992059,0.787741,845,0.8,1,0.04735776648834543,0.047361,16.899019,0.047361,5.4461431461597245,5.446515,1708.7750188200002,5.446515,1.5017016232618317,34,44,0,0,0,
09:11:20.507,16.63383129388254,16.63269356643652,16.864414378136388,16.63269356643652,8.366031239839968,-0.57325,11.399083985477269,0.3838511396618661,0.7877410982222222,0.787741,284.992059,0.787741,845,0.8,1,0.04735776648834543,0.047361,16.899019,0.047361,5.4461431461597245,5.446515,1708.7750188200002,5.446515,1.5017016232618317,34,44,0,0,0,
09:11:20.745,16.593034993004338,16.592055100364387,16.864298616467646,16.592055100364387,8.366031239839968,-0.57325,11.399083985477269,0.3735444463391898,0.7877410982222222,0.787741,284.992059,0.787741,841,0.8,1,0.04747420219112029,0.047477,16.899135,0.047477,5.459533251978834,5.459855,1708.7883588200002,5.459855,1.4613797992683972,34,44,0,0,0,
09:11:20.976,16.593034993004338,16.592055100364387,16.864298616467646,16.592055100364387,8.33837536538692,-0.57325,11.399083985477269,0.3735444463391898,0.7877410982222222,0.787741,284.992059,0.787741,841,0.8,1,0.04747420219112029,0.047477,16.899135,0.047477,5.459533251978834,5.459855,1708.7883588200002,5.459855,1.4613797992683972,34,44,0,0,0,
09:11:21.228,16.593034993004338,16.592055100364387,16.864298616467646,16.592055100364387,8.33837536538692,-0.56325,11.399083985477269,0.3735444463391898,0.7877410982222222,0.787741,284.992059,0.787741,841,0.8,1,0.04747420219112029,0.047477,16.899135,0.047477,5.459533251978834,5.459855,1708.7883588200002,5.459855,1.4613797992683972,34,45,0,0,0,
09:11:21.672,16.593034993004338,16.592055100364387,16.864298616467646,16.592055100364387,8.33837536538692,-0.56325,11.399083985477269,0.3735444463391898,0.7877410982222222,0.787741,284.992059,0.787741,841,0.8,1,0.04747420219112029,0.047477,16.899135,0.047477,5.459533251978834,5.459855,1708.7883588200002,5.459855,1.4613797992683972,34,45,0,0,0,
09:11:21.880,16.55017544835844,16.549180672268903,16.864175870916934,16.549180672268903,8.33837536538692,-0.56325,11.399083985477269,0.3893022801067683,0.7877410982222222,0.787741,284.992059,0.787741,857,0.9,1,0.047597144856875565,0.0476,16.899258,0.0476,5.47367165854069,5.474,1708.80250382,5.474,1.523027563473834,34,45,0,0,0,
09:11:22.119,16.55017544835844,16.549180672268903,16.864175870916934,16.549180672268903,8.310467129740696,-0.56325,11.399083985477269,0.3893022801067683,0.7877410982222222,0.787741,284.992059,0.787741,857,0.9,1,0.047597144856875565,0.0476,16.899258,0.0476,5.47367165854069,5.474,1708.80250382,5.474,1.523027563473834,34,45,0,0,0,
09:11:22.348,16.55017544835844,16.549180672268903,16.864175870916934,16.549180672268903,8.310467129740696,-0.57325,11.399083985477269,0.3893022801067683,0.7877410982222222,0.787741,284.992059,0.787741,857,0.9,1,0.047597144856875565,0.0476,16.899258,0.0476,5.47367165854069,5.474,1708.80250382,5.474,1.523027563473834,34,44,0,0,0,
09:11:22.819,16.55017544835844,16.549180672268903,16.864175870916934,16.549180672268903,8.310467129740696,-0.57325,11.399083985477269,0.3893022801067683,0.7877410982222222,0.787741,284.992059,0.787741,857,0.9,1,0.047597144856875565,0.0476,16.899258,0.0476,5.47367165854069,5.474,1708.80250382,5.474,1.523027563473834,34,44,0,0,0,
09:11:23.042,16.50958810491573,16.50860280403211,16.864059114612225,16.50860280403211,8.310467129740696,-0.57325,11.399083985477269,0.36288443835804757,0.7877410982222222,0.787741,284.992059,0.787741,817,0.8,1,0.047714158173799155,0.047717,16.899375,0.047717,5.487128189986903,5.487455000000001,1708.81595882,5.487455000000001,1.4196757384093703,34,44,0,0,0,
09:11:23.285,16.50958810491573,16.50860280403211,16.864059114612225,16.50860280403211,8.282192626139548,-0.57325,11.399083985477269,0.36288443835804757,0.7877410982222222,0.787741,284.992059,0.787741,817,0.8,1,0.047714158173799155,0.047717,16.899375,0.047717,5.487128189986903,5.487455000000001,1708.81595882,5.487455000000001,1.4196757384093703,34,44,0,0,0,
09:11:23.499,16.50958810491573,16.50860280403211,16.864059114612225,16.50860280403211,8.282192626139548,-0.57325,11.399083985477269,0.36288443835804757,0.7877410982222222,0.787741,284.992059,0.787741,817,0.8,1,0.047714158173799155,0.047717,16.899375,0.047717,5.487128189986903,5.487455000000001,1708.81595882,5.487455000000001,1.4196757384093703,34,44,0,0,0,
09:11:23.951,16.50958810491573,16.50860280403211,16.864059114612225,16.50860280403211,8.282192626139548,-0.57325,11.399083985477269,0.36288443835804757,0.7877410982222222,0.787741,284.992059,0.787741,817,0.8,1,0.047714158173799155,0.047717,16.899375,0.047717,5.487128189986903,5.487455000000001,1708.81595882,5.487455000000001,1.4196757384093703,34,44,0,0,0,
09:11:24.173,16.46775248549313,16.466846440068565,16.863938368339507,16.466846440068565,8.282192626139548,-0.57325,11.399083985477269,0.38598112231718906,0.7877410982222222,0.787741,284.992059,0.787741,869,0.9,1,0.04783537394772989,0.047838,16.899496,0.047838,5.501068003988937,5.50137,1708.82987382,5.50137,1.5100345369372623,34,44,0,0,0,
09:11:24.388,16.46775248549313,16.466846440068565,16.863938368339507,16.466846440068565,8.255604643083934,-0.57325,11.399083985477269,0.38598112231718906,0.7877410982222222,0.787741,284.992059,0.787741,869,0.9,1,0.04783537394772989,0.047838,16.899496,0.047838,5.501068003988937,5.50137,1708.82987382,5.50137,1.5100345369372623,34,44,0,0,0,
09:11:24.638,16.46775248549313,16.466846440068565,16.863938368339507,16.466846440068565,8.255604643083934,-0.57325,11.399083985477269,0.38598112231718906,0.7877410982222222,0.787741,284.992059,0.787741,869,0.9,1,0.04783537394772989,0.047838,16.899496,0.047838,5.501068003988937,5.50137,1708.82987382,5.50137,1.5100345369372623,34,44,0,0,0,
09:11:25.321,16.46775248549313,16.466846440068565,16.863938368339507,16.466846440068565,8.255604643083934,-0.57325,11.399083985477269,0.38598112231718906,0.7877410982222222,0.787741,284.992059,0.787741,869,0.9,1,0.04783537394772989,0.047838,16.899496,0.047838,5.501068003988937,5.50137,1708.82987382,5.50137,1.5100345369372623,34,44,0,0,0,
09:11:25.550,16.419589321581405,16.41879611488599,16.8637986640659,16.41879611488599,8.255604643083934,-0.57325,11.399083985477269,0.3664377743517618,0.7877410982222222,0.787741,284.992059,0.787741,825,0.8,1,0.04797568823398277,0.047978,16.899636,0.047978,5.517204146908019,5.51747,1708.8459738200002,5.51747,1.4335770920290463,34,44,0,0,0,
09:11:25.786,16.419589321581405,16.41879611488599,16.8637986640659,16.41879611488599,8.222113696027598,-0.57325,11.399083985477269,0.3664377743517618,0.7877410982222222,0.787741,284.992059,0.787741,825,0.8,1,0.04797568823398277,0.047978,16.899636,0.047978,5.517204146908019,5.51747,1708.8459738200002,5.51747,1.4335770920290463,34,44,0,0,0,
09:11:26.021,16.419589321581405,16.41879611488599,16.8637986640659,16.41879611488599,8.222113696027598,-0.52325,11.399083985477269,0.3664377743517618,0.7877410982222222,0.787741,284.992059,0.787741,825,0.8,1,0.04797568823398277,0.047978,16.899636,0.047978,5.517204146908019,5.51747,1708.8459738200002,5.51747,1.4335770920290463,34,49,0,0,0,
09:11:26.474,16.419589321581405,16.41879611488599,16.8637986640659,16.41879611488599,8.222113696027598,-0.52325,11.399083985477269,0.3664377743517618,0.7877410982222222,0.787741,284.992059,0.787741,825,0.8,1,0.04797568823398277,0.047978,16.899636,0.047978,5.517204146908019,5.51747,1708.8459738200002,5.51747,1.4335770920290463,34,49,0,0,0,
09:11:26.709,16.37467074285067,16.373747661608814,16.86366694501368,16.373747661608814,8.222113696027598,-0.52325,11.399083985477269,0.409562352093655,0.7877410982222222,0.787741,284.992059,0.787741,828,0.8,1,0.048107293917110175,0.04811,16.899768,0.04811,5.53233880046767,5.53265,1708.8611538200003,5.53265,1.6022889745951092,34,49,0,0,0,
09:11:26.916,16.37467074285067,16.373747661608814,16.86366694501368,16.373747661608814,8.195262354562992,-0.52325,11.399083985477269,0.409562352093655,0.7877410982222222,0.787741,284.992059,0.787741,828,0.8,1,0.048107293917110175,0.04811,16.899768,0.04811,5.53233880046767,5.53265,1708.8611538200003,5.53265,1.6022889745951092,34,49,0,0,0,
09:11:27.127,16.37467074285067,16.373747661608814,16.86366694501368,16.373747661608814,8.195262354562992,-0.54325,11.399083985477269,0.409562352093655,0.7877410982222222,0.787741,284.992059,0.787741,828,0.8,1,0.048107293917110175,0.04811,16.899768,0.04811,5.53233880046767,5.53265,1708.8611538200003,5.53265,1.6022889745951092,34,47,0,0,0,
09:11:27.609,16.37467074285067,16.373747661608814,16.86366694501368,16.373747661608814,8.195262354562992,-0.54325,11.399083985477269,0.409562352093655,0.7877410982222222,0.787741,284.992059,0.787741,828,0.8,1,0.048107293917110175,0.04811,16.899768,0.04811,5.53233880046767,5.53265,1708.8611538200003,5.53265,1.6022889745951092,34,47,0,0,0,
09:11:27.839,16.3289456798812,16.327930355477253,16.863532234474953,16.327930355477253,8.195262354562992,-0.54325,11.399083985477269,0.42890380596853034,0.7877410982222222,0.787741,284.992059,0.787741,904,0.9,1,0.0482420061690078,0.048245,16.899903000000002,0.048245,5.547830709435897,5.5481750000000005,1708.87667882,5.5481750000000005,1.6779565698658432,34,47,0,0,0,
09:11:28.065,16.3289456798812,16.327930355477253,16.863532234474953,16.327930355477253,8.168146759131144,-0.54325,11.399083985477269,0.42890380596853034,0.7877410982222222,0.787741,284.992059,0.787741,904,0.9,1,0.0482420061690078,0.048245,16.899903000000002,0.048245,5.547830709435897,5.5481750000000005,1708.87667882,5.5481750000000005,1.6779565698658432,34,47,0,0,0,
09:11:28.311,16.3289456798812,16.327930355477253,16.863532234474953,16.327930355477253,8.168146759131144,-0.56325,11.399083985477269,0.42890380596853034,0.7877410982222222,0.787741,284.992059,0.787741,904,0.9,1,0.0482420061690078,0.048245,16.899903000000002,0.048245,5.547830709435897,5.5481750000000005,1708.87667882,5.5481750000000005,1.6779565698658432,34,45,0,0,0,
09:11:28.767,16.3289456798812,16.327930355477253,16.863532234474953,16.327930355477253,8.168146759131144,-0.56325,11.399083985477269,0.42890380596853034,0.7877410982222222,0.787741,284.992059,0.787741,904,0.9,1,0.0482420061690078,0.048245,16.899903000000002,0.048245,5.547830709435897,5.5481750000000005,1708.87667882,5.5481750000000005,1.6779565698658432,34,45,0,0,0,
09:11:28.971,16.286726217489033,16.285734959685755,16.8634075044136,16.285734959685755,8.168146759131144,-0.56325,11.399083985477269,0.3974789907741217,0.7877410982222222,0.787741,284.992059,0.787741,875,0.9,1,0.048367062091111294,0.04837,16.900028,0.04837,5.562212140477799,5.562550000000001,1708.8910538200003,5.562550000000001,1.5550164737918373,34,45,0,0,0,
09:11:29.197,16.286726217489033,16.285734959685755,16.8634075044136,16.285734959685755,8.141600216925985,-0.56325,11.399083985477269,0.3974789907741217,0.7877410982222222,0.787741,284.992059,0.787741,875,0.9,1,0.048367062091111294,0.04837,16.900028,0.04837,5.562212140477799,5.562550000000001,1708.8910538200003,5.562550000000001,1.5550164737918373,34,45,0,0,0,
09:11:29.438,16.286726217489033,16.285734959685755,16.8634075044136,16.285734959685755,8.141600216925985,-0.57325,11.399083985477269,0.3974789907741217,0.7877410982222222,0.787741,284.992059,0.787741,875,0.9,1,0.048367062091111294,0.04837,16.900028,0.04837,5.562212140477799,5.562550000000001,1708.8910538200003,5.562550000000001,1.5550164737918373,34,44,0,0,0,
09:11:29.890,16.286726217489033,16.285734959685755,16.8634075044136,16.285734959685755,8.141600216925985,-0.57325,11.399083985477269,0.3974789907741217,0.7877410982222222,0.787741,284.992059,0.787741,875,0.9,1,0.048367062091111294,0.04837,16.900028,0.04837,5.562212140477799,5.562550000000001,1708.8910538200003,5.562550000000001,1.5550164737918373,34,44,0,0,0,
09:11:30.104,16.245807591807683,16.24476202260167,16.86328576965293,16.24476202260167,8.141600216925985,-0.57325,11.399083985477269,0.38686945631561753,0.7877410982222222,0.787741,284.992059,0.787741,871,0.9,1,0.048488885133630324,0.048492,16.90015,0.048492,5.576221790367487,5.57658,1708.90508382,5.57658,1.513509875342181,34,44,0,0,0,
09:11:30.329,16.245807591807683,16.24476202260167,16.86328576965293,16.24476202260167,8.115256977831569,-0.57325,11.399083985477269,0.38686945631561753,0.7877410982222222,0.787741,284.992059,0.787741,871,0.9,1,0.048488885133630324,0.048492,16.90015,0.048492,5.576221790367487,5.57658,1708.90508382,5.57658,1.513509875342181,34,44,0,0,0,
09:11:30.545,16.245807591807683,16.24476202260167,16.86328576965293,16.24476202260167,8.115256977831569,-0.56325,11.399083985477269,0.38686945631561753,0.7877410982222222,0.787741,284.992059,0.787741,871,0.9,1,0.048488885133630324,0.048492,16.90015,0.048492,5.576221790367487,5.57658,1708.90508382,5.57658,1.513509875342181,34,45,0,0,0,
09:11:31.006,16.245807591807683,16.24476202260167,16.86328576965293,16.24476202260167,8.115256977831569,-0.56325,11.399083985477269,0.38686945631561753,0.7877410982222222,0.787741,284.992059,0.787741,871,0.9,1,0.048488885133630324,0.048492,16.90015,0.048492,5.576221790367487,5.57658,1708.90508382,5.57658,1.513509875342181,34,45,0,0,0,
09:11:31.240,16.204601740630597,16.203661421372008,16.86316303884558,16.203661421372008,8.115256977831569,-0.56325,11.399083985477269,0.39111932692173573,0.7877410982222222,0.787741,284.992059,0.787741,861,0.9,1,0.048612185034272094,0.048615,16.900273000000002,0.048615,5.5904012789412905,5.590725,1708.9192288200002,5.590725,1.5301362102111675,34,45,0,0,0,
09:11:31.467,16.204601740630597,16.203661421372008,16.86316303884558,16.203661421372008,8.088845420520478,-0.56325,11.399083985477269,0.39111932692173573,0.7877410982222222,0.787741,284.992059,0.787741,861,0.9,1,0.048612185034272094,0.048615,16.900273000000002,0.048615,5.5904012789412905,5.590725,1708.9192288200002,5.590725,1.5301362102111675,34,45,0,0,0,
09:11:31.682,16.204601740630597,16.203661421372008,16.86316303884558,16.203661421372008,8.088845420520478,-0.57325,11.399083985477269,0.39111932692173573,0.7877410982222222,0.787741,284.992059,0.787741,861,0.9,1,0.048612185034272094,0.048615,16.900273000000002,0.048615,5.5904012789412905,5.590725,1708.9192288200002,5.590725,1.5301362102111675,34,44,0,0,0,
09:11:32.148,16.204601740630597,16.203661421372008,16.86316303884558,16.203661421372008,8.088845420520478,-0.57325,11.399083985477269,0.39111932692173573,0.7877410982222222,0.787741,284.992059,0.787741,861,0.9,1,0.048612185034272094,0.048615,16.900273000000002,0.048615,5.5904012789412905,5.590725,1708.9192288200002,5.590725,1.5301362102111675,34,44,0,0,0,
09:11:32.346,16.16754498923231,16.16674875836309,16.863052283309063,16.16674875836309,8.088845420520478,-0.57325,11.399083985477269,0.3624402713588335,0.7877410982222222,0.787741,284.992059,0.787741,816,0.8,1,0.04872360638222208,0.048726,16.900384,0.048726,5.603214733955539,5.60349,1708.9319938200001,5.60349,1.4179380692069117,34,44,0,0,0,
09:11:32.585,16.16754498923231,16.16674875836309,16.863052283309063,16.16674875836309,8.06321615615254,-0.57325,11.399083985477269,0.3624402713588335,0.7877410982222222,0.787741,284.992059,0.787741,816,0.8,1,0.04872360638222208,0.048726,16.900384,0.048726,5.603214733955539,5.60349,1708.9319938200001,5.60349,1.4179380692069117,34,44,0,0,0,
09:11:32.811,16.16754498923231,16.16674875836309,16.863052283309063,16.16674875836309,8.06321615615254,-0.54325,11.399083985477269,0.3624402713588335,0.7877410982222222,0.787741,284.992059,0.787741,816,0.8,1,0.04872360638222208,0.048726,16.900384,0.048726,5.603214733955539,5.60349,1708.9319938200001,5.60349,1.4179380692069117,34,47,0,0,0,
09:11:33.286,16.16754498923231,16.16674875836309,16.863052283309063,16.16674875836309,8.06321615615254,-0.54325,11.399083985477269,0.3624402713588335,0.7877410982222222,0.787741,284.992059,0.787741,816,0.8,1,0.04872360638222208,0.048726,16.900384,0.048726,5.603214733955539,5.60349,1708.9319938200001,5.60349,1.4179380692069117,34,47,0,0,0,
09:11:33.503,16.125423409695987,16.124721102081757,16.862925564795052,16.124721102081757,8.06321615615254,-0.54325,11.399083985477269,0.39616667918553405,0.7877410982222222,0.787741,284.992059,0.787741,835,0.8,1,0.048850878405373506,0.048853,16.900511,0.048853,5.617851016617953,5.618095,1708.9465988200002,5.618095,1.5498824511482068,34,47,0,0,0,
09:11:33.759,16.125423409695987,16.124721102081757,16.862925564795052,16.124721102081757,8.036325704448817,-0.54325,11.399083985477269,0.39616667918553405,0.7877410982222222,0.787741,284.992059,0.787741,835,0.8,1,0.048850878405373506,0.048853,16.900511,0.048853,5.617851016617953,5.618095,1708.9465988200002,5.618095,1.5498824511482068,34,47,0,0,0,
09:11:33.958,16.125423409695987,16.124721102081757,16.862925564795052,16.124721102081757,8.036325704448817,-0.54325,11.399083985477269,0.39616667918553405,0.7877410982222222,0.787741,284.992059,0.787741,835,0.8,1,0.048850878405373506,0.048853,16.900511,0.048853,5.617851016617953,5.618095,1708.9465988200002,5.618095,1.5498824511482068,34,47,0,0,0,
09:11:34.430,16.125423409695987,16.124721102081757,16.862925564795052,16.124721102081757,8.036325704448817,-0.54325,11.399083985477269,0.39616667918553405,0.7877410982222222,0.787741,284.992059,0.787741,835,0.8,1,0.048850878405373506,0.048853,16.900511,0.048853,5.617851016617953,5.618095,1708.9465988200002,5.618095,1.5498824511482068,34,47,0,0,0,
09:11:34.645,16.08593277176703,16.085210217875154,16.862805832515956,16.085210217875154,8.036325704448817,-0.54325,11.399083985477269,0.37861198801204343,0.7877410982222222,0.787741,284.992059,0.787741,798,0.8,1,0.04897080631872424,0.048973,16.900631,0.048973,5.631642726653288,5.631895,1708.9603988200001,5.631895,1.4812050251691853,34,47,0,0,0,
09:11:34.890,16.08593277176703,16.085210217875154,16.862805832515956,16.085210217875154,8.010721151263741,-0.54325,11.399083985477269,0.37861198801204343,0.7877410982222222,0.787741,284.992059,0.787741,798,0.8,1,0.04897080631872424,0.048973,16.900631,0.048973,5.631642726653288,5.631895,1708.9603988200001,5.631895,1.4812050251691853,34,47,0,0,0,
09:11:35.103,16.08593277176703,16.085210217875154,16.862805832515956,16.085210217875154,8.010721151263741,-0.49325,11.399083985477269,0.37861198801204343,0.7877410982222222,0.787741,284.992059,0.787741,798,0.8,1,0.04897080631872424,0.048973,16.900631,0.048973,5.631642726653288,5.631895,1708.9603988200001,5.631895,1.4812050251691853,34,52,0,0,0,
09:11:35.552,16.08593277176703,16.085210217875154,16.862805832515956,16.085210217875154,8.010721151263741,-0.49325,11.399083985477269,0.37861198801204343,0.7877410982222222,0.787741,284.992059,0.787741,798,0.8,1,0.04897080631872424,0.048973,16.900631,0.048973,5.631642726653288,5.631895,1708.9603988200001,5.631895,1.4812050251691853,34,52,0,0,0,
09:11:35.770,16.037542981492713,16.036745994584802,16.86265816504671,16.036745994584802,8.010721151263741,-0.49325,11.399083985477269,0.4719072472560925,0.7877410982222222,0.787741,284.992059,0.787741,899,0.9,1,0.049118565052718714,0.049121,16.900779,0.049121,5.648634981062652,5.648915,1708.9774188200001,5.648915,1.8461945426494177,34,52,0,0,0,
09:11:35.996,16.037542981492713,16.036745994584802,16.86265816504671,16.036745994584802,7.985732503570295,-0.49325,11.399083985477269,0.4719072472560925,0.7877410982222222,0.787741,284.992059,0.787741,899,0.9,1,0.049118565052718714,0.049121,16.900779,0.049121,5.648634981062652,5.648915,1708.9774188200001,5.648915,1.8461945426494177,34,52,0,0,0,
09:11:36.249,16.037542981492713,16.036745994584802,16.86265816504671,16.036745994584802,7.985732503570295,-0.49325,11.399083985477269,0.4719072472560925,0.7877410982222222,0.787741,284.992059,0.787741,899,0.9,1,0.049118565052718714,0.049121,16.900779,0.049121,5.648634981062652,5.648915,1708.9774188200001,5.648915,1.8461945426494177,34,52,0,0,0,
09:11:36.686,16.037542981492713,16.036745994584802,16.86265816504671,16.036745994584802,7.985732503570295,-0.49325,11.399083985477269,0.4719072472560925,0.7877410982222222,0.787741,284.992059,0.787741,899,0.9,1,0.049118565052718714,0.049121,16.900779,0.049121,5.648634981062652,5.648915,1708.9774188200001,5.648915,1.8461945426494177,34,52,3.1372549019607843,0,0,
09:11:36.917,15.985292043728116,15.984355342721479,16.862497529723196,15.984355342721479,7.985732503570295,-0.49325,11.399083985477269,0.5039276500176294,0.7877410982222222,0.787741,284.992059,0.787741,960,1,1,0.049279118333736986,0.049282,16.900940000000002,0.049282,5.667098608379753,5.6674299999999995,1708.9959338200001,5.6674299999999995,1.971464695153994,34,52,3.1372549019607843,0,0,
09:11:37.149,15.985292043728116,15.984355342721479,16.862497529723196,15.984355342721479,7.963139109133658,-0.49325,1.9844118495284313,0.5039276500176294,0.7880611683611111,0.788061,284.992379,0.788061,960,1,1,0.049279118333736986,0.049282,16.900940000000002,0.049282,5.667098608379753,5.6674299999999995,1708.9959338200001,5.6674299999999995,1.971464695153994,34,52,3.1372549019607843,0.00620655678949662,1,
09:11:37.370,15.985292043728116,15.984355342721479,16.862497529723196,15.984355342721479,7.963139109133658,-0.37325,1.9844118495284313,0.5039276500176294,0.7880611683611111,0.788061,284.992379,0.788061,960,1,1,0.049279118333736986,0.049282,16.900940000000002,0.049282,5.667098608379753,5.6674299999999995,1708.9959338200001,5.6674299999999995,1.971464695153994,34,64,3.1372549019607843,0.00620655678949662,1,
09:11:37.837,15.985292043728116,15.984355342721479,16.862497529723196,15.984355342721479,7.963139109133658,-0.37325,1.9844118495284313,0.5039276500176294,0.7880611683611111,0.788061,284.992379,0.788061,960,1,1,0.049279118333736986,0.049282,16.900940000000002,0.049282,5.667098608379753,5.6674299999999995,1708.9959338200001,5.6674299999999995,1.971464695153994,34,64,0,0.00620655678949662,1,
09:11:38.068,15.88282063403486,15.881922611850062,16.862179238753424,15.881922611850062,7.963139109133658,-0.37325,1.9844118495284313,1.0570020900781871,0.7880611683611111,0.788061,284.992379,0.788061,1527,1.5,1,0.04961720506195205,0.04962,16.901278,0.04962,5.705978582124486,5.7063,1709.0348038200002,5.7063,4.135201359203503,34,64,0,0.00620655678949662,1,
09:11:38.293,15.88282063403486,15.881922611850062,16.862179238753424,15.881922611850062,7.953654232310498,-0.37325,4.730359615116888,1.0570020900781871,0.7896501455833332,0.78965,284.993968,0.78965,1527,1.5,1,0.04961720506195205,0.04962,16.901278,0.04962,5.705978582124486,5.7063,1709.0348038200002,5.7063,4.135201359203503,34,64,0,0.031237318192874064,5,
09:11:38.521,15.88282063403486,15.881922611850062,16.862179238753424,15.881922611850062,7.953654232310498,-0.6332500000000001,4.730359615116888,1.0570020900781871,0.7896501455833332,0.78965,284.993968,0.78965,1527,1.5,1,0.04961720506195205,0.04962,16.901278,0.04962,5.705978582124486,5.7063,1709.0348038200002,5.7063,4.135201359203503,34,38,0,0.031237318192874064,5,
09:11:38.996,15.88282063403486,15.881922611850062,16.862179238753424,15.881922611850062,7.953654232310498,-0.6332500000000001,4.730359615116888,1.0570020900781871,0.7896501455833332,0.78965,284.993968,0.78965,1527,1.5,1,0.04961720506195205,0.04962,16.901278,0.04962,5.705978582124486,5.7063,1709.0348038200002,5.7063,4.135201359203503,34,38,0,0.031237318192874064,5,
09:11:39.187,15.866398651694924,15.865345977658121,16.862121607461617,15.865345977658121,7.953654232310498,-0.6332500000000001,4.730359615116888,0.4878554383090485,0.7896501455833332,0.78965,284.993968,0.78965,1187,1.2,1,0.04976870699634029,0.049772,16.90143,0.049772,5.723401304579133,5.72378,1709.0522838200002,5.72378,1.9085870222273362,34,38,0,0.031237318192874064,5,
09:11:39.427,15.866398651694924,15.865345977658121,16.862121607461617,15.865345977658121,7.94747650976361,-0.6332500000000001,12.298725255162774,0.4878554383090485,0.79153976975,0.79154,284.995858,0.79154,1187,1.2,1,0.04976870699634029,0.049772,16.90143,0.049772,5.723401304579133,5.72378,1709.0522838200002,5.72378,1.9085870222273362,34,38,0,0.037462688827132516,6,
09:11:39.661,15.866398651694924,15.865345977658121,16.862121607461617,15.865345977658121,7.94747650976361,-0.69325,12.298725255162774,0.4878554383090485,0.79153976975,0.79154,284.995858,0.79154,1187,1.2,1,0.04976870699634029,0.049772,16.90143,0.049772,5.723401304579133,5.72378,1709.0522838200002,5.72378,1.9085870222273362,34,32,0,0.037462688827132516,6,
09:11:40.126,15.866398651694924,15.865345977658121,16.862121607461617,15.865345977658121,7.94747650976361,-0.69325,12.298725255162774,0.4878554383090485,0.79153976975,0.79154,284.995858,0.79154,1187,1.2,1,0.04976870699634029,0.049772,16.90143,0.049772,5.723401304579133,5.72378,1709.0522838200002,5.72378,1.9085870222273362,34,32,1.5686274509803921,0.037462688827132516,6,
09:11:40.348,15.863901075914459,15.862842942744345,16.862106727800285,15.862842942744345,7.94747650976361,-0.69325,12.298725255162774,0.39352042449865704,0.79153976975,0.79154,284.995858,0.79154,1137,1.1,1,0.049895657188115214,0.049899,16.901557,0.049899,5.73800057663325,5.738385,1709.0668888200003,5.738385,1.5395297791140738,34,32,1.5686274509803921,0.037462688827132516,6,
09:11:40.578,15.863901075914459,15.862842942744345,16.862106727800285,15.862842942744345,7.9412465112380906,-0.69325,15.246984975796284,0.39352042449865704,0.7934575639166667,0.793458,284.997776,0.793458,1137,1.1,1,0.049895657188115214,0.049899,16.901557,0.049899,5.73800057663325,5.738385,1709.0668888200003,5.738385,1.5395297791140738,34,32,1.5686274509803921,0.03709770873895882,6,
09:11:40.792,15.863901075914459,15.862842942744345,16.862106727800285,15.862842942744345,7.9412465112380906,-0.68325,15.246984975796284,0.39352042449865704,0.7934575639166667,0.793458,284.997776,0.793458,1137,1.1,1,0.049895657188115214,0.049899,16.901557,0.049899,5.73800057663325,5.738385,1709.0668888200003,5.738385,1.5395297791140738,34,33,1.5686274509803921,0.03709770873895882,6,
09:11:41.250,15.863901075914459,15.862842942744345,16.862106727800285,15.862842942744345,7.9412465112380906,-0.68325,15.246984975796284,0.39352042449865704,0.7934575639166667,0.793458,284.997776,0.793458,1137,1.1,1,0.049895657188115214,0.049899,16.901557,0.049899,5.73800057663325,5.738385,1709.0668888200003,5.738385,1.5395297791140738,34,33,1.9607843137254901,0.03709770873895882,6,
09:11:41.502,15.857995024570084,15.856791702472073,16.862080535463388,15.856791702472073,7.9412465112380906,-0.68325,15.246984975796284,0.4354422903011195,0.7934575639166667,0.793458,284.997776,0.793458,1220,1.2,1,0.05003517548639019,0.050039,16.901697000000002,0.050039,5.754045180934872,5.754485,1709.08298882,5.754485,1.7035364145539966,34,33,1.9607843137254901,0.03709770873895882,6,
09:11:41.735,15.857995024570084,15.856791702472073,16.862080535463388,15.856791702472073,7.938226233551168,-0.68325,16.07560899782913,0.4354422903011195,0.7957090660833334,0.79571,285.000028,0.79571,1220,1.2,1,0.05003517548639019,0.050039,16.901697000000002,0.050039,5.754045180934872,5.754485,1709.08298882,5.754485,1.7035364145539966,34,33,1.9607843137254901,0.037054941883749984,7,
09:11:41.959,15.857995024570084,15.856791702472073,16.862080535463388,15.856791702472073,7.938226233551168,-0.68325,16.07560899782913,0.4354422903011195,0.7957090660833334,0.79571,285.000028,0.79571,1220,1.2,1,0.05003517548639019,0.050039,16.901697000000002,0.050039,5.754045180934872,5.754485,1709.08298882,5.754485,1.7035364145539966,34,33,1.9607843137254901,0.037054941883749984,7,
09:11:42.400,15.857995024570084,15.856791702472073,16.862080535463388,15.856791702472073,7.938226233551168,-0.68325,16.07560899782913,0.4354422903011195,0.7957090660833334,0.79571,285.000028,0.79571,1220,1.2,1,0.05003517548639019,0.050039,16.901697000000002,0.050039,5.754045180934872,5.754485,1709.08298882,5.754485,1.7035364145539966,34,33,0.39215686274509803,0.037054941883749984,7,
09:11:42.630,15.862095398131999,15.860907351299634,16.862085078854793,15.860907351299634,7.938226233551168,-0.68325,16.07560899782913,0.4115286563255662,0.7957090660833334,0.79571,285.000028,0.79571,1153,1.2,1,0.050164183615806525,0.050168,16.901826,0.050168,5.76888111581775,5.76932,1709.0978238200003,5.76932,1.609981545885867,34,33,0.39215686274509803,0.037054941883749984,7,
09:11:42.837,15.862095398131999,15.860907351299634,16.862085078854793,15.860907351299634,7.9323255326056605,-0.68325,14.579786626701676,0.4115286563255662,0.79754562725,0.797547,285.001865,0.797547,1153,1.2,1,0.050164183615806525,0.050168,16.901826,0.050168,5.76888111581775,5.76932,1709.0978238200003,5.76932,1.609981545885867,34,33,0.39215686274509803,0.037054941883749984,6,
09:11:43.051,15.862095398131999,15.860907351299634,16.862085078854793,15.860907351299634,7.9323255326056605,-0.7332500000000001,14.579786626701676,0.4115286563255662,0.79754562725,0.797547,285.001865,0.797547,1153,1.2,1,0.050164183615806525,0.050168,16.901826,0.050168,5.76888111581775,5.76932,1709.0978238200003,5.76932,1.609981545885867,34,28,0.39215686274509803,0.037054941883749984,6,
09:11:43.524,15.862095398131999,15.860907351299634,16.862085078854793,15.860907351299634,7.9323255326056605,-0.7332500000000001,14.579786626701676,0.4115286563255662,0.79754562725,0.797547,285.001865,0.797547,1153,1.2,1,0.050164183615806525,0.050168,16.901826,0.050168,5.76888111581775,5.76932,1709.0978238200003,5.76932,1.609981545885867,34,28,1.5686274509803921,0.037054941883749984,6,
09:11:43.757,15.871324156193506,15.870002984777633,16.86210696978502,15.870002984777633,7.9323255326056605,-0.7332500000000001,14.579786626701676,0.27671604051048193,0.79754562725,0.797547,285.001865,0.797547,979,1,1,0.05025073014709815,0.050255,16.901913,0.050255,5.778833966916287,5.779325,1709.1078288200001,5.779325,1.0825679131322377,34,28,1.5686274509803921,0.037054941883749984,6,
09:11:43.975,15.871324156193506,15.870002984777633,16.86210696978502,15.870002984777633,7.923141185991229,-0.7332500000000001,18.069064557212037,0.27671604051048193,0.7991251412777778,0.799127,285.003445,0.799127,979,1,1,0.05025073014709815,0.050255,16.901913,0.050255,5.778833966916287,5.779325,1709.1078288200001,5.779325,1.0825679131322377,34,28,1.5686274509803921,0.037054941883749984,5,
09:11:44.214,15.871324156193506,15.870002984777633,16.86210696978502,15.870002984777633,7.923141185991229,-0.70325,18.069064557212037,0.27671604051048193,0.7991251412777778,0.799127,285.003445,0.799127,979,1,1,0.05025073014709815,0.050255,16.901913,0.050255,5.778833966916287,5.779325,1709.1078288200001,5.779325,1.0825679131322377,34,31,1.5686274509803921,0.037054941883749984,5,
09:11:44.641,15.871324156193506,15.870002984777633,16.86210696978502,15.870002984777633,7.923141185991229,-0.70325,18.069064557212037,0.27671604051048193,0.7991251412777778,0.799127,285.003445,0.799127,979,1,1,0.05025073014709815,0.050255,16.901913,0.050255,5.778833966916287,5.779325,1709.1078288200001,5.779325,1.0825679131322377,34,31,0.7843137254901961,0.037054941883749984,5,
09:11:44.887,15.876632929516466,15.87522348921292,16.86211764575024,15.87522348921292,7.923141185991229,-0.70325,18.069064557212037,0.26317904173897466,0.7991251412777778,0.799127,285.003445,0.799127,841,0.8,1,0.050333414195910094,0.050338,16.901996,0.050338,5.788342632529661,5.78887,1709.1173738200002,5.78887,1.0296084949390985,34,31,0.7843137254901961,0.037054941883749984,5,
09:11:45.116,15.876632929516466,15.87522348921292,16.86211764575024,15.87522348921292,7.9139743179613955,-0.70325,18.998473309128784,0.26317904173897466,0.8007115776666667,0.800713,285.005031,0.800713,841,0.8,1,0.050333414195910094,0.050338,16.901996,0.050338,5.788342632529661,5.78887,1709.1173738200002,5.78887,1.0296084949390985,34,31,0.7843137254901961,-0.006241976264978469,5,
09:11:45.342,15.876632929516466,15.87522348921292,16.86211764575024,15.87522348921292,7.9139743179613955,-0.66325,18.998473309128784,0.26317904173897466,0.8007115776666667,0.800713,285.005031,0.800713,841,0.8,1,0.050333414195910094,0.050338,16.901996,0.050338,5.788342632529661,5.78887,1709.1173738200002,5.78887,1.0296084949390985,34,35,0.7843137254901961,-0.006241976264978469,5,
09:11:45.815,15.876632929516466,15.87522348921292,16.86211764575024,15.87522348921292,7.9139743179613955,-0.66325,18.998473309128784,0.26317904173897466,0.8007115776666667,0.800713,285.005031,0.800713,841,0.8,1,0.050333414195910094,0.050338,16.901996,0.050338,5.788342632529661,5.78887,1709.1173738200002,5.78887,1.0296084949390985,34,35,1.1764705882352942,-0.006241976264978469,5,
09:11:46.015,15.87806009585184,15.876767196081932,16.86211670496863,15.876767196081932,7.9139743179613955,-0.66325,18.998473309128784,0.3045572355975936,0.8007115776666667,0.800713,285.005031,0.800713,862,0.9,1,0.05042880382319837,0.050433,16.902091000000002,0.050433,5.799312439667813,5.799795,1709.12829882,5.799795,1.1914881781409452,34,35,1.1764705882352942,-0.006241976264978469,5,
09:11:46.256,15.87806009585184,15.876767196081932,16.86211670496863,15.876767196081932,7.904885612303633,-0.66325,16.417275361030715,0.3045572355975936,0.8022943719722222,0.802296,285.006614,0.802296,862,0.9,1,0.05042880382319837,0.050433,16.902091000000002,0.050433,5.799312439667813,5.799795,1709.12829882,5.799795,1.1914881781409452,34,35,1.1764705882352942,-0.012530386416373768,5,
09:11:46.483,15.87806009585184,15.876767196081932,16.86211670496863,15.876767196081932,7.904885612303633,-0.69325,16.417275361030715,0.3045572355975936,0.8022943719722222,0.802296,285.006614,0.802296,862,0.9,1,0.05042880382319837,0.050433,16.902091000000002,0.050433,5.799312439667813,5.799795,1709.12829882,5.799795,1.1914881781409452,34,32,1.1764705882352942,-0.012530386416373768,5,
09:11:46.938,15.87806009585184,15.876767196081932,16.86211670496863,15.876767196081932,7.904885612303633,-0.69325,16.417275361030715,0.3045572355975936,0.8022943719722222,0.802296,285.006614,0.802296,862,0.9,1,0.05042880382319837,0.050433,16.902091000000002,0.050433,5.799312439667813,5.799795,1709.12829882,5.799795,1.1914881781409452,34,32,0,-0.012530386416373768,5,
09:11:47.182,15.880791024627904,15.879502810545485,16.862119577223815,15.879502810545485,7.904885612303633,-0.69325,16.417275361030715,0.2807135435034102,0.8022943719722222,0.802296,285.006614,0.802296,869,0.9,1,0.0505197990911174,0.050524,16.902182,0.050524,5.809776895478501,5.8102599999999995,1709.1387638200001,5.8102599999999995,1.0982069359543725,34,32,0,-0.012530386416373768,5,
09:11:47.407,15.880791024627904,15.879502810545485,16.862119577223815,15.879502810545485,7.895757569023132,-0.69325,17.811751929023895,0.2807135435034102,0.8038940171111111,0.803896,285.008214,0.803896,869,0.9,1,0.0505197990911174,0.050524,16.902182,0.050524,5.809776895478501,5.8102599999999995,1709.1387638200001,5.8102599999999995,1.0982069359543725,34,32,0,-0.0061979341570166805,5,
09:11:47.624,15.880791024627904,15.879502810545485,16.862119577223815,15.879502810545485,7.895757569023132,-0.6232500000000001,17.811751929023895,0.2807135435034102,0.8038940171111111,0.803896,285.008214,0.803896,869,0.9,1,0.0505197990911174,0.050524,16.902182,0.050524,5.809776895478501,5.8102599999999995,1709.1387638200001,5.8102599999999995,1.0982069359543725,34,39,0,-0.0061979341570166805,5,
09:11:48.074,15.880791024627904,15.879502810545485,16.862119577223815,15.879502810545485,7.895757569023132,-0.6232500000000001,17.811751929023895,0.2807135435034102,0.8038940171111111,0.803896,285.008214,0.803896,869,0.9,1,0.0505197990911174,0.050524,16.902182,0.050524,5.809776895478501,5.8102599999999995,1709.1387638200001,5.8102599999999995,1.0982069359543725,34,39,0,-0.0061979341570166805,5,
09:11:48.310,15.880432596713298,15.879113498992613,16.862112481366424,15.879113498992613,7.895757569023132,-0.6232500000000001,17.811751929023895,0.32479711817542506,0.8038940171111111,0.803896,285.008214,0.803896,825,0.8,1,0.050621669920848975,0.050626,16.902284,0.050626,5.821492040897632,5.8219899999999996,1709.15049382,5.8219899999999996,1.2706706042984721,34,39,0,-0.0061979341570166805,5,
09:11:48.530,15.880432596713298,15.879113498992613,16.862112481366424,15.879113498992613,7.886904733714304,-0.6232500000000001,15.394225256947838,0.32479711817542506,0.8054550962777778,0.805457,285.009775,0.805457,825,0.8,1,0.050621669920848975,0.050626,16.902284,0.050626,5.821492040897632,5.8219899999999996,1709.15049382,5.8219899999999996,1.2706706042984721,34,39,0,0,5,
09:11:48.765,15.880432596713298,15.879113498992613,16.862112481366424,15.879113498992613,7.886904733714304,-0.6232500000000001,15.394225256947838,0.32479711817542506,0.8054550962777778,0.805457,285.009775,0.805457,825,0.8,1,0.050621669920848975,0.050626,16.902284,0.050626,5.821492040897632,5.8219899999999996,1709.15049382,5.8219899999999996,1.2706706042984721,34,39,0,0,5,
09:11:49.236,15.880432596713298,15.879113498992613,16.862112481366424,15.879113498992613,7.886904733714304,-0.6232500000000001,15.394225256947838,0.32479711817542506,0.8054550962777778,0.805457,285.009775,0.805457,825,0.8,1,0.050621669920848975,0.050626,16.902284,0.050626,5.821492040897632,5.8219899999999996,1709.15049382,5.8219899999999996,1.2706706042984721,34,39,0,0,5,
09:11:49.435,15.877064233663246,15.875766236326006,16.8620960949139,15.875766236326006,7.886904733714304,-0.6232500000000001,15.394225256947838,0.34959980719973033,0.8054550962777778,0.805457,285.009775,0.805457,888,0.9,1,0.05073073235856896,0.050735,16.902393,0.050735,5.834034221235431,5.834525,1709.1630288200001,5.834525,1.3677036322630836,34,39,0,0,5,
09:11:49.657,15.877064233663246,15.875766236326006,16.8620960949139,15.875766236326006,7.8780992796846006,-0.6232500000000001,14.302067383988696,0.34959980719973033,0.8070173469722223,0.807019,285.011337,0.807019,888,0.9,1,0.05073073235856896,0.050735,16.902393,0.050735,5.834034221235431,5.834525,1709.1630288200001,5.834525,1.3677036322630836,34,39,0,0,5,
09:11:49.895,15.877064233663246,15.875766236326006,16.8620960949139,15.875766236326006,7.8780992796846006,-0.64325,14.302067383988696,0.34959980719973033,0.8070173469722223,0.807019,285.011337,0.807019,888,0.9,1,0.05073073235856896,0.050735,16.902393,0.050735,5.834034221235431,5.834525,1709.1630288200001,5.834525,1.3677036322630836,34,37,0,0,5,
09:11:50.350,15.877064233663246,15.875766236326006,16.8620960949139,15.875766236326006,7.8780992796846006,-0.64325,14.302067383988696,0.34959980719973033,0.8070173469722223,0.807019,285.011337,0.807019,888,0.9,1,0.05073073235856896,0.050735,16.902393,0.050735,5.834034221235431,5.834525,1709.1630288200001,5.834525,1.3677036322630836,34,37,1.5686274509803921,0,5,
09:11:50.581,15.867697258751141,15.866523799225371,16.862060813295248,15.866523799225371,7.8780992796846006,-0.64325,14.302067383988696,0.4029842099932789,0.8070173469722223,0.807019,285.011337,0.807019,1007,1,1,0.05085913436665467,0.050863,16.902521,0.050863,5.848800452165287,5.849245,1709.1777488200003,5.849245,1.576553980871022,34,37,1.5686274509803921,0,5,
09:11:50.807,15.867697258751141,15.866523799225371,16.862060813295248,15.866523799225371,7.869156761936063,-0.64325,12.407434028453354,0.4029842099932789,0.8086137294722223,0.808615,285.012933,0.808615,1007,1,1,0.05085913436665467,0.050863,16.902521,0.050863,5.848800452165287,5.849245,1709.1777488200003,5.849245,1.576553980871022,34,37,1.5686274509803921,0,5,
09:11:51.043,15.867697258751141,15.866523799225371,16.862060813295248,15.866523799225371,7.869156761936063,-0.68325,12.407434028453354,0.4029842099932789,0.8086137294722223,0.808615,285.012933,0.808615,1007,1,1,0.05085913436665467,0.050863,16.902521,0.050863,5.848800452165287,5.849245,1709.1777488200003,5.849245,1.576553980871022,34,33,1.5686274509803921,0,5,
09:11:51.492,15.867697258751141,15.866523799225371,16.862060813295248,15.866523799225371,7.869156761936063,-0.68325,12.407434028453354,0.4029842099932789,0.8086137294722223,0.808615,285.012933,0.808615,1007,1,1,0.05085913436665467,0.050863,16.902521,0.050863,5.848800452165287,5.849245,1709.1777488200003,5.849245,1.576553980871022,34,33,0,0,5,
09:11:51.719,15.86970442451184,15.868575465588634,16.86206146208737,15.868575465588634,7.869156761936063,-0.68325,12.407434028453354,0.2978139729731591,0.8086137294722223,0.808615,285.012933,0.808615,894,0.9,1,0.05095329489711625,0.050957,16.902615,0.050957,5.859628913168369,5.860055,1709.1885588200003,5.860055,1.1651072002490612,34,33,0,0,5,
09:11:51.942,15.86970442451184,15.868575465588634,16.86206146208737,15.868575465588634,7.86035981868358,-0.68325,16.789004055396127,0.2978139729731591,0.8101938639166668,0.810195,285.014513,0.810195,894,0.9,1,0.05095329489711625,0.050957,16.902615,0.050957,5.859628913168369,5.860055,1709.1885588200003,5.860055,1.1651072002490612,34,33,0,0,5,
09:11:52.176,15.86970442451184,15.868575465588634,16.86206146208737,15.868575465588634,7.86035981868358,-0.67325,16.789004055396127,0.2978139729731591,0.8101938639166668,0.810195,285.014513,0.810195,894,0.9,1,0.05095329489711625,0.050957,16.902615,0.050957,5.859628913168369,5.860055,1709.1885588200003,5.860055,1.1651072002490612,34,34,0,0,5,
09:11:52.639,15.86970442451184,15.868575465588634,16.86206146208737,15.868575465588634,7.86035981868358,-0.67325,16.789004055396127,0.2978139729731591,0.8101938639166668,0.810195,285.014513,0.810195,894,0.9,1,0.05095329489711625,0.050957,16.902615,0.050957,5.859628913168369,5.860055,1709.1885588200003,5.860055,1.1651072002490612,34,34,0,0,5,
09:11:52.877,15.871296033605782,15.87030616442381,16.862061164278458,15.87030616442381,7.86035981868358,-0.67325,16.789004055396127,0.2934530606172373,0.8101938639166668,0.810195,285.014513,0.810195,855,0.9,1,0.051047744443879536,0.051051,16.902709,0.051051,5.870490611046146,5.870865,1709.1993688200002,5.870865,1.1480464480794592,34,34,0,0,5,
09:11:53.095,15.871296033605782,15.87030616442381,16.862061164278458,15.87030616442381,7.851510799345649,-0.67325,17.03850009089427,0.2934530606172373,0.811793188638889,0.811794,285.016112,0.811794,855,0.9,1,0.051047744443879536,0.051051,16.902709,0.051051,5.870490611046146,5.870865,1709.1993688200002,5.870865,1.1480464480794592,34,34,0,0,5,
09:11:53.333,15.871296033605782,15.87030616442381,16.862061164278458,15.87030616442381,7.851510799345649,-0.65325,17.03850009089427,0.2934530606172373,0.811793188638889,0.811794,285.016112,0.811794,855,0.9,1,0.051047744443879536,0.051051,16.902709,0.051051,5.870490611046146,5.870865,1709.1993688200002,5.870865,1.1480464480794592,34,36,0,0,5,
09:11:53.779,15.871296033605782,15.87030616442381,16.862061164278458,15.87030616442381,7.851510799345649,-0.65325,17.03850009089427,0.2934530606172373,0.811793188638889,0.811794,285.016112,0.811794,855,0.9,1,0.051047744443879536,0.051051,16.902709,0.051051,5.870490611046146,5.870865,1709.1993688200002,5.870865,1.1480464480794592,34,36,0,0,5,
09:11:54.025,15.869735892758674,15.86867877318842,16.862050019479003,15.86867877318842,7.851510799345649,-0.65325,17.03850009089427,0.3317927484130497,0.811793188638889,0.811794,285.016112,0.811794,913,0.9,1,0.05115354118837658,0.051157,16.902815,0.051157,5.882657236663307,5.883055,1709.2115588200002,5.883055,1.298038894237209,34,36,0,0,5,
09:11:54.256,15.869735892758674,15.86867877318842,16.862050019479003,15.86867877318842,7.827129772963045,-0.65325,17.03850009089427,0.3317927484130497,0.811793188638889,0.811794,285.016112,0.811794,913,0.9,1,0.05115354118837658,0.051157,16.902815,0.051157,5.882657236663307,5.883055,1709.2115588200002,5.883055,1.298038894237209,34,36,0,-0.030798549894127534,0,
09:11:54.477,15.869735892758674,15.86867877318842,16.862050019479003,15.86867877318842,7.827129772963045,-0.68325,17.03850009089427,0.3317927484130497,0.811793188638889,0.811794,285.016112,0.811794,913,0.9,1,0.05115354118837658,0.051157,16.902815,0.051157,5.882657236663307,5.883055,1709.2115588200002,5.883055,1.298038894237209,34,33,0,-0.030798549894127534,0,
09:11:54.911,15.869735892758674,15.86867877318842,16.862050019479003,15.86867877318842,7.827129772963045,-0.68325,17.03850009089427,0.3317927484130497,0.811793188638889,0.811794,285.016112,0.811794,913,0.9,1,0.05115354118837658,0.051157,16.902815,0.051157,5.882657236663307,5.883055,1709.2115588200002,5.883055,1.298038894237209,34,33,0,-0.030798549894127534,0,
09:11:55.157,15.839127558342797,15.838028718589044,16.861951258818454,15.838028718589044,7.827129772963045,-0.68325,17.03850009089427,0.31480336069310444,0.811793188638889,0.811794,285.016112,0.811794,945,0.9,1,0.05125239288898211,0.051256,16.902914,0.051256,5.894025182232943,5.89444,1709.2229438200002,5.89444,1.2315730472431352,34,33,0,-0.030798549894127534,0,
09:11:55.380,15.839127558342797,15.838028718589044,16.861951258818454,15.838028718589044,7.80361173325699,-0.68325,17.03850009089427,0.31480336069310444,0.811793188638889,0.811794,285.016112,0.811794,945,0.9,1,0.05125239288898211,0.051256,16.902914,0.051256,5.894025182232943,5.89444,1709.2229438200002,5.89444,1.2315730472431352,34,33,0,-0.030966998505712207,0,
09:11:55.611,15.839127558342797,15.838028718589044,16.861951258818454,15.838028718589044,7.80361173325699,-0.57325,17.03850009089427,0.31480336069310444,0.811793188638889,0.811794,285.016112,0.811794,945,0.9,1,0.05125239288898211,0.051256,16.902914,0.051256,5.894025182232943,5.89444,1709.2229438200002,5.89444,1.2315730472431352,34,44,0,-0.030966998505712207,0,
09:11:56.075,15.839127558342797,15.838028718589044,16.861951258818454,15.838028718589044,7.80361173325699,-0.57325,17.03850009089427,0.31480336069310444,0.811793188638889,0.811794,285.016112,0.811794,945,0.9,1,0.05125239288898211,0.051256,16.902914,0.051256,5.894025182232943,5.89444,1709.2229438200002,5.89444,1.2315730472431352,34,44,0,-0.030966998505712207,0,
09:11:56.287,15.802720700031838,15.801650640401759,16.86183354560294,15.801650640401759,7.80361173325699,-0.57325,17.03850009089427,0.3766536153336896,0.811793188638889,0.811794,285.016112,0.811794,848,0.8,1,0.051370469936689665,0.051374,16.903032,0.051374,5.907604042719312,5.90801,1709.2365138200003,5.90801,1.4735434836856134,34,44,0,-0.030966998505712207,0,
09:11:56.506,15.802720700031838,15.801650640401759,16.86183354560294,15.801650640401759,7.780236841849628,-0.57325,17.03850009089427,0.3766536153336896,0.811793188638889,0.811794,285.016112,0.811794,848,0.8,1,0.051370469936689665,0.051374,16.903032,0.051374,5.907604042719312,5.90801,1709.2365138200003,5.90801,1.4735434836856134,34,44,0,-0.031029892951800885,0,
09:11:56.769,15.802720700031838,15.801650640401759,16.86183354560294,15.801650640401759,7.780236841849628,-0.55325,17.03850009089427,0.3766536153336896,0.811793188638889,0.811794,285.016112,0.811794,848,0.8,1,0.051370469936689665,0.051374,16.903032,0.051374,5.907604042719312,5.90801,1709.2365138200003,5.90801,1.4735434836856134,34,46,0,-0.031029892951800885,0,
09:11:57.211,15.802720700031838,15.801650640401759,16.86183354560294,15.801650640401759,7.780236841849628,-0.55325,17.03850009089427,0.3766536153336896,0.811793188638889,0.811794,285.016112,0.811794,848,0.8,1,0.051370469936689665,0.051374,16.903032,0.051374,5.907604042719312,5.90801,1709.2365138200003,5.90801,1.4735434836856134,34,46,0,-0.031029892951800885,0,
09:11:57.442,15.763866604325967,15.762684219723889,16.86170685609714,15.762684219723889,7.780236841849628,-0.55325,17.03850009089427,0.3937742342124937,0.811793188638889,0.811794,285.016112,0.811794,848,0.8,1,0.05149708564624077,0.051501,16.903159,0.051501,5.922164849317689,5.9226149999999995,1709.25111882,5.9226149999999995,1.54052273294405,34,46,0,-0.031029892951800885,0,
09:11:57.668,15.763866604325967,15.762684219723889,16.86170685609714,15.762684219723889,7.75621194718076,-0.55325,17.03850009089427,0.3937742342124937,0.811793188638889,0.811794,285.016112,0.811794,848,0.8,1,0.05149708564624077,0.051501,16.903159,0.051501,5.922164849317689,5.9226149999999995,1709.25111882,5.9226149999999995,1.54052273294405,34,46,0,-0.03096697954698561,0,
09:11:57.904,15.763866604325967,15.762684219723889,16.86170685609714,15.762684219723889,7.75621194718076,-0.57325,17.03850009089427,0.3937742342124937,0.811793188638889,0.811794,285.016112,0.811794,848,0.8,1,0.05149708564624077,0.051501,16.903159,0.051501,5.922164849317689,5.9226149999999995,1709.25111882,5.9226149999999995,1.54052273294405,34,44,0,-0.03096697954698561,0,
09:11:58.345,15.763866604325967,15.762684219723889,16.86170685609714,15.762684219723889,7.75621194718076,-0.57325,17.03850009089427,0.3937742342124937,0.811793188638889,0.811794,285.016112,0.811794,848,0.8,1,0.05149708564624077,0.051501,16.903159,0.051501,5.922164849317689,5.9226149999999995,1709.25111882,5.9226149999999995,1.54052273294405,34,44,0,-0.03096697954698561,0,
09:11:58.589,15.724919799204727,15.723604950705997,16.861579170962433,15.723604950705997,7.75621194718076,-0.57325,17.03850009089427,0.4001944662920452,0.811793188638889,0.811794,285.016112,0.811794,901,0.9,1,0.05162463141337896,0.051629,16.903287,0.051629,5.936832612538581,5.937335,1709.2658388200002,5.937335,1.5656399514159638,34,44,0,-0.03096697954698561,0,
09:11:58.812,15.724919799204727,15.723604950705997,16.861579170962433,15.723604950705997,7.732661749292356,-0.57325,17.03850009089427,0.4001944662920452,0.811793188638889,0.811794,285.016112,0.811794,901,0.9,1,0.05162463141337896,0.051629,16.903287,0.051629,5.936832612538581,5.937335,1709.2658388200002,5.937335,1.5656399514159638,34,44,0,0,0,
09:11:59.046,15.724919799204727,15.723604950705997,16.861579170962433,15.723604950705997,7.732661749292356,-0.56325,17.03850009089427,0.4001944662920452,0.811793188638889,0.811794,285.016112,0.811794,901,0.9,1,0.05162463141337896,0.051629,16.903287,0.051629,5.936832612538581,5.937335,1709.2658388200002,5.937335,1.5656399514159638,34,45,0,0,0,
09:11:59.508,15.724919799204727,15.723604950705997,16.861579170962433,15.723604950705997,7.732661749292356,-0.56325,17.03850009089427,0.4001944662920452,0.811793188638889,0.811794,285.016112,0.811794,901,0.9,1,0.05162463141337896,0.051629,16.903287,0.051629,5.936832612538581,5.937335,1709.2658388200002,5.937335,1.5656399514159638,34,45,0,0,0,
09:11:59.723,15.689131532293475,15.687750014493592,16.861461462941936,15.687750014493592,7.732661749292356,-0.56325,17.03850009089427,0.37431164388328725,0.811793188638889,0.811794,285.016112,0.811794,824,0.8,1,0.05174239166571759,0.051747,16.903405,0.051747,5.950375041557523,5.9509050000000006,1709.27940882,5.9509050000000006,1.4643812278908281,34,45,0,0,0,
09:11:59.964,15.689131532293475,15.687750014493592,16.861461462941936,15.687750014493592,7.709246668030639,-0.56325,17.03850009089427,0.37431164388328725,0.811793188638889,0.811794,285.016112,0.811794,824,0.8,1,0.05174239166571759,0.051747,16.903405,0.051747,5.950375041557523,5.9509050000000006,1709.27940882,5.9509050000000006,1.4643812278908281,34,45,0,0,0,
09:12:00.192,15.689131532293475,15.687750014493592,16.861461462941936,15.687750014493592,7.709246668030639,-0.57325,17.03850009089427,0.37431164388328725,0.811793188638889,0.811794,285.016112,0.811794,824,0.8,1,0.05174239166571759,0.051747,16.903405,0.051747,5.950375041557523,5.9509050000000006,1709.27940882,5.9509050000000006,1.4643812278908281,34,44,0,0,0,
09:12:00.655,15.689131532293475,15.687750014493592,16.861461462941936,15.687750014493592,7.709246668030639,-0.57325,17.03850009089427,0.37431164388328725,0.811793188638889,0.811794,285.016112,0.811794,824,0.8,1,0.05174239166571759,0.051747,16.903405,0.051747,5.950375041557523,5.9509050000000006,1709.27940882,5.9509050000000006,1.4643812278908281,34,44,0,0,0,
09:12:00.895,15.650824066274051,15.649342637930369,16.861334779027246,15.649342637930369,7.709246668030639,-0.57325,17.03850009089427,0.3890902913116888,0.811793188638889,0.811794,285.016112,0.811794,876,0.9,1,0.05186903802645265,0.051874,16.903532000000002,0.051874,5.964939373042055,5.96551,1709.2940138200001,5.96551,1.5221982213544782,34,44,0,0,0,
09:12:01.131,15.650824066274051,15.649342637930369,16.861334779027246,15.649342637930369,7.685568422490024,-0.57325,17.03850009089427,0.3890902913116888,0.811793188638889,0.811794,285.016112,0.811794,876,0.9,1,0.05186903802645265,0.051874,16.903532000000002,0.051874,5.964939373042055,5.96551,1709.2940138200001,5.96551,1.5221982213544782,34,44,0,0,0,
09:12:01.331,15.650824066274051,15.649342637930369,16.861334779027246,15.649342637930369,7.685568422490024,-0.56325,17.03850009089427,0.3890902913116888,0.811793188638889,0.811794,285.016112,0.811794,876,0.9,1,0.05186903802645265,0.051874,16.903532000000002,0.051874,5.964939373042055,5.96551,1709.2940138200001,5.96551,1.5221982213544782,34,45,0,0,0,
09:12:01.776,15.650824066274051,15.649342637930369,16.861334779027246,15.649342637930369,7.685568422490024,-0.56325,17.03850009089427,0.3890902913116888,0.811793188638889,0.811794,285.016112,0.811794,876,0.9,1,0.05186903802645265,0.051874,16.903532000000002,0.051874,5.964939373042055,5.96551,1709.2940138200001,5.96551,1.5221982213544782,34,45,0,0,0,
09:12:02.002,15.614741779090396,15.61322460283879,16.86121507943964,15.61322460283879,7.685568422490024,-0.56325,17.03850009089427,0.3893022801067683,0.811793188638889,0.811794,285.016112,0.811794,857,0.9,1,0.05198889614210312,0.051994,16.903652,0.051994,5.978723056341859,5.97931,1709.30781382,5.97931,1.523027563473834,34,45,0,0,0,
09:12:02.243,15.614741779090396,15.61322460283879,16.86121507943964,15.61322460283879,7.663184209500013,-0.56325,17.03850009089427,0.3893022801067683,0.811793188638889,0.811794,285.016112,0.811794,857,0.9,1,0.05198889614210312,0.051994,16.903652,0.051994,5.978723056341859,5.97931,1709.30781382,5.97931,1.523027563473834,34,45,0,0,0,
09:12:02.463,15.614741779090396,15.61322460283879,16.86121507943964,15.61322460283879,7.663184209500013,-0.57325,17.03850009089427,0.3893022801067683,0.811793188638889,0.811794,285.016112,0.811794,857,0.9,1,0.05198889614210312,0.051994,16.903652,0.051994,5.978723056341859,5.97931,1709.30781382,5.97931,1.523027563473834,34,44,0,0,0,
09:12:02.936,15.614741779090396,15.61322460283879,16.86121507943964,15.61322460283879,7.663184209500013,-0.57325,17.03850009089427,0.3893022801067683,0.811793188638889,0.811794,285.016112,0.811794,857,0.9,1,0.05198889614210312,0.051994,16.903652,0.051994,5.978723056341859,5.97931,1709.30781382,5.97931,1.523027563473834,34,44,0,0,0,
09:12:03.162,15.578556376159806,15.576973999808116,16.861094384076264,15.576973999808116,7.663184209500013,-0.57325,17.03850009089427,0.37487694733683263,0.811793188638889,0.811794,285.016112,0.811794,844,0.8,1,0.052109654388849104,0.052115,16.903773,0.052115,5.992610254717647,5.993225,1709.32172882,5.993225,1.4665928068757763,34,44,0,0,0,
09:12:03.404,15.578556376159806,15.576973999808116,16.861094384076264,15.576973999808116,7.639943171184841,-0.57325,17.03850009089427,0.37487694733683263,0.811793188638889,0.811794,285.016112,0.811794,844,0.8,1,0.052109654388849104,0.052115,16.903773,0.052115,5.992610254717647,5.993225,1709.32172882,5.993225,1.4665928068757763,34,44,0,0,0,
09:12:03.619,15.578556376159806,15.576973999808116,16.861094384076264,15.576973999808116,7.639943171184841,-0.57325,17.03850009089427,0.37487694733683263,0.811793188638889,0.811794,285.016112,0.811794,844,0.8,1,0.052109654388849104,0.052115,16.903773,0.052115,5.992610254717647,5.993225,1709.32172882,5.993225,1.4665928068757763,34,44,0,0,0,
09:12:04.078,15.578556376159806,15.576973999808116,16.861094384076264,15.576973999808116,7.639943171184841,-0.57325,17.03850009089427,0.37487694733683263,0.811793188638889,0.811794,285.016112,0.811794,844,0.8,1,0.052109654388849104,0.052115,16.903773,0.052115,5.992610254717647,5.993225,1709.32172882,5.993225,1.4665928068757763,34,44,0,0,0,
09:12:04.310,15.542056580795744,15.54059383195819,16.86097269297993,15.54059383195819,7.639943171184841,-0.57325,17.03850009089427,0.3837602873211178,0.811793188638889,0.811794,285.016112,0.811794,864,0.9,1,0.05223203148301277,0.052237,16.903895000000002,0.052237,6.006683620546468,6.007255,1709.3357588200001,6.007255,1.501346190924965,34,44,0,0,0,
09:12:04.537,15.542056580795744,15.54059383195819,16.86097269297993,15.54059383195819,7.617322022622453,-0.57325,17.03850009089427,0.3837602873211178,0.811793188638889,0.811794,285.016112,0.811794,864,0.9,1,0.05223203148301277,0.052237,16.903895000000002,0.052237,6.006683620546468,6.007255,1709.3357588200001,6.007255,1.501346190924965,34,44,0,0,0,
09:12:04.778,15.542056580795744,15.54059383195819,16.86097269297993,15.54059383195819,7.617322022622453,-0.57325,17.03850009089427,0.3837602873211178,0.811793188638889,0.811794,285.016112,0.811794,864,0.9,1,0.05223203148301277,0.052237,16.903895000000002,0.052237,6.006683620546468,6.007255,1709.3357588200001,6.007255,1.501346190924965,34,44,0,0,0,
09:12:05.217,15.542056580795744,15.54059383195819,16.86097269297993,15.54059383195819,7.617322022622453,-0.57325,17.03850009089427,0.3837602873211178,0.811793188638889,0.811794,285.016112,0.811794,864,0.9,1,0.05223203148301277,0.052237,16.903895000000002,0.052237,6.006683620546468,6.007255,1709.3357588200001,6.007255,1.501346190924965,34,44,0,0,0,
09:12:05.447,15.507507762276187,15.506160105438084,16.860856988320702,15.506160105438084,7.617322022622453,-0.57325,17.03850009089427,0.368658609347833,0.811793188638889,0.811794,285.016112,0.811794,830,0.8,1,0.052348398020065495,0.052353,16.904011,0.052353,6.020065772307532,6.020594999999999,1709.34909882,6.020594999999999,1.4422654380413438,34,44,0,0,0,
09:12:05.678,15.507507762276187,15.506160105438084,16.860856988320702,15.506160105438084,7.594788602968465,-0.57325,17.03850009089427,0.368658609347833,0.811793188638889,0.811794,285.016112,0.811794,830,0.8,1,0.052348398020065495,0.052353,16.904011,0.052353,6.020065772307532,6.020594999999999,1709.34909882,6.020594999999999,1.4422654380413438,34,44,0,0,0,
09:12:05.917,15.507507762276187,15.506160105438084,16.860856988320702,15.506160105438084,7.594788602968465,-0.57325,17.03850009089427,0.368658609347833,0.811793188638889,0.811794,285.016112,0.811794,830,0.8,1,0.052348398020065495,0.052353,16.904011,0.052353,6.020065772307532,6.020594999999999,1709.34909882,6.020594999999999,1.4422654380413438,34,44,0,0,0,
09:12:06.365,15.507507762276187,15.506160105438084,16.860856988320702,15.506160105438084,7.594788602968465,-0.57325,17.03850009089427,0.368658609347833,0.811793188638889,0.811794,285.016112,0.811794,830,0.8,1,0.052348398020065495,0.052353,16.904011,0.052353,6.020065772307532,6.020594999999999,1709.34909882,6.020594999999999,1.4422654380413438,34,44,0,0,0,
09:12:06.587,15.470809870118043,15.469519980181794,16.860733305785832,15.469519980181794,7.594788602968465,-0.57325,17.03850009089427,0.3921994603061886,0.811793188638889,0.811794,285.016112,0.811794,883,0.9,1,0.05247257224761532,0.052477,16.904135,0.052477,6.034345808475762,6.034855,1709.3633588200003,6.034855,1.5343619057716942,34,44,0,0,0,
09:12:06.827,15.470809870118043,15.469519980181794,16.860733305785832,15.469519980181794,7.572167083559056,-0.57325,17.03850009089427,0.3921994603061886,0.811793188638889,0.811794,285.016112,0.811794,883,0.9,1,0.05247257224761532,0.052477,16.904135,0.052477,6.034345808475762,6.034855,1709.3633588200003,6.034855,1.5343619057716942,34,44,0,0,0,
09:12:07.064,15.470809870118043,15.469519980181794,16.860733305785832,15.469519980181794,7.572167083559056,-0.57325,17.03850009089427,0.3921994603061886,0.811793188638889,0.811794,285.016112,0.811794,883,0.9,1,0.05247257224761532,0.052477,16.904135,0.052477,6.034345808475762,6.034855,1709.3633588200003,6.034855,1.5343619057716942,34,44,0,0,0,
09:12:07.523,15.470809870118043,15.469519980181794,16.860733305785832,15.469519980181794,7.572167083559056,-0.57325,17.03850009089427,0.3921994603061886,0.811793188638889,0.811794,285.016112,0.811794,883,0.9,1,0.05247257224761532,0.052477,16.904135,0.052477,6.034345808475762,6.034855,1709.3633588200003,6.034855,1.5343619057716942,34,44,0,0,0,
09:12:07.753,15.435722392887513,15.434519735341091,16.86061461215621,15.434519735341091,7.572167083559056,-0.57325,17.03850009089427,0.3682144423486188,0.811793188638889,0.811794,285.016112,0.811794,829,0.8,1,0.05259184947592397,0.052596,16.904254,0.052596,6.048062689731257,6.04854,1709.3770438200002,6.04854,1.4405277688388838,34,44,0,0,0,
09:12:07.973,15.435722392887513,15.434519735341091,16.86061461215621,15.434519735341091,7.549752021691577,-0.57325,17.03850009089427,0.3682144423486188,0.811793188638889,0.811794,285.016112,0.811794,829,0.8,1,0.05259184947592397,0.052596,16.904254,0.052596,6.048062689731257,6.04854,1709.3770438200002,6.04854,1.4405277688388838,34,44,0,0,0,
09:12:08.197,15.435722392887513,15.434519735341091,16.86061461215621,15.434519735341091,7.549752021691577,-0.56325,17.03850009089427,0.3682144423486188,0.811793188638889,0.811794,285.016112,0.811794,829,0.8,1,0.05259184947592397,0.052596,16.904254,0.052596,6.048062689731257,6.04854,1709.3770438200002,6.04854,1.4405277688388838,34,45,0,0,0,
09:12:08.647,15.435722392887513,15.434519735341091,16.86061461215621,15.434519735341091,7.549752021691577,-0.56325,17.03850009089427,0.3682144423486188,0.811793188638889,0.811794,285.016112,0.811794,829,0.8,1,0.05259184947592397,0.052596,16.904254,0.052596,6.048062689731257,6.04854,1709.3770438200002,6.04854,1.4405277688388838,34,45,0,0,0,
09:12:08.884,15.399522109670569,15.398216995447648,16.860490933177193,15.398216995447648,7.549752021691577,-0.56325,17.03850009089427,0.3929363737367031,0.811793188638889,0.811794,285.016112,0.811794,865,0.9,1,0.05271547927640563,0.05272,16.904378,0.05272,6.062280116786647,6.0628,1709.39130382,6.0628,1.5372448569485018,34,45,0,0,0,
09:12:09.108,15.399522109670569,15.398216995447648,16.860490933177193,15.398216995447648,7.527683599483351,-0.56325,17.03850009089427,0.3929363737367031,0.811793188638889,0.811794,285.016112,0.811794,865,0.9,1,0.05271547927640563,0.05272,16.904378,0.05272,6.062280116786647,6.0628,1709.39130382,6.0628,1.5372448569485018,34,45,0,0,0,
09:12:09.342,15.399522109670569,15.398216995447648,16.860490933177193,15.398216995447648,7.527683599483351,-0.56325,17.03850009089427,0.3929363737367031,0.811793188638889,0.811794,285.016112,0.811794,865,0.9,1,0.05271547927640563,0.05272,16.904378,0.05272,6.062280116786647,6.0628,1709.39130382,6.0628,1.5372448569485018,34,45,0,0,0,
09:12:09.790,15.399522109670569,15.398216995447648,16.860490933177193,15.398216995447648,7.527683599483351,-0.56325,17.03850009089427,0.3929363737367031,0.811793188638889,0.811794,285.016112,0.811794,865,0.9,1,0.05271547927640563,0.05272,16.904378,0.05272,6.062280116786647,6.0628,1709.39130382,6.0628,1.5372448569485018,34,45,0,0,0,
09:12:09.999,15.36491806208941,15.363538295577131,16.860372242959965,15.363538295577131,7.527683599483351,-0.56325,17.03850009089427,0.38339687795812427,0.811793188638889,0.811794,285.016112,0.811794,844,0.8,1,0.05283420226248163,0.052839,16.904497,0.052839,6.075933260185388,6.076485,1709.4049888200002,6.076485,1.4999244615774978,34,45,0,0,0,
09:12:10.239,15.36491806208941,15.363538295577131,16.860372242959965,15.363538295577131,7.505812751361894,-0.56325,17.03850009089427,0.38339687795812427,0.811793188638889,0.811794,285.016112,0.811794,844,0.8,1,0.05283420226248163,0.052839,16.904497,0.052839,6.075933260185388,6.076485,1709.4049888200002,6.076485,1.4999244615774978,34,45,0,0,0,
09:12:10.470,15.36491806208941,15.363538295577131,16.860372242959965,15.363538295577131,7.505812751361894,-0.57325,17.03850009089427,0.38339687795812427,0.811793188638889,0.811794,285.016112,0.811794,844,0.8,1,0.05283420226248163,0.052839,16.904497,0.052839,6.075933260185388,6.076485,1709.4049888200002,6.076485,1.4999244615774978,34,44,0,0,0,
09:12:10.935,15.36491806208941,15.363538295577131,16.860372242959965,15.363538295577131,7.505812751361894,-0.57325,17.03850009089427,0.38339687795812427,0.811793188638889,0.811794,285.016112,0.811794,844,0.8,1,0.05283420226248163,0.052839,16.904497,0.052839,6.075933260185388,6.076485,1709.4049888200002,6.076485,1.4999244615774978,34,44,0,0,0,
09:12:11.163,15.32936463677605,15.327857709301009,16.86024956491184,15.327857709301009,7.505812751361894,-0.57325,17.03850009089427,0.37931861732897515,0.811793188638889,0.811794,285.016112,0.811794,854,0.9,1,0.052956740730881253,0.052962,16.90462,0.052962,6.090025184051344,6.09063,1709.41913382,6.09063,1.48396949890037,34,44,0,0,0,
09:12:11.398,15.32936463677605,15.327857709301009,16.86024956491184,15.327857709301009,7.48353536858964,-0.57325,17.03850009089427,0.37931861732897515,0.811793188638889,0.811794,285.016112,0.811794,854,0.9,1,0.052956740730881253,0.052962,16.90462,0.052962,6.090025184051344,6.09063,1709.41913382,6.09063,1.48396949890037,34,44,0,0,0,
09:12:11.630,15.32936463677605,15.327857709301009,16.86024956491184,15.327857709301009,7.48353536858964,-0.56325,17.03850009089427,0.37931861732897515,0.811793188638889,0.811794,285.016112,0.811794,854,0.9,1,0.052956740730881253,0.052962,16.90462,0.052962,6.090025184051344,6.09063,1709.41913382,6.09063,1.48396949890037,34,45,0,0,0,
09:12:12.095,15.32936463677605,15.327857709301009,16.86024956491184,15.327857709301009,7.48353536858964,-0.56325,17.03850009089427,0.37931861732897515,0.811793188638889,0.811794,285.016112,0.811794,854,0.9,1,0.052956740730881253,0.052962,16.90462,0.052962,6.090025184051344,6.09063,1709.41913382,6.09063,1.48396949890037,34,45,0,0,0,
09:12:12.315,15.293283030460485,15.291766345809709,16.860124893927708,15.291766345809709,7.48353536858964,-0.56325,17.03850009089427,0.3906650652179939,0.811793188638889,0.811794,285.016112,0.811794,860,0.9,1,0.053081682136006725,0.053087,16.904745000000002,0.053087,6.104393445640773,6.105005,1709.43350882,6.105005,1.5283590485268344,34,45,0,0,0,
09:12:12.551,15.293283030460485,15.291766345809709,16.860124893927708,15.291766345809709,7.461504214671438,-0.56325,17.03850009089427,0.3906650652179939,0.811793188638889,0.811794,285.016112,0.811794,860,0.9,1,0.053081682136006725,0.053087,16.904745000000002,0.053087,6.104393445640773,6.105005,1709.43350882,6.105005,1.5283590485268344,34,45,0,0,0,
09:12:12.798,15.293283030460485,15.291766345809709,16.860124893927708,15.291766345809709,7.461504214671438,-0.56325,17.03850009089427,0.3906650652179939,0.811793188638889,0.811794,285.016112,0.811794,860,0.9,1,0.053081682136006725,0.053087,16.904745000000002,0.053087,6.104393445640773,6.105005,1709.43350882,6.105005,1.5283590485268344,34,45,0,0,0,
09:12:13.247,15.293283030460485,15.291766345809709,16.860124893927708,15.291766345809709,7.461504214671438,-0.56325,17.03850009089427,0.3906650652179939,0.811793188638889,0.811794,285.016112,0.811794,860,0.9,1,0.053081682136006725,0.053087,16.904745000000002,0.053087,6.104393445640773,6.105005,1709.43350882,6.105005,1.5283590485268344,34,45,0,0,0,
09:12:13.469,15.257745124005899,15.256131251057111,16.860001222133103,15.256131251057111,7.461504214671438,-0.56325,17.03850009089427,0.38521392477309163,0.811793188638889,0.811794,285.016112,0.811794,848,0.8,1,0.05320531848193266,0.053211,16.904869,0.053211,6.118611625422256,6.119265,1709.4477688200002,6.119265,1.507033108314832,34,45,0,0,0,
09:12:13.686,15.257745124005899,15.256131251057111,16.860001222133103,15.256131251057111,7.4399136915011805,-0.56325,17.03850009089427,0.38521392477309163,0.811793188638889,0.811794,285.016112,0.811794,848,0.8,1,0.05320531848193266,0.053211,16.904869,0.053211,6.118611625422256,6.119265,1709.4477688200002,6.119265,1.507033108314832,34,45,0,0,0,
09:12:13.932,15.257745124005899,15.256131251057111,16.860001222133103,15.256131251057111,7.4399136915011805,-0.57325,17.03850009089427,0.38521392477309163,0.811793188638889,0.811794,285.016112,0.811794,848,0.8,1,0.05320531848193266,0.053211,16.904869,0.053211,6.118611625422256,6.119265,1709.4477688200002,6.119265,1.507033108314832,34,44,0,0,0,
09:12:14.394,15.257745124005899,15.256131251057111,16.860001222133103,15.256131251057111,7.4399136915011805,-0.57325,17.03850009089427,0.38521392477309163,0.811793188638889,0.811794,285.016112,0.811794,848,0.8,1,0.05320531848193266,0.053211,16.904869,0.053211,6.118611625422256,6.119265,1709.4477688200002,6.119265,1.507033108314832,34,44,0,0,0,
09:12:14.616,15.224271000905242,15.2226597659766,16.859884533474325,15.2226597659766,7.4399136915011805,-0.57325,17.03850009089427,0.36732610835019025,0.811793188638889,0.811794,285.016112,0.811794,827,0.8,1,0.053322302827545534,0.053328,16.904986,0.053328,6.1320648251677365,6.13272,1709.4612238200002,6.13272,1.4370524304339647,34,44,0,0,0,
09:12:14.858,15.224271000905242,15.2226597659766,16.859884533474325,15.2226597659766,7.417829665572807,-0.57325,17.03850009089427,0.36732610835019025,0.811793188638889,0.811794,285.016112,0.811794,827,0.8,1,0.053322302827545534,0.053328,16.904986,0.053328,6.1320648251677365,6.13272,1709.4612238200002,6.13272,1.4370524304339647,34,44,0,0,0,
09:12:15.080,15.224271000905242,15.2226597659766,16.859884533474325,15.2226597659766,7.417829665572807,-0.56325,17.03850009089427,0.36732610835019025,0.811793188638889,0.811794,285.016112,0.811794,827,0.8,1,0.053322302827545534,0.053328,16.904986,0.053328,6.1320648251677365,6.13272,1709.4612238200002,6.13272,1.4370524304339647,34,45,0,0,0,
09:12:15.528,15.224271000905242,15.2226597659766,16.859884533474325,15.2226597659766,7.417829665572807,-0.56325,17.03850009089427,0.36732610835019025,0.811793188638889,0.811794,285.016112,0.811794,827,0.8,1,0.053322302827545534,0.053328,16.904986,0.053328,6.1320648251677365,6.13272,1709.4612238200002,6.13272,1.4370524304339647,34,45,0,0,0,
09:12:15.748,15.1905645875737,15.189050630542978,16.85976684911255,15.189050630542978,7.417829665572807,-0.56325,17.03850009089427,0.37658295240199646,0.811793188638889,0.811794,285.016112,0.811794,829,0.8,1,0.05344061992948954,0.053446,16.905104,0.053446,6.145671291891297,6.1462900000000005,1709.47479382,6.1462900000000005,1.473267036312495,34,45,0,0,0,
09:12:15.996,15.1905645875737,15.189050630542978,16.85976684911255,15.189050630542978,7.39643055159338,-0.56325,17.03850009089427,0.37658295240199646,0.811793188638889,0.811794,285.016112,0.811794,829,0.8,1,0.05344061992948954,0.053446,16.905104,0.053446,6.145671291891297,6.1462900000000005,1709.47479382,6.1462900000000005,1.473267036312495,34,45,0,0,0,
09:12:16.217,15.1905645875737,15.189050630542978,16.85976684911255,15.189050630542978,7.39643055159338,-0.57325,17.03850009089427,0.37658295240199646,0.811793188638889,0.811794,285.016112,0.811794,829,0.8,1,0.05344061992948954,0.053446,16.905104,0.053446,6.145671291891297,6.1462900000000005,1709.47479382,6.1462900000000005,1.473267036312495,34,44,0,0,0,
09:12:16.680,15.1905645875737,15.189050630542978,16.85976684911255,15.189050630542978,7.39643055159338,-0.57325,17.03850009089427,0.37658295240199646,0.811793188638889,0.811794,285.016112,0.811794,829,0.8,1,0.05344061992948954,0.053446,16.905104,0.053446,6.145671291891297,6.1462900000000005,1709.47479382,6.1462900000000005,1.473267036312495,34,44,0,0,0,
09:12:16.901,15.156243599460778,15.154740791905464,16.859646174481558,15.154740791905464,7.39643055159338,-0.57325,17.03850009089427,0.3775419493321181,0.811793188638889,0.811794,285.016112,0.811794,850,0.8,1,0.05356163506554953,0.053567,16.905225,0.053567,6.1595880325381955,6.1602049999999995,1709.48870882,6.1602049999999995,1.4770188220905327,34,44,0,0,0,
09:12:17.117,15.156243599460778,15.154740791905464,16.859646174481558,15.154740791905464,7.3755166053307954,-0.57325,17.03850009089427,0.3775419493321181,0.811793188638889,0.811794,285.016112,0.811794,850,0.8,1,0.05356163506554953,0.053567,16.905225,0.053567,6.1595880325381955,6.1602049999999995,1709.48870882,6.1602049999999995,1.4770188220905327,34,44,0,0,0,
09:12:17.404,15.156243599460778,15.154740791905464,16.859646174481558,15.154740791905464,7.3755166053307954,-0.57325,17.03850009089427,0.3775419493321181,0.811793188638889,0.811794,285.016112,0.811794,850,0.8,1,0.05356163506554953,0.053567,16.905225,0.053567,6.1595880325381955,6.1602049999999995,1709.48870882,6.1602049999999995,1.4770188220905327,34,44,0,0,0,
09:12:17.821,15.156243599460778,15.154740791905464,16.859646174481558,15.154740791905464,7.3755166053307954,-0.57325,17.03850009089427,0.3775419493321181,0.811793188638889,0.811794,285.016112,0.811794,850,0.8,1,0.05356163506554953,0.053567,16.905225,0.053567,6.1595880325381955,6.1602049999999995,1709.48870882,6.1602049999999995,1.4770188220905327,34,44,0,0,0,
09:12:18.044,15.121947045938034,15.120585605721947,16.859525501578023,15.120585605721947,7.3755166053307954,-0.57325,17.03850009089427,0.38287195332268925,0.811793188638889,0.811794,285.016112,0.811794,862,0.9,1,0.053683112774617736,0.053688,16.905346,0.053688,6.17355796908104,6.17412,1709.50262382,6.17412,1.4978708525200457,34,44,0,0,0,
09:12:18.265,15.121947045938034,15.120585605721947,16.859525501578023,15.120585605721947,7.35423384084144,-0.57325,17.03850009089427,0.38287195332268925,0.811793188638889,0.811794,285.016112,0.811794,862,0.9,1,0.053683112774617736,0.053688,16.905346,0.053688,6.17355796908104,6.17412,1709.50262382,6.17412,1.4978708525200457,34,44,0,0,0,
09:12:18.511,15.121947045938034,15.120585605721947,16.859525501578023,15.120585605721947,7.35423384084144,-0.56325,17.03850009089427,0.38287195332268925,0.811793188638889,0.811794,285.016112,0.811794,862,0.9,1,0.053683112774617736,0.053688,16.905346,0.053688,6.17355796908104,6.17412,1709.50262382,6.17412,1.4978708525200457,34,45,0,0,0,
09:12:18.953,15.121947045938034,15.120585605721947,16.859525501578023,15.120585605721947,7.35423384084144,-0.56325,17.03850009089427,0.38287195332268925,0.811793188638889,0.811794,285.016112,0.811794,862,0.9,1,0.053683112774617736,0.053688,16.905346,0.053688,6.17355796908104,6.17412,1709.50262382,6.17412,1.4978708525200457,34,45,0,0,0,
09:12:19.189,15.087958583135526,15.086584028694082,16.859404830401907,15.086584028694082,7.35423384084144,-0.56325,17.03850009089427,0.37976278432818944,0.811793188638889,0.811794,285.016112,0.811794,836,0.8,1,0.05380404407699435,0.053809,16.905467,0.053809,6.18746506885435,6.188035,1709.51653882,6.188035,1.48570716810283,34,45,0,0,0,
09:12:19.416,15.087958583135526,15.086584028694082,16.859404830401907,15.086584028694082,7.332987045716588,-0.56325,17.03850009089427,0.37976278432818944,0.811793188638889,0.811794,285.016112,0.811794,836,0.8,1,0.05380404407699435,0.053809,16.905467,0.053809,6.18746506885435,6.188035,1709.51653882,6.188035,1.48570716810283,34,45,0,0,0,
09:12:19.651,15.087958583135526,15.086584028694082,16.859404830401907,15.086584028694082,7.332987045716588,-0.57325,17.03850009089427,0.37976278432818944,0.811793188638889,0.811794,285.016112,0.811794,836,0.8,1,0.05380404407699435,0.053809,16.905467,0.053809,6.18746506885435,6.188035,1709.51653882,6.188035,1.48570716810283,34,44,0,0,0,
09:12:20.102,15.087958583135526,15.086584028694082,16.859404830401907,15.086584028694082,7.332987045716588,-0.57325,17.03850009089427,0.37976278432818944,0.811793188638889,0.811794,285.016112,0.811794,836,0.8,1,0.05380404407699435,0.053809,16.905467,0.053809,6.18746506885435,6.188035,1709.51653882,6.188035,1.48570716810283,34,44,0,0,0,
09:12:20.325,15.054238788212485,15.052735026886706,16.85928416095317,15.052735026886706,7.332987045716588,-0.57325,17.03850009089427,0.3819836193242607,0.811793188638889,0.811794,285.016112,0.811794,860,0.9,1,0.053924559060038665,0.05393,16.905588,0.05393,6.201324291904447,6.20195,1709.53045382,6.20195,1.4943955141151273,34,44,0,0,0,
09:12:20.568,15.054238788212485,15.052735026886706,16.85928416095317,15.052735026886706,7.311835915779269,-0.57325,17.03850009089427,0.3819836193242607,0.811793188638889,0.811794,285.016112,0.811794,860,0.9,1,0.053924559060038665,0.05393,16.905588,0.05393,6.201324291904447,6.20195,1709.53045382,6.20195,1.4943955141151273,34,44,0,0,0,
09:12:20.793,15.054238788212485,15.052735026886706,16.85928416095317,15.052735026886706,7.311835915779269,-0.56325,17.03850009089427,0.3819836193242607,0.811793188638889,0.811794,285.016112,0.811794,860,0.9,1,0.053924559060038665,0.05393,16.905588,0.05393,6.201324291904447,6.20195,1709.53045382,6.20195,1.4943955141151273,34,45,0,0,0,
09:12:21.251,15.054238788212485,15.052735026886706,16.85928416095317,15.052735026886706,7.311835915779269,-0.56325,17.03850009089427,0.3819836193242607,0.811793188638889,0.811794,285.016112,0.811794,860,0.9,1,0.053924559060038665,0.05393,16.905588,0.05393,6.201324291904447,6.20195,1709.53045382,6.20195,1.4943955141151273,34,45,0,0,0,
09:12:21.494,15.01981537068724,15.018204018204019,16.859160501492042,15.018204018204019,7.311835915779269,-0.56325,17.03850009089427,0.38067130773567315,0.811793188638889,0.811794,285.016112,0.811794,838,0.8,1,0.054048146971446095,0.054054,16.905712,0.054054,6.215536901716301,6.216209999999999,1709.5447138200002,6.216209999999999,1.489261491471497,34,45,0,0,0,
09:12:21.713,15.01981537068724,15.018204018204019,16.859160501492042,15.018204018204019,7.290964521835481,-0.56325,17.03850009089427,0.38067130773567315,0.811793188638889,0.811794,285.016112,0.811794,838,0.8,1,0.054048146971446095,0.054054,16.905712,0.054054,6.215536901716301,6.216209999999999,1709.5447138200002,6.216209999999999,1.489261491471497,34,45,0,0,0,
09:12:21.951,15.01981537068724,15.018204018204019,16.859160501492042,15.018204018204019,7.290964521835481,-0.57325,17.03850009089427,0.38067130773567315,0.811793188638889,0.811794,285.016112,0.811794,838,0.8,1,0.054048146971446095,0.054054,16.905712,0.054054,6.215536901716301,6.216209999999999,1709.5447138200002,6.216209999999999,1.489261491471497,34,44,0,0,0,
09:12:22.390,15.01981537068724,15.018204018204019,16.859160501492042,15.018204018204019,7.290964521835481,-0.57325,17.03850009089427,0.38067130773567315,0.811793188638889,0.811794,285.016112,0.811794,838,0.8,1,0.054048146971446095,0.054054,16.905712,0.054054,6.215536901716301,6.216209999999999,1709.5447138200002,6.216209999999999,1.489261491471497,34,44,0,0,0,
09:12:22.627,14.987215788479306,14.985490659381231,16.859042827237705,14.985490659381231,7.290964521835481,-0.57325,17.03850009089427,0.3739886133384041,0.811793188638889,0.811794,285.016112,0.811794,842,0.8,1,0.054165710302437595,0.054172,16.90583,0.054172,6.229056684780323,6.22978,1709.55828382,6.22978,1.463117468470857,34,44,0,0,0,
09:12:22.841,14.987215788479306,14.985490659381231,16.859042827237705,14.985490659381231,7.270499469119572,-0.57325,17.03850009089427,0.3739886133384041,0.811793188638889,0.811794,285.016112,0.811794,842,0.8,1,0.054165710302437595,0.054172,16.90583,0.054172,6.229056684780323,6.22978,1709.55828382,6.22978,1.463117468470857,34,44,0,0,0,
09:12:23.066,14.987215788479306,14.985490659381231,16.859042827237705,14.985490659381231,7.270499469119572,-0.56325,17.03850009089427,0.3739886133384041,0.811793188638889,0.811794,285.016112,0.811794,842,0.8,1,0.054165710302437595,0.054172,16.90583,0.054172,6.229056684780323,6.22978,1709.55828382,6.22978,1.463117468470857,34,45,0,0,0,
09:12:23.538,14.987215788479306,14.985490659381231,16.859042827237705,14.985490659381231,7.270499469119572,-0.56325,17.03850009089427,0.3739886133384041,0.811793188638889,0.811794,285.016112,0.811794,842,0.8,1,0.054165710302437595,0.054172,16.90583,0.054172,6.229056684780323,6.22978,1709.55828382,6.22978,1.463117468470857,34,45,0,0,0,
09:12:23.761,14.954367257080873,14.952644084654915,16.85892415740755,14.952644084654915,7.270499469119572,-0.56325,17.03850009089427,0.3770372141057383,0.811793188638889,0.811794,285.016112,0.811794,830,0.8,1,0.05428468986238826,0.054291,16.905949,0.054291,6.24273933417465,6.243465,1709.5719688200002,6.243465,1.475044197996829,34,45,0,0,0,
09:12:24.001,14.954367257080873,14.952644084654915,16.85892415740755,14.952644084654915,7.249557800315075,-0.56325,17.03850009089427,0.3770372141057383,0.811793188638889,0.811794,285.016112,0.811794,830,0.8,1,0.05428468986238826,0.054291,16.905949,0.054291,6.24273933417465,6.243465,1709.5719688200002,6.243465,1.475044197996829,34,45,0,0,0,
09:12:24.222,14.954367257080873,14.952644084654915,16.85892415740755,14.952644084654915,7.249557800315075,-0.56325,17.03850009089427,0.3770372141057383,0.811793188638889,0.811794,285.016112,0.811794,830,0.8,1,0.05428468986238826,0.054291,16.905949,0.054291,6.24273933417465,6.243465,1709.5719688200002,6.243465,1.475044197996829,34,45,0,0,0,
09:12:24.693,14.954367257080873,14.952644084654915,16.85892415740755,14.952644084654915,7.249557800315075,-0.56325,17.03850009089427,0.3770372141057383,0.811793188638889,0.811794,285.016112,0.811794,830,0.8,1,0.05428468986238826,0.054291,16.905949,0.054291,6.24273933417465,6.243465,1709.5719688200002,6.243465,1.475044197996829,34,45,0,0,0,
09:12:24.926,14.919728117153529,14.918021941672638,16.858798508820055,14.918021941672638,7.249557800315075,-0.56325,17.03850009089427,0.38975654181051017,0.811793188638889,0.811794,285.016112,0.811794,858,0.9,1,0.05441072265288488,0.054417,16.906075,0.054417,6.257233105081761,6.257955,1709.5864588200002,6.257955,1.5248047251581671,34,45,0,0,0,
09:12:25.164,14.919728117153529,14.918021941672638,16.858798508820055,14.918021941672638,7.228684671572086,-0.56325,17.03850009089427,0.38975654181051017,0.811793188638889,0.811794,285.016112,0.811794,858,0.9,1,0.05441072265288488,0.054417,16.906075,0.054417,6.257233105081761,6.257955,1709.5864588200002,6.257955,1.5248047251581671,34,45,0,0,0,
09:12:25.392,14.919728117153529,14.918021941672638,16.858798508820055,14.918021941672638,7.228684671572086,-0.57325,17.03850009089427,0.38975654181051017,0.811793188638889,0.811794,285.016112,0.811794,858,0.9,1,0.05441072265288488,0.054417,16.906075,0.054417,6.257233105081761,6.257955,1709.5864588200002,6.257955,1.5248047251581671,34,44,0,0,0,
09:12:25.838,14.919728117153529,14.918021941672638,16.858798508820055,14.918021941672638,7.228684671572086,-0.57325,17.03850009089427,0.38975654181051017,0.811793188638889,0.811794,285.016112,0.811794,858,0.9,1,0.05441072265288488,0.054417,16.906075,0.054417,6.257233105081761,6.257955,1709.5864588200002,6.257955,1.5248047251581671,34,44,0,0,0,
09:12:26.061,14.886408212746606,14.884651350409799,16.858676850861258,14.884651350409799,7.228684671572086,-0.57325,17.03850009089427,0.38642528931640324,0.811793188638889,0.811794,285.016112,0.811794,870,0.9,1,0.05453250891936341,0.054539,16.906197,0.054539,6.271238525726792,6.271985,1709.6004888200002,6.271985,1.511772206139721,34,44,0,0,0,
09:12:26.285,14.886408212746606,14.884651350409799,16.858676850861258,14.884651350409799,7.208709624314353,-0.57325,17.03850009089427,0.38642528931640324,0.811793188638889,0.811794,285.016112,0.811794,870,0.9,1,0.05453250891936341,0.054539,16.906197,0.054539,6.271238525726792,6.271985,1709.6004888200002,6.271985,1.511772206139721,34,44,0,0,0,
09:12:26.514,14.886408212746606,14.884651350409799,16.858676850861258,14.884651350409799,7.208709624314353,-0.57325,17.03850009089427,0.38642528931640324,0.811793188638889,0.811794,285.016112,0.811794,870,0.9,1,0.05453250891936341,0.054539,16.906197,0.054539,6.271238525726792,6.271985,1709.6004888200002,6.271985,1.511772206139721,34,44,0,0,0,
09:12:26.989,14.886408212746606,14.884651350409799,16.858676850861258,14.884651350409799,7.208709624314353,-0.57325,17.03850009089427,0.38642528931640324,0.811793188638889,0.811794,285.016112,0.811794,870,0.9,1,0.05453250891936341,0.054539,16.906197,0.054539,6.271238525726792,6.271985,1709.6004888200002,6.271985,1.511772206139721,34,44,0,0,0,
09:12:27.227,14.853981641037164,14.852244868088844,16.858558186183203,14.852244868088844,7.208709624314353,-0.57325,17.03850009089427,0.36732610835019025,0.811793188638889,0.811794,285.016112,0.811794,827,0.8,1,0.054651554597061315,0.054658,16.906316,0.054658,6.284928778662051,6.28567,1709.6141738200001,6.28567,1.4370524304339647,34,44,0,0,0,
09:12:27.437,14.853981641037164,14.852244868088844,16.858558186183203,14.852244868088844,7.188291634297649,-0.57325,17.03850009089427,0.36732610835019025,0.811793188638889,0.811794,285.016112,0.811794,827,0.8,1,0.054651554597061315,0.054658,16.906316,0.054658,6.284928778662051,6.28567,1709.6141738200001,6.28567,1.4370524304339647,34,44,0,0,0,
09:12:27.654,14.853981641037164,14.852244868088844,16.858558186183203,14.852244868088844,7.188291634297649,-0.56325,17.03850009089427,0.36732610835019025,0.811793188638889,0.811794,285.016112,0.811794,827,0.8,1,0.054651554597061315,0.054658,16.906316,0.054658,6.284928778662051,6.28567,1709.6141738200001,6.28567,1.4370524304339647,34,45,0,0,0,
09:12:28.118,14.853981641037164,14.852244868088844,16.858558186183203,14.852244868088844,7.188291634297649,-0.56325,17.03850009089427,0.36732610835019025,0.811793188638889,0.811794,285.016112,0.811794,827,0.8,1,0.054651554597061315,0.054658,16.906316,0.054658,6.284928778662051,6.28567,1709.6141738200001,6.28567,1.4370524304339647,34,45,0,0,0,
09:12:28.355,14.820364573157873,14.818626556168086,16.858434537371558,14.818626556168086,7.188291634297649,-0.56325,17.03850009089427,0.3961162056628962,0.811793188638889,0.811794,285.016112,0.811794,872,0.9,1,0.05477552084711739,0.054782,16.90644,0.054782,6.2991848974185,6.29993,1709.62843382,6.29993,1.549684988738837,34,45,0,0,0,
09:12:28.593,14.820364573157873,14.818626556168086,16.858434537371558,14.818626556168086,7.167895129549345,-0.56325,17.03850009089427,0.3961162056628962,0.811793188638889,0.811794,285.016112,0.811794,872,0.9,1,0.05477552084711739,0.054782,16.90644,0.054782,6.2991848974185,6.29993,1709.62843382,6.29993,1.549684988738837,34,45,0,0,0,
09:12:28.824,14.820364573157873,14.818626556168086,16.858434537371558,14.818626556168086,7.167895129549345,-0.56325,17.03850009089427,0.3961162056628962,0.811793188638889,0.811794,285.016112,0.811794,872,0.9,1,0.05477552084711739,0.054782,16.90644,0.054782,6.2991848974185,6.29993,1709.62843382,6.29993,1.549684988738837,34,45,0,0,0,
09:12:29.260,14.820364573157873,14.818626556168086,16.858434537371558,14.818626556168086,7.167895129549345,-0.56325,17.03850009089427,0.3961162056628962,0.811793188638889,0.811794,285.016112,0.811794,872,0.9,1,0.05477552084711739,0.054782,16.90644,0.054782,6.2991848974185,6.29993,1709.62843382,6.29993,1.549684988738837,34,45,0,0,0,
09:12:29.495,14.78792146060079,14.78623729554479,16.85831487895823,14.78623729554479,7.167895129549345,-0.56325,17.03850009089427,0.3788542609207058,0.811793188638889,0.811794,285.016112,0.811794,834,0.8,1,0.05489569246102206,0.054902,16.90656,0.054902,6.3130046330175364,6.31373,1709.6422338200002,6.31373,1.4821528447341632,34,45,0,0,0,
09:12:29.723,14.78792146060079,14.78623729554479,16.85831487895823,14.78623729554479,7.148092662377707,-0.56325,17.03850009089427,0.3788542609207058,0.811793188638889,0.811794,285.016112,0.811794,834,0.8,1,0.05489569246102206,0.054902,16.90656,0.054902,6.3130046330175364,6.31373,1709.6422338200002,6.31373,1.4821528447341632,34,45,0,0,0,
09:12:29.953,14.78792146060079,14.78623729554479,16.85831487895823,14.78623729554479,7.148092662377707,-0.57325,17.03850009089427,0.3788542609207058,0.811793188638889,0.811794,285.016112,0.811794,834,0.8,1,0.05489569246102206,0.054902,16.90656,0.054902,6.3130046330175364,6.31373,1709.6422338200002,6.31373,1.4821528447341632,34,44,0,0,0,
09:12:30.422,14.78792146060079,14.78623729554479,16.85831487895823,14.78623729554479,7.148092662377707,-0.57325,17.03850009089427,0.3788542609207058,0.811793188638889,0.811794,285.016112,0.811794,834,0.8,1,0.05489569246102206,0.054902,16.90656,0.054902,6.3130046330175364,6.31373,1709.6422338200002,6.31373,1.4821528447341632,34,44,0,0,0,
09:12:30.651,14.755203646935001,14.753453038674031,16.858193227979328,14.753453038674031,7.148092662377707,-0.57325,17.03850009089427,0.37931861732897515,0.811793188638889,0.811794,285.016112,0.811794,854,0.9,1,0.055017416774692726,0.055024,16.906682,0.055024,6.327002929089663,6.3277600000000005,1709.65626382,6.3277600000000005,1.48396949890037,34,44,0,0,0,
09:12:30.880,14.755203646935001,14.753453038674031,16.858193227979328,14.753453038674031,7.127943045842572,-0.57325,17.03850009089427,0.37931861732897515,0.811793188638889,0.811794,285.016112,0.811794,854,0.9,1,0.055017416774692726,0.055024,16.906682,0.055024,6.327002929089663,6.3277600000000005,1709.65626382,6.3277600000000005,1.48396949890037,34,44,0,0,0,
09:12:31.108,14.755203646935001,14.753453038674031,16.858193227979328,14.753453038674031,7.127943045842572,-0.56325,17.03850009089427,0.37931861732897515,0.811793188638889,0.811794,285.016112,0.811794,854,0.9,1,0.055017416774692726,0.055024,16.906682,0.055024,6.327002929089663,6.3277600000000005,1709.65626382,6.3277600000000005,1.48396949890037,34,45,0,0,0,
09:12:31.574,14.755203646935001,14.753453038674031,16.858193227979328,14.753453038674031,7.127943045842572,-0.56325,17.03850009089427,0.37931861732897515,0.811793188638889,0.811794,285.016112,0.811794,854,0.9,1,0.055017416774692726,0.055024,16.906682,0.055024,6.327002929089663,6.3277600000000005,1709.65626382,6.3277600000000005,1.48396949890037,34,45,0,0,0,
09:12:31.781,14.72331662114767,14.72161471084272,16.85807457010939,14.72161471084272,7.127943045842572,-0.56325,17.03850009089427,0.37976278432818944,0.811793188638889,0.811794,285.016112,0.811794,836,0.8,1,0.055136570755591786,0.055143,16.906801,0.055143,6.340705636893055,6.341444999999999,1709.6699488200002,6.341444999999999,1.48570716810283,34,45,0,0,0,
09:12:32.026,14.72331662114767,14.72161471084272,16.85807457010939,14.72161471084272,7.108071192227547,-0.56325,17.03850009089427,0.37976278432818944,0.811793188638889,0.811794,285.016112,0.811794,836,0.8,1,0.055136570755591786,0.055143,16.906801,0.055143,6.340705636893055,6.341444999999999,1709.6699488200002,6.341444999999999,1.48570716810283,34,45,0,0,0,
09:12:32.262,14.72331662114767,14.72161471084272,16.85807457010939,14.72161471084272,7.108071192227547,-0.57325,17.03850009089427,0.37976278432818944,0.811793188638889,0.811794,285.016112,0.811794,836,0.8,1,0.055136570755591786,0.055143,16.906801,0.055143,6.340705636893055,6.341444999999999,1709.6699488200002,6.341444999999999,1.48570716810283,34,44,0,0,0,
09:12:32.714,14.72331662114767,14.72161471084272,16.85807457010939,14.72161471084272,7.108071192227547,-0.57325,17.03850009089427,0.37976278432818944,0.811793188638889,0.811794,285.016112,0.811794,836,0.8,1,0.055136570755591786,0.055143,16.906801,0.055143,6.340705636893055,6.341444999999999,1709.6699488200002,6.341444999999999,1.48570716810283,34,44,0,0,0,
09:12:32.952,14.690682365447353,14.689116077083144,16.85795292259863,14.689116077083144,7.108071192227547,-0.57325,17.03850009089427,0.3766536153336896,0.811793188638889,0.811794,285.016112,0.811794,848,0.8,1,0.05525905253715346,0.055265,16.906923,0.055265,6.354791041772647,6.355475,1709.6839788200002,6.355475,1.4735434836856134,34,44,0,0,0,
09:12:33.189,14.690682365447353,14.689116077083144,16.85795292259863,14.689116077083144,7.08798567579826,-0.57325,17.03850009089427,0.3766536153336896,0.811793188638889,0.811794,285.016112,0.811794,848,0.8,1,0.05525905253715346,0.055265,16.906923,0.055265,6.354791041772647,6.355475,1709.6839788200002,6.355475,1.4735434836856134,34,44,0,0,0,
09:12:33.394,14.690682365447353,14.689116077083144,16.85795292259863,14.689116077083144,7.08798567579826,-0.57325,17.03850009089427,0.3766536153336896,0.811793188638889,0.811794,285.016112,0.811794,848,0.8,1,0.05525905253715346,0.055265,16.906923,0.055265,6.354791041772647,6.355475,1709.6839788200002,6.355475,1.4735434836856134,34,44,0,0,0,
09:12:33.859,14.690682365447353,14.689116077083144,16.85795292259863,14.689116077083144,7.08798567579826,-0.57325,17.03850009089427,0.3766536153336896,0.811793188638889,0.811794,285.016112,0.811794,848,0.8,1,0.05525905253715346,0.055265,16.906923,0.055265,6.354791041772647,6.355475,1709.6839788200002,6.355475,1.4735434836856134,34,44,0,0,0,
09:12:34.078,14.658145068357511,14.656495991911607,16.85783027975437,14.656495991911607,7.08798567579826,-0.57325,17.03850009089427,0.3921994603061886,0.811793188638889,0.811794,285.016112,0.811794,883,0.9,1,0.05538171336503583,0.055388,16.907046,0.055388,6.36889703697912,6.36962,1709.69812382,6.36962,1.5343619057716942,34,44,0,0,0,
09:12:34.328,14.658145068357511,14.656495991911607,16.85783027975437,14.656495991911607,7.068450759707427,-0.57325,17.03850009089427,0.3921994603061886,0.811793188638889,0.811794,285.016112,0.811794,883,0.9,1,0.05538171336503583,0.055388,16.907046,0.055388,6.36889703697912,6.36962,1709.69812382,6.36962,1.5343619057716942,34,44,0,0,0,
09:12:34.554,14.658145068357511,14.656495991911607,16.85783027975437,14.656495991911607,7.068450759707427,-0.56325,17.03850009089427,0.3921994603061886,0.811793188638889,0.811794,285.016112,0.811794,883,0.9,1,0.05538171336503583,0.055388,16.907046,0.055388,6.36889703697912,6.36962,1709.69812382,6.36962,1.5343619057716942,34,45,0,0,0,
09:12:35.029,14.658145068357511,14.656495991911607,16.85783027975437,14.656495991911607,7.068450759707427,-0.56325,17.03850009089427,0.3921994603061886,0.811793188638889,0.811794,285.016112,0.811794,883,0.9,1,0.05538171336503583,0.055388,16.907046,0.055388,6.36889703697912,6.36962,1709.69812382,6.36962,1.5343619057716942,34,45,0,0,0,
09:12:35.254,14.625597773636647,14.624020464412459,16.85770763869457,14.624020464412459,7.068450759707427,-0.56325,17.03850009089427,0.3770372141057383,0.811793188638889,0.811794,285.016112,0.811794,830,0.8,1,0.05550495789663967,0.055511,16.907169,0.055511,6.383070158113562,6.3837649999999995,1709.7122688200002,6.3837649999999995,1.475044197996829,34,45,0,0,0,
09:12:35.497,14.625597773636647,14.624020464412459,16.85770763869457,14.624020464412459,7.0485527932363246,-0.56325,17.03850009089427,0.3770372141057383,0.811793188638889,0.811794,285.016112,0.811794,830,0.8,1,0.05550495789663967,0.055511,16.907169,0.055511,6.383070158113562,6.3837649999999995,1709.7122688200002,6.3837649999999995,1.475044197996829,34,45,0,0,0,
09:12:35.701,14.625597773636647,14.624020464412459,16.85770763869457,14.624020464412459,7.0485527932363246,-0.57325,17.03850009089427,0.3770372141057383,0.811793188638889,0.811794,285.016112,0.811794,830,0.8,1,0.05550495789663967,0.055511,16.907169,0.055511,6.383070158113562,6.3837649999999995,1709.7122688200002,6.3837649999999995,1.475044197996829,34,44,0,0,0,
09:12:36.147,14.625597773636647,14.624020464412459,16.85770763869457,14.624020464412459,7.0485527932363246,-0.57325,17.03850009089427,0.3770372141057383,0.811793188638889,0.811794,285.016112,0.811794,830,0.8,1,0.05550495789663967,0.055511,16.907169,0.055511,6.383070158113562,6.3837649999999995,1709.7122688200002,6.3837649999999995,1.475044197996829,34,44,0,0,0,
09:12:36.383,14.59407747439644,14.592475418381836,16.857587990599793,14.592475418381836,7.0485527932363246,-0.57325,17.03850009089427,0.3824277863234749,0.811793188638889,0.811794,285.016112,0.811794,861,0.9,1,0.05562483754544149,0.055631,16.907289000000002,0.055631,6.396856317725771,6.397565,1709.7260688200001,6.397565,1.4961331833175866,34,44,0,0,0,
09:12:36.614,14.59407747439644,14.592475418381836,16.857587990599793,14.592475418381836,7.029640736755031,-0.57325,17.03850009089427,0.3824277863234749,0.811793188638889,0.811794,285.016112,0.811794,861,0.9,1,0.05562483754544149,0.055631,16.907289000000002,0.055631,6.396856317725771,6.397565,1709.7260688200001,6.397565,1.4961331833175866,34,44,0,0,0,
09:12:36.840,14.59407747439644,14.592475418381836,16.857587990599793,14.592475418381836,7.029640736755031,-0.56325,17.03850009089427,0.3824277863234749,0.811793188638889,0.811794,285.016112,0.811794,861,0.9,1,0.05562483754544149,0.055631,16.907289000000002,0.055631,6.396856317725771,6.397565,1709.7260688200001,6.397565,1.4961331833175866,34,45,0,0,0,
09:12:37.315,14.59407747439644,14.592475418381836,16.857587990599793,14.592475418381836,7.029640736755031,-0.56325,17.03850009089427,0.3824277863234749,0.811793188638889,0.811794,285.016112,0.811794,861,0.9,1,0.05562483754544149,0.055631,16.907289000000002,0.055631,6.396856317725771,6.397565,1709.7260688200001,6.397565,1.4961331833175866,34,45,0,0,0,
09:12:37.541,14.56163944469609,14.560021522733388,16.857464356019456,14.560021522733388,7.029640736755031,-0.56325,17.03850009089427,0.38521392477309163,0.811793188638889,0.811794,285.016112,0.811794,848,0.8,1,0.0557487494263275,0.055755,16.907413000000002,0.055755,6.411106184027663,6.411825,1709.74032882,6.411825,1.507033108314832,34,45,0,0,0,
09:12:37.765,14.56163944469609,14.560021522733388,16.857464356019456,14.560021522733388,7.010218617567668,-0.56325,17.03850009089427,0.38521392477309163,0.811793188638889,0.811794,285.016112,0.811794,848,0.8,1,0.0557487494263275,0.055755,16.907413000000002,0.055755,6.411106184027663,6.411825,1709.74032882,6.411825,1.507033108314832,34,45,0,0,0,
09:12:38.005,14.56163944469609,14.560021522733388,16.857464356019456,14.560021522733388,7.010218617567668,-0.57325,17.03850009089427,0.38521392477309163,0.811793188638889,0.811794,285.016112,0.811794,848,0.8,1,0.0557487494263275,0.055755,16.907413000000002,0.055755,6.411106184027663,6.411825,1709.74032882,6.411825,1.507033108314832,34,44,0,0,0,
09:12:38.454,14.56163944469609,14.560021522733388,16.857464356019456,14.560021522733388,7.010218617567668,-0.57325,17.03850009089427,0.38521392477309163,0.811793188638889,0.811794,285.016112,0.811794,848,0.8,1,0.0557487494263275,0.055755,16.907413000000002,0.055755,6.411106184027663,6.411825,1709.74032882,6.411825,1.507033108314832,34,44,0,0,0,
09:12:38.690,14.530490445769349,14.528751677852348,16.857344711378058,14.528751677852348,7.010218617567668,-0.57325,17.03850009089427,0.37443278033761834,0.811793188638889,0.811794,285.016112,0.811794,843,0.8,1,0.05586825796890071,0.055875,16.907533,0.055875,6.424849666423581,6.425625,1709.7541288200002,6.425625,1.4648551376733159,34,44,0,0,0,
09:12:38.933,14.530490445769349,14.528751677852348,16.857344711378058,14.528751677852348,6.990614781230201,-0.57325,17.03850009089427,0.37443278033761834,0.811793188638889,0.811794,285.016112,0.811794,843,0.8,1,0.05586825796890071,0.055875,16.907533,0.055875,6.424849666423581,6.425625,1709.7541288200002,6.425625,1.4648551376733159,34,44,0,0,0,
09:12:39.166,14.530490445769349,14.528751677852348,16.857344711378058,14.528751677852348,6.990614781230201,-0.57325,17.03850009089427,0.37443278033761834,0.811793188638889,0.811794,285.016112,0.811794,843,0.8,1,0.05586825796890071,0.055875,16.907533,0.055875,6.424849666423581,6.425625,1709.7541288200002,6.425625,1.4648551376733159,34,44,0,0,0,
09:12:39.593,14.530490445769349,14.528751677852348,16.857344711378058,14.528751677852348,6.990614781230201,-0.57325,17.03850009089427,0.37443278033761834,0.811793188638889,0.811794,285.016112,0.811794,843,0.8,1,0.05586825796890071,0.055875,16.907533,0.055875,6.424849666423581,6.425625,1709.7541288200002,6.425625,1.4648551376733159,34,44,0,0,0,
09:12:39.847,14.498009596140045,14.496321428571429,16.857220083349212,14.496321428571429,6.990614781230201,-0.57325,17.03850009089427,0.38953445831090305,0.811793188638889,0.811794,285.016112,0.811794,877,0.9,1,0.05599342332171039,0.056,16.907658,0.056,6.439243681996695,6.44,1709.7685038200002,6.44,1.5239358905569376,34,44,0,0,0,
09:12:40.071,14.498009596140045,14.496321428571429,16.857220083349212,14.496321428571429,6.9716475618567015,-0.57325,17.03850009089427,0.38953445831090305,0.811793188638889,0.811794,285.016112,0.811794,877,0.9,1,0.05599342332171039,0.056,16.907658,0.056,6.439243681996695,6.44,1709.7685038200002,6.44,1.5239358905569376,34,44,0,0,0,
09:12:40.298,14.498009596140045,14.496321428571429,16.857220083349212,14.496321428571429,6.9716475618567015,-0.57325,17.03850009089427,0.38953445831090305,0.811793188638889,0.811794,285.016112,0.811794,877,0.9,1,0.05599342332171039,0.056,16.907658,0.056,6.439243681996695,6.44,1709.7685038200002,6.44,1.5239358905569376,34,44,0,0,0,
09:12:40.765,14.498009596140045,14.496321428571429,16.857220083349212,14.496321428571429,6.9716475618567015,-0.57325,17.03850009089427,0.38953445831090305,0.811793188638889,0.811794,285.016112,0.811794,877,0.9,1,0.05599342332171039,0.056,16.907658,0.056,6.439243681996695,6.44,1709.7685038200002,6.44,1.5239358905569376,34,44,0,0,0,
09:12:40.991,14.467820411402368,14.46609761747777,16.857103433183845,14.46609761747777,6.9716475618567015,-0.57325,17.03850009089427,0.3677702753494045,0.811793188638889,0.811794,285.016112,0.811794,828,0.8,1,0.056110261639624674,0.056117,16.907775,0.056117,6.452680088556837,6.453455,1709.7819588200002,6.453455,1.4387900996364245,34,44,0,0,0,
09:12:41.210,14.467820411402368,14.46609761747777,16.857103433183845,14.46609761747777,6.952776475279735,-0.57325,17.03850009089427,0.3677702753494045,0.811793188638889,0.811794,285.016112,0.811794,828,0.8,1,0.056110261639624674,0.056117,16.907775,0.056117,6.452680088556837,6.453455,1709.7819588200002,6.453455,1.4387900996364245,34,44,0,0,0,
09:12:41.469,14.467820411402368,14.46609761747777,16.857103433183845,14.46609761747777,6.952776475279735,-0.57325,17.03850009089427,0.3677702753494045,0.811793188638889,0.811794,285.016112,0.811794,828,0.8,1,0.056110261639624674,0.056117,16.907775,0.056117,6.452680088556837,6.453455,1709.7819588200002,6.453455,1.4387900996364245,34,44,0,0,0,
09:12:41.898,14.467820411402368,14.46609761747777,16.857103433183845,14.46609761747777,6.952776475279735,-0.57325,17.03850009089427,0.3677702753494045,0.811793188638889,0.811794,285.016112,0.811794,828,0.8,1,0.056110261639624674,0.056117,16.907775,0.056117,6.452680088556837,6.453455,1709.7819588200002,6.453455,1.4387900996364245,34,44,0,0,0,
09:12:42.115,14.436816954668442,14.435229475256504,16.856983793665623,14.435229475256504,6.952776475279735,-0.57325,17.03850009089427,0.3855369553179748,0.811793188638889,0.811794,285.016112,0.811794,868,0.9,1,0.056230759951304846,0.056237,16.907895,0.056237,6.466537394400057,6.467255000000001,1709.7957588200002,6.467255000000001,1.508296867734803,34,44,0,0,0,
09:12:42.347,14.436816954668442,14.435229475256504,16.856983793665623,14.435229475256504,6.93400411423687,-0.57325,17.03850009089427,0.3855369553179748,0.811793188638889,0.811794,285.016112,0.811794,868,0.9,1,0.056230759951304846,0.056237,16.907895,0.056237,6.466537394400057,6.467255000000001,1709.7957588200002,6.467255000000001,1.508296867734803,34,44,0,0,0,
09:12:42.580,14.436816954668442,14.435229475256504,16.856983793665623,14.435229475256504,6.93400411423687,-0.57325,17.03850009089427,0.3855369553179748,0.811793188638889,0.811794,285.016112,0.811794,868,0.9,1,0.056230759951304846,0.056237,16.907895,0.056237,6.466537394400057,6.467255000000001,1709.7957588200002,6.467255000000001,1.508296867734803,34,44,0,0,0,
09:12:43.042,14.436816954668442,14.435229475256504,16.856983793665623,14.435229475256504,6.93400411423687,-0.57325,17.03850009089427,0.3855369553179748,0.811793188638889,0.811794,285.016112,0.811794,868,0.9,1,0.056230759951304846,0.056237,16.907895,0.056237,6.466537394400057,6.467255000000001,1709.7957588200002,6.467255000000001,1.508296867734803,34,44,0,0,0,
09:12:43.261,14.403968205056586,14.402448327863036,16.85685618005133,14.402448327863036,6.93400411423687,-0.57325,17.03850009089427,0.40285946828733077,0.811793188638889,0.811794,285.016112,0.811794,907,0.9,1,0.05635899615176219,0.056365,16.908023,0.056365,6.481284557452652,6.481975,1709.81047882,6.481975,1.576065966630721,34,44,0,0,0,
09:12:43.498,14.403968205056586,14.402448327863036,16.85685618005133,14.402448327863036,6.915122198510324,-0.57325,17.03850009089427,0.40285946828733077,0.811793188638889,0.811794,285.016112,0.811794,907,0.9,1,0.05635899615176219,0.056365,16.908023,0.056365,6.481284557452652,6.481975,1709.81047882,6.481975,1.576065966630721,34,44,0,0,0,
09:12:43.725,14.403968205056586,14.402448327863036,16.85685618005133,14.402448327863036,6.915122198510324,-0.69325,17.03850009089427,0.40285946828733077,0.811793188638889,0.811794,285.016112,0.811794,907,0.9,1,0.05635899615176219,0.056365,16.908023,0.056365,6.481284557452652,6.481975,1709.81047882,6.481975,1.576065966630721,34,32,0,0,0,
09:12:44.187,14.403968205056586,14.402448327863036,16.85685618005133,14.402448327863036,6.915122198510324,-0.69325,17.03850009089427,0.40285946828733077,0.811793188638889,0.811794,285.016112,0.811794,907,0.9,1,0.05635899615176219,0.056365,16.908023,0.056365,6.481284557452652,6.481975,1709.81047882,6.481975,1.576065966630721,34,32,0,0,0,
09:12:44.428,14.380308226452968,14.37872400722661,16.856763461996593,14.37872400722661,6.915122198510324,-0.69325,17.03850009089427,0.28620506276642277,0.811793188638889,0.811794,285.016112,0.811794,886,0.9,1,0.05645172383339971,0.056458,16.908116,0.056458,6.4919482408409666,6.49267,1709.8211738200002,6.49267,1.1196908460938708,34,32,0,0,0,
09:12:44.654,14.380308226452968,14.37872400722661,16.856763461996593,14.37872400722661,6.896276340336445,-0.69325,17.03850009089427,0.28620506276642277,0.811793188638889,0.811794,285.016112,0.811794,886,0.9,1,0.05645172383339971,0.056458,16.908116,0.056458,6.4919482408409666,6.49267,1709.8211738200002,6.49267,1.1196908460938708,34,32,0,0,0,
09:12:44.878,14.380308226452968,14.37872400722661,16.856763461996593,14.37872400722661,6.896276340336445,-0.70325,17.03850009089427,0.28620506276642277,0.811793188638889,0.811794,285.016112,0.811794,886,0.9,1,0.05645172383339971,0.056458,16.908116,0.056458,6.4919482408409666,6.49267,1709.8211738200002,6.49267,1.1196908460938708,34,31,0,0,0,
09:12:45.336,14.380308226452968,14.37872400722661,16.856763461996593,14.37872400722661,6.896276340336445,-0.70325,17.03850009089427,0.28620506276642277,0.811793188638889,0.811794,285.016112,0.811794,886,0.9,1,0.05645172383339971,0.056458,16.908116,0.056458,6.4919482408409666,6.49267,1709.8211738200002,6.49267,1.1196908460938708,34,31,0,0,0,
09:12:45.566,14.358822623762663,14.357362668458844,16.856679717533503,14.357362668458844,6.896276340336445,-0.70325,17.03850009089427,0.26724720766359616,0.811793188638889,0.811794,285.016112,0.811794,854,0.9,1,0.056536194499362265,0.056542,16.9082,0.056542,6.50166236742666,6.502330000000001,1709.8308338200002,6.502330000000001,1.045523965134352,34,31,0,0,0,
09:12:45.814,14.358822623762663,14.357362668458844,16.856679717533503,14.357362668458844,6.877425945503198,-0.70325,17.03850009089427,0.26724720766359616,0.811793188638889,0.811794,285.016112,0.811794,854,0.9,1,0.056536194499362265,0.056542,16.9082,0.056542,6.50166236742666,6.502330000000001,1709.8308338200002,6.502330000000001,1.045523965134352,34,31,0,0,0,
09:12:46.036,14.358822623762663,14.357362668458844,16.856679717533503,14.357362668458844,6.877425945503198,-0.70325,17.03850009089427,0.26724720766359616,0.811793188638889,0.811794,285.016112,0.811794,854,0.9,1,0.056536194499362265,0.056542,16.9082,0.056542,6.50166236742666,6.502330000000001,1709.8308338200002,6.502330000000001,1.045523965134352,34,31,0,0,0,
09:12:46.467,14.358822623762663,14.357362668458844,16.856679717533503,14.357362668458844,6.877425945503198,-0.70325,17.03850009089427,0.26724720766359616,0.811793188638889,0.811794,285.016112,0.811794,854,0.9,1,0.056536194499362265,0.056542,16.9082,0.056542,6.50166236742666,6.502330000000001,1709.8308338200002,6.502330000000001,1.045523965134352,34,31,0,0,0,
09:12:46.699,14.33789579623688,14.336317880794702,16.85659697084559,14.336317880794702,6.877425945503198,-0.70325,17.03850009089427,0.26192729837755263,0.811793188638889,0.811794,285.016112,0.811794,837,0.8,1,0.056618711711655216,0.056625,16.908283,0.056625,6.51115184684035,6.511875,1709.84037882,6.511875,1.0247114271867124,34,31,0,0,0,
09:12:46.939,14.33789579623688,14.336317880794702,16.85659697084559,14.336317880794702,6.85928549086877,-0.70325,17.03850009089427,0.26192729837755263,0.811793188638889,0.811794,285.016112,0.811794,837,0.8,1,0.056618711711655216,0.056625,16.908283,0.056625,6.51115184684035,6.511875,1709.84037882,6.511875,1.0247114271867124,34,31,0,0,0,
09:12:47.155,14.33789579623688,14.336317880794702,16.85659697084559,14.336317880794702,6.85928549086877,-0.70325,17.03850009089427,0.26192729837755263,0.811793188638889,0.811794,285.016112,0.811794,837,0.8,1,0.056618711711655216,0.056625,16.908283,0.056625,6.51115184684035,6.511875,1709.84037882,6.511875,1.0247114271867124,34,31,0,0,0,
09:12:47.632,14.33789579623688,14.336317880794702,16.85659697084559,14.336317880794702,6.85928549086877,-0.70325,17.03850009089427,0.26192729837755263,0.811793188638889,0.811794,285.016112,0.811794,837,0.8,1,0.056618711711655216,0.056625,16.908283,0.056625,6.51115184684035,6.511875,1709.84037882,6.511875,1.0247114271867124,34,31,0,0,0,
09:12:47.839,14.316748878530982,14.315082262074801,16.856513228036746,14.315082262074801,6.85928549086877,-0.70325,17.03850009089427,0.2644307851003967,0.811793188638889,0.811794,285.016112,0.811794,845,0.8,1,0.056702341818416095,0.056709,16.908367000000002,0.056709,6.520769309117851,6.521535,1709.8500388200002,6.521535,1.034505562691484,34,31,0,0,0,
09:12:48.114,14.316748878530982,14.315082262074801,16.856513228036746,14.315082262074801,6.840397204325718,-0.70325,17.03850009089427,0.2644307851003967,0.811793188638889,0.811794,285.016112,0.811794,845,0.8,1,0.056702341818416095,0.056709,16.908367000000002,0.056709,6.520769309117851,6.521535,1709.8500388200002,6.521535,1.034505562691484,34,31,0,0,0,
09:12:48.290,14.316748878530982,14.315082262074801,16.856513228036746,14.315082262074801,6.840397204325718,-0.69325,17.03850009089427,0.2644307851003967,0.811793188638889,0.811794,285.016112,0.811794,845,0.8,1,0.056702341818416095,0.056709,16.908367000000002,0.056709,6.520769309117851,6.521535,1709.8500388200002,6.521535,1.034505562691484,34,32,0,0,0,
09:12:48.766,14.316748878530982,14.315082262074801,16.856513228036746,14.315082262074801,6.840397204325718,-0.69325,17.03850009089427,0.2644307851003967,0.811793188638889,0.811794,285.016112,0.811794,845,0.8,1,0.056702341818416095,0.056709,16.908367000000002,0.056709,6.520769309117851,6.521535,1709.8500388200002,6.521535,1.034505562691484,34,32,0,0,0,
09:12:49.002,14.294781653461387,14.293154447496303,16.856426495290464,14.293154447496303,6.840397204325718,-0.69325,17.03850009089427,0.2694074744325018,0.811793188638889,0.811794,285.016112,0.811794,834,0.8,1,0.05678947802902038,0.056796,16.908454,0.056796,6.530789973337344,6.53154,1709.86004382,6.53154,1.0539753562554044,34,32,0,0,0,
09:12:49.239,14.294781653461387,14.293154447496303,16.856426495290464,14.293154447496303,6.822445271062717,-0.69325,17.03850009089427,0.2694074744325018,0.811793188638889,0.811794,285.016112,0.811794,834,0.8,1,0.05678947802902038,0.056796,16.908454,0.056796,6.530789973337344,6.53154,1709.86004382,6.53154,1.0539753562554044,34,32,0,0,0,
09:12:49.453,14.294781653461387,14.293154447496303,16.856426495290464,14.293154447496303,6.822445271062717,-0.70325,17.03850009089427,0.2694074744325018,0.811793188638889,0.811794,285.016112,0.811794,834,0.8,1,0.05678947802902038,0.056796,16.908454,0.056796,6.530789973337344,6.53154,1709.86004382,6.53154,1.0539753562554044,34,31,0,0,0,
09:12:49.897,14.294781653461387,14.293154447496303,16.856426495290464,14.293154447496303,6.822445271062717,-0.70325,17.03850009089427,0.2694074744325018,0.811793188638889,0.811794,285.016112,0.811794,834,0.8,1,0.05678947802902038,0.056796,16.908454,0.056796,6.530789973337344,6.53154,1709.86004382,6.53154,1.0539753562554044,34,31,0,0,0,
09:12:50.134,14.273276532725589,14.27154460110404,16.856340760349504,14.27154460110404,6.822445271062717,-0.70325,17.03850009089427,0.2722541811092841,0.811793188638889,0.811794,285.016112,0.811794,870,0.9,1,0.05687504104454361,0.056882,16.908540000000002,0.056882,6.540629720122515,6.54143,1709.8699338200001,6.54143,1.0651122361438945,34,31,0,0,0,
09:12:50.371,14.273276532725589,14.27154460110404,16.856340760349504,14.27154460110404,6.804442532979187,-0.70325,17.03850009089427,0.2722541811092841,0.811793188638889,0.811794,285.016112,0.811794,870,0.9,1,0.05687504104454361,0.056882,16.908540000000002,0.056882,6.540629720122515,6.54143,1709.8699338200001,6.54143,1.0651122361438945,34,31,0,0,0,
09:12:50.599,14.273276532725589,14.27154460110404,16.856340760349504,14.27154460110404,6.804442532979187,-0.69325,17.03850009089427,0.2722541811092841,0.811793188638889,0.811794,285.016112,0.811794,870,0.9,1,0.05687504104454361,0.056882,16.908540000000002,0.056882,6.540629720122515,6.54143,1709.8699338200001,6.54143,1.0651122361438945,34,32,0,0,0,
09:12:51.078,14.273276532725589,14.27154460110404,16.856340760349504,14.27154460110404,6.804442532979187,-0.69325,17.03850009089427,0.2722541811092841,0.811793188638889,0.811794,285.016112,0.811794,870,0.9,1,0.05687504104454361,0.056882,16.908540000000002,0.056882,6.540629720122515,6.54143,1709.8699338200001,6.54143,1.0651122361438945,34,32,0,0,0,
09:12:51.297,14.251267036383318,14.249499736703529,16.856253032475493,14.249499736703529,6.804442532979187,-0.69325,17.03850009089427,0.2716686882466835,0.811793188638889,0.811794,285.016112,0.811794,841,0.8,1,0.05696287821752204,0.05697,16.908628,0.05697,6.5507309950150345,6.55155,1709.88005382,6.55155,1.062821672195198,34,32,0,0,0,
09:12:51.543,14.251267036383318,14.249499736703529,16.856253032475493,14.249499736703529,6.785947960883537,-0.69325,17.03850009089427,0.2716686882466835,0.811793188638889,0.811794,285.016112,0.811794,841,0.8,1,0.05696287821752204,0.05697,16.908628,0.05697,6.5507309950150345,6.55155,1709.88005382,6.55155,1.062821672195198,34,32,0,0,0,
09:12:51.767,14.251267036383318,14.249499736703529,16.856253032475493,14.249499736703529,6.785947960883537,-0.69325,17.03850009089427,0.2716686882466835,0.811793188638889,0.811794,285.016112,0.811794,841,0.8,1,0.05696287821752204,0.05697,16.908628,0.05697,6.5507309950150345,6.55155,1709.88005382,6.55155,1.062821672195198,34,32,0,0,0,
09:12:52.215,14.251267036383318,14.249499736703529,16.856253032475493,14.249499736703529,6.785947960883537,-0.69325,17.03850009089427,0.2716686882466835,0.811793188638889,0.811794,285.016112,0.811794,841,0.8,1,0.05696287821752204,0.05697,16.908628,0.05697,6.5507309950150345,6.55155,1709.88005382,6.55155,1.062821672195198,34,32,0,0,0,
09:12:52.448,14.229557694181555,14.22777222777223,16.856166302406773,14.22777222777223,6.785947960883537,-0.69325,17.03850009089427,0.2723147493364497,0.811793188638889,0.811794,285.016112,0.811794,843,0.8,1,0.057049783702752065,0.057057,16.908715,0.057057,6.560725125816488,6.561554999999999,1709.8900588200001,6.561554999999999,1.0653491910351391,34,32,0,0,0,
09:12:52.675,14.229557694181555,14.22777222777223,16.856166302406773,14.22777222777223,6.7681423390035045,-0.69325,17.03850009089427,0.2723147493364497,0.811793188638889,0.811794,285.016112,0.811794,843,0.8,1,0.057049783702752065,0.057057,16.908715,0.057057,6.560725125816488,6.561554999999999,1709.8900588200001,6.561554999999999,1.0653491910351391,34,32,0,0,0,
09:12:52.904,14.229557694181555,14.22777222777223,16.856166302406773,14.22777222777223,6.7681423390035045,-0.70325,17.03850009089427,0.2723147493364497,0.811793188638889,0.811794,285.016112,0.811794,843,0.8,1,0.057049783702752065,0.057057,16.908715,0.057057,6.560725125816488,6.561554999999999,1709.8900588200001,6.561554999999999,1.0653491910351391,34,31,0,0,0,
09:12:53.355,14.229557694181555,14.22777222777223,16.856166302406773,14.22777222777223,6.7681423390035045,-0.70325,17.03850009089427,0.2723147493364497,0.811793188638889,0.811794,285.016112,0.811794,843,0.8,1,0.057049783702752065,0.057057,16.908715,0.057057,6.560725125816488,6.561554999999999,1709.8900588200001,6.561554999999999,1.0653491910351391,34,31,0,0,0,
09:12:53.594,14.20861310386747,14.206856722843494,16.85608256387695,14.206856722843494,6.7681423390035045,-0.70325,17.03850009089427,0.2641178492600411,0.811793188638889,0.811794,285.016112,0.811794,844,0.8,1,0.057133879478914476,0.057141,16.908799000000002,0.057141,6.5703961400751645,6.571215,1709.89971882,6.571215,1.0332812957533872,34,31,0,0,0,
09:12:53.821,14.20861310386747,14.206856722843494,16.85608256387695,14.206856722843494,6.750207761683128,-0.70325,17.03850009089427,0.2641178492600411,0.811793188638889,0.811794,285.016112,0.811794,844,0.8,1,0.057133879478914476,0.057141,16.908799000000002,0.057141,6.5703961400751645,6.571215,1709.89971882,6.571215,1.0332812957533872,34,31,0,0,0,
09:12:54.054,14.20861310386747,14.206856722843494,16.85608256387695,14.206856722843494,6.750207761683128,-0.70325,17.03850009089427,0.2641178492600411,0.811793188638889,0.811794,285.016112,0.811794,844,0.8,1,0.057133879478914476,0.057141,16.908799000000002,0.057141,6.5703961400751645,6.571215,1709.89971882,6.571215,1.0332812957533872,34,31,0,0,0,
09:12:54.507,14.20861310386747,14.206856722843494,16.85608256387695,14.206856722843494,6.750207761683128,-0.70325,17.03850009089427,0.2641178492600411,0.811793188638889,0.811794,285.016112,0.811794,844,0.8,1,0.057133879478914476,0.057141,16.908799000000002,0.057141,6.5703961400751645,6.571215,1709.89971882,6.571215,1.0332812957533872,34,31,0,0,0,
09:12:54.738,14.187904228392402,14.18625052425556,16.85599982305158,14.18625052425556,6.750207761683128,-0.70325,17.03850009089427,0.2622402342179082,0.811793188638889,0.811794,285.016112,0.811794,838,0.8,1,0.05721727293692561,0.057224,16.908882000000002,0.057224,6.5799863877464455,6.58076,1709.9092638200002,6.58076,1.0259356941248092,34,31,0,0,0,
09:12:54.964,14.187904228392402,14.18625052425556,16.85599982305158,14.18625052425556,6.732452344164132,-0.70325,17.03850009089427,0.2622402342179082,0.811793188638889,0.811794,285.016112,0.811794,838,0.8,1,0.05721727293692561,0.057224,16.908882000000002,0.057224,6.5799863877464455,6.58076,1709.9092638200002,6.58076,1.0259356941248092,34,31,0,0,0,
09:12:55.182,14.187904228392402,14.18625052425556,16.85599982305158,14.18625052425556,6.732452344164132,-0.70325,17.03850009089427,0.2622402342179082,0.811793188638889,0.811794,285.016112,0.811794,838,0.8,1,0.05721727293692561,0.057224,16.908882000000002,0.057224,6.5799863877464455,6.58076,1709.9092638200002,6.58076,1.0259356941248092,34,31,0,0,0,
09:12:55.654,14.187904228392402,14.18625052425556,16.85599982305158,14.18625052425556,6.732452344164132,-0.70325,17.03850009089427,0.2622402342179082,0.811793188638889,0.811794,285.016112,0.811794,838,0.8,1,0.05721727293692561,0.057224,16.908882000000002,0.057224,6.5799863877464455,6.58076,1709.9092638200002,6.58076,1.0259356941248092,34,31,0,0,0,
09:12:55.880,14.166992406500208,14.16545682976199,16.85591608617582,14.16545682976199,6.732452344164132,-0.70325,17.03850009089427,0.26630840014252966,0.811793188638889,0.811794,285.016112,0.811794,851,0.9,1,0.05730173104818041,0.057308,16.908966,0.057308,6.589699070540748,6.59042,1709.9189238200001,6.59042,1.0418511643200625,34,31,0,0,0,
09:12:56.108,14.166992406500208,14.16545682976199,16.85591608617582,14.16545682976199,6.714744366228834,-0.70325,17.03850009089427,0.26630840014252966,0.811793188638889,0.811794,285.016112,0.811794,851,0.9,1,0.05730173104818041,0.057308,16.908966,0.057308,6.589699070540748,6.59042,1709.9189238200001,6.59042,1.0418511643200625,34,31,0,0,0,
09:12:56.355,14.166992406500208,14.16545682976199,16.85591608617582,14.16545682976199,6.714744366228834,-0.69325,17.03850009089427,0.26630840014252966,0.811793188638889,0.811794,285.016112,0.811794,851,0.9,1,0.05730173104818041,0.057308,16.908966,0.057308,6.589699070540748,6.59042,1709.9189238200001,6.59042,1.0418511643200625,34,32,0,0,0,
09:12:56.794,14.166992406500208,14.16545682976199,16.85591608617582,14.16545682976199,6.714744366228834,-0.69325,17.03850009089427,0.26630840014252966,0.811793188638889,0.811794,285.016112,0.811794,851,0.9,1,0.05730173104818041,0.057308,16.908966,0.057308,6.589699070540748,6.59042,1709.9189238200001,6.59042,1.0418511643200625,34,32,0,0,0,
09:12:57.037,14.145808293889342,14.144231104296617,16.855830356426843,14.144231104296617,6.714744366228834,-0.69325,17.03850009089427,0.2671462606183202,0.811793188638889,0.811794,285.016112,0.811794,827,0.8,1,0.05738754348802851,0.057394,16.909052,0.057394,6.599567501123279,6.60031,1709.9288138200002,6.60031,1.045129040315611,34,32,0,0,0,
09:12:57.264,14.145808293889342,14.144231104296617,16.855830356426843,14.144231104296617,6.6969838126565815,-0.69325,17.03850009089427,0.2671462606183202,0.811793188638889,0.811794,285.016112,0.811794,827,0.8,1,0.05738754348802851,0.057394,16.909052,0.057394,6.599567501123279,6.60031,1709.9288138200002,6.60031,1.045129040315611,34,32,0,0,0,
09:12:57.487,14.145808293889342,14.144231104296617,16.855830356426843,14.144231104296617,6.6969838126565815,-0.70325,17.03850009089427,0.2671462606183202,0.811793188638889,0.811794,285.016112,0.811794,827,0.8,1,0.05738754348802851,0.057394,16.909052,0.057394,6.599567501123279,6.60031,1709.9288138200002,6.60031,1.045129040315611,34,31,0,0,0,
09:12:57.960,14.145808293889342,14.144231104296617,16.855830356426843,14.144231104296617,6.6969838126565815,-0.70325,17.03850009089427,0.2671462606183202,0.811793188638889,0.811794,285.016112,0.811794,827,0.8,1,0.05738754348802851,0.057394,16.909052,0.057394,6.599567501123279,6.60031,1709.9288138200002,6.60031,1.045129040315611,34,31,0,0,0,
09:12:58.170,14.125199554801915,14.123560318730647,16.855746621234815,14.123560318730647,6.6969838126565815,-0.70325,17.03850009089427,0.2659954643021742,0.811793188638889,0.811794,285.016112,0.811794,850,0.8,1,0.05747127221030423,0.057478,16.909136,0.057478,6.609196304184986,6.609970000000001,1709.9384738200001,6.609970000000001,1.0406268973819661,34,31,0,0,0,
09:12:58.419,14.125199554801915,14.123560318730647,16.855746621234815,14.123560318730647,6.679298542275842,-0.70325,17.03850009089427,0.2659954643021742,0.811793188638889,0.811794,285.016112,0.811794,850,0.8,1,0.05747127221030423,0.057478,16.909136,0.057478,6.609196304184986,6.609970000000001,1709.9384738200001,6.609970000000001,1.0406268973819661,34,31,0,0,0,
09:12:58.631,14.125199554801915,14.123560318730647,16.855746621234815,14.123560318730647,6.679298542275842,-0.64325,17.03850009089427,0.2659954643021742,0.811793188638889,0.811794,285.016112,0.811794,850,0.8,1,0.05747127221030423,0.057478,16.909136,0.057478,6.609196304184986,6.609970000000001,1709.9384738200001,6.609970000000001,1.0406268973819661,34,37,0,0,0,
09:12:59.106,14.125199554801915,14.123560318730647,16.855746621234815,14.123560318730647,6.679298542275842,-0.64325,17.03850009089427,0.2659954643021742,0.811793188638889,0.811794,285.016112,0.811794,850,0.8,1,0.05747127221030423,0.057478,16.909136,0.057478,6.609196304184986,6.609970000000001,1709.9384738200001,6.609970000000001,1.0406268973819661,34,37,0,0,0,
09:12:59.353,14.099787529703036,14.098051474419089,16.855642950244956,14.098051474419089,6.679298542275842,-0.64325,17.03850009089427,0.31486392892027,0.811793188638889,0.811794,285.016112,0.811794,843,0.8,1,0.057574852594675,0.057582,16.90924,0.057582,6.621108048387625,6.62193,1709.9504338200002,6.62193,1.2318100021343796,34,37,0,0,0,
09:12:59.558,14.099787529703036,14.098051474419089,16.855642950244956,14.098051474419089,6.6619879834694276,-0.64325,17.03850009089427,0.31486392892027,0.811793188638889,0.811794,285.016112,0.811794,843,0.8,1,0.057574852594675,0.057582,16.90924,0.057582,6.621108048387625,6.62193,1709.9504338200002,6.62193,1.2318100021343796,34,37,0,0,0,
09:12:59.782,14.099787529703036,14.098051474419089,16.855642950244956,14.098051474419089,6.6619879834694276,-0.56325,17.03850009089427,0.31486392892027,0.811793188638889,0.811794,285.016112,0.811794,843,0.8,1,0.057574852594675,0.057582,16.90924,0.057582,6.621108048387625,6.62193,1709.9504338200002,6.62193,1.2318100021343796,34,45,0,0,0,
09:13:00.240,14.099787529703036,14.098051474419089,16.855642950244956,14.098051474419089,6.6619879834694276,-0.56325,17.03850009089427,0.31486392892027,0.811793188638889,0.811794,285.016112,0.811794,843,0.8,1,0.057574852594675,0.057582,16.90924,0.057582,6.621108048387625,6.62193,1709.9504338200002,6.62193,1.2318100021343796,34,45,0,0,0,
09:13:00.473,14.07192807801616,14.07019550748752,16.855529312355753,14.07019550748752,6.6619879834694276,-0.56325,17.03850009089427,0.3665891949196757,0.811793188638889,0.811794,285.016112,0.811794,807,0.8,1,0.05768883866789451,0.057696,16.909354,0.057696,6.634216446807868,6.63504,1709.96354382,6.63504,1.4341694792571573,34,45,0,0,0,
09:13:00.698,14.07192807801616,14.07019550748752,16.855529312355753,14.07019550748752,6.644713905230176,-0.56325,17.03850009089427,0.3665891949196757,0.811793188638889,0.811794,285.016112,0.811794,807,0.8,1,0.05768883866789451,0.057696,16.909354,0.057696,6.634216446807868,6.63504,1709.96354382,6.63504,1.4341694792571573,34,45,0,0,0,
09:13:00.946,14.07192807801616,14.07019550748752,16.855529312355753,14.07019550748752,6.644713905230176,-0.55325,17.03850009089427,0.3665891949196757,0.811793188638889,0.811794,285.016112,0.811794,807,0.8,1,0.05768883866789451,0.057696,16.909354,0.057696,6.634216446807868,6.63504,1709.96354382,6.63504,1.4341694792571573,34,46,0,0,0,
09:13:01.388,14.07192807801616,14.07019550748752,16.855529312355753,14.07019550748752,6.644713905230176,-0.55325,17.03850009089427,0.3665891949196757,0.811793188638889,0.811794,285.016112,0.811794,807,0.8,1,0.05768883866789451,0.057696,16.909354,0.057696,6.634216446807868,6.63504,1709.96354382,6.63504,1.4341694792571573,34,46,0,0,0,
09:13:01.637,14.039981188496684,14.038321199439709,16.85539873035755,14.038321199439709,6.644713905230176,-0.55325,17.03850009089427,0.40631185723576874,0.811793188638889,0.811794,285.016112,0.811794,875,0.9,1,0.0578201051511388,0.057827,16.909485,0.057827,6.649312092380962,6.650105000000001,1709.97860882,6.650105000000001,1.5895723954316556,34,46,0,0,0,
09:13:01.854,14.039981188496684,14.038321199439709,16.85539873035755,14.038321199439709,6.627259313860428,-0.55325,17.03850009089427,0.40631185723576874,0.811793188638889,0.811794,285.016112,0.811794,875,0.9,1,0.0578201051511388,0.057827,16.909485,0.057827,6.649312092380962,6.650105000000001,1709.97860882,6.650105000000001,1.5895723954316556,34,46,0,0,0,
09:13:02.084,14.039981188496684,14.038321199439709,16.85539873035755,14.038321199439709,6.627259313860428,-0.56325,17.03850009089427,0.40631185723576874,0.811793188638889,0.811794,285.016112,0.811794,875,0.9,1,0.0578201051511388,0.057827,16.909485,0.057827,6.649312092380962,6.650105000000001,1709.97860882,6.650105000000001,1.5895723954316556,34,45,0,0,0,
09:13:02.543,14.039981188496684,14.038321199439709,16.85539873035755,14.038321199439709,6.627259313860428,-0.56325,17.03850009089427,0.40631185723576874,0.811793188638889,0.811794,285.016112,0.811794,875,0.9,1,0.0578201051511388,0.057827,16.909485,0.057827,6.649312092380962,6.650105000000001,1709.97860882,6.650105000000001,1.5895723954316556,34,45,0,0,0,
09:13:02.781,14.010556559100726,14.009008076206253,16.85527811824829,14.009008076206253,6.627259313860428,-0.56325,17.03850009089427,0.38157983114315686,0.811793188638889,0.811794,285.016112,0.811794,840,0.8,1,0.057941537526685835,0.057948,16.909606,0.057948,6.663276815568871,6.66402,1709.99252382,6.66402,1.492815814840164,34,45,0,0,0,
09:13:03.014,14.010556559100726,14.009008076206253,16.85527811824829,14.009008076206253,6.609889714168051,-0.56325,17.03850009089427,0.38157983114315686,0.811793188638889,0.811794,285.016112,0.811794,840,0.8,1,0.057941537526685835,0.057948,16.909606,0.057948,6.663276815568871,6.66402,1709.99252382,6.66402,1.492815814840164,34,45,0,0,0,
09:13:03.240,14.010556559100726,14.009008076206253,16.85527811824829,14.009008076206253,6.609889714168051,-0.57325,17.03850009089427,0.38157983114315686,0.811793188638889,0.811794,285.016112,0.811794,840,0.8,1,0.057941537526685835,0.057948,16.909606,0.057948,6.663276815568871,6.66402,1709.99252382,6.66402,1.492815814840164,34,44,0,0,0,
09:13:03.686,14.010556559100726,14.009008076206253,16.85527811824829,14.009008076206253,6.609889714168051,-0.57325,17.03850009089427,0.38157983114315686,0.811793188638889,0.811794,285.016112,0.811794,840,0.8,1,0.057941537526685835,0.057948,16.909606,0.057948,6.663276815568871,6.66402,1709.99252382,6.66402,1.492815814840164,34,44,0,0,0,
09:13:03.909,13.981171294072027,13.97957637334252,16.855156511092314,13.97957637334252,6.609889714168051,-0.57325,17.03850009089427,0.38864612431247453,0.811793188638889,0.811794,285.016112,0.811794,875,0.9,1,0.05806331755502393,0.05807,16.909728,0.05807,6.677281518827752,6.67805,1710.0065538200001,6.67805,1.5204605521520187,34,44,0,0,0,
09:13:04.141,13.981171294072027,13.97957637334252,16.855156511092314,13.97957637334252,6.59306355669972,-0.57325,17.03850009089427,0.38864612431247453,0.811793188638889,0.811794,285.016112,0.811794,875,0.9,1,0.05806331755502393,0.05807,16.909728,0.05807,6.677281518827752,6.67805,1710.0065538200001,6.67805,1.5204605521520187,34,44,0,0,0,
09:13:04.365,13.981171294072027,13.97957637334252,16.855156511092314,13.97957637334252,6.59306355669972,-0.56325,17.03850009089427,0.38864612431247453,0.811793188638889,0.811794,285.016112,0.811794,875,0.9,1,0.05806331755502393,0.05807,16.909728,0.05807,6.677281518827752,6.67805,1710.0065538200001,6.67805,1.5204605521520187,34,45,0,0,0,
09:13:04.828,13.981171294072027,13.97957637334252,16.855156511092314,13.97957637334252,6.59306355669972,-0.56325,17.03850009089427,0.38864612431247453,0.811793188638889,0.811794,285.016112,0.811794,875,0.9,1,0.05806331755502393,0.05807,16.909728,0.05807,6.677281518827752,6.67805,1710.0065538200001,6.67805,1.5204605521520187,34,45,0,0,0,
09:13:05.051,13.952050171923412,13.950507810486158,16.85503590244951,13.950507810486158,6.59306355669972,-0.56325,17.03850009089427,0.3820340928468987,0.811793188638889,0.811794,285.016112,0.811794,841,0.8,1,0.058184508988686955,0.058191,16.909849,0.058191,6.691218533699,6.691965,1710.0204688200001,6.691965,1.4945929765244974,34,45,0,0,0,
09:13:05.276,13.952050171923412,13.950507810486158,16.85503590244951,13.950507810486158,6.576241145534997,-0.56325,17.03850009089427,0.3820340928468987,0.811793188638889,0.811794,285.016112,0.811794,841,0.8,1,0.058184508988686955,0.058191,16.909849,0.058191,6.691218533699,6.691965,1710.0204688200001,6.691965,1.4945929765244974,34,45,0,0,0,
09:13:05.525,13.952050171923412,13.950507810486158,16.85503590244951,13.950507810486158,6.576241145534997,-0.57325,17.03850009089427,0.3820340928468987,0.811793188638889,0.811794,285.016112,0.811794,841,0.8,1,0.058184508988686955,0.058191,16.909849,0.058191,6.691218533699,6.691965,1710.0204688200001,6.691965,1.4945929765244974,34,44,0,0,0,
09:13:05.977,13.952050171923412,13.950507810486158,16.85503590244951,13.950507810486158,6.576241145534997,-0.57325,17.03850009089427,0.3820340928468987,0.811793188638889,0.811794,285.016112,0.811794,841,0.8,1,0.058184508988686955,0.058191,16.909849,0.058191,6.691218533699,6.691965,1710.0204688200001,6.691965,1.4945929765244974,34,44,0,0,0,
09:13:06.224,13.92231467695885,13.920843693732316,16.854912305300548,13.920843693732316,6.576241145534997,-0.57325,17.03850009089427,0.38153945232504644,0.811793188638889,0.811794,285.016112,0.811794,859,0.9,1,0.05830878036267852,0.058315,16.909973,0.058315,6.705509741708029,6.706225,1710.03472882,6.706225,1.4926578449126675,34,44,0,0,0,
09:13:06.453,13.92231467695885,13.920843693732316,16.854912305300548,13.920843693732316,6.558879141573713,-0.57325,17.03850009089427,0.38153945232504644,0.811793188638889,0.811794,285.016112,0.811794,859,0.9,1,0.05830878036267852,0.058315,16.909973,0.058315,6.705509741708029,6.706225,1710.03472882,6.706225,1.4926578449126675,34,44,0,0,0,
09:13:06.674,13.92231467695885,13.920843693732316,16.854912305300548,13.920843693732316,6.558879141573713,-0.56325,17.03850009089427,0.38153945232504644,0.811793188638889,0.811794,285.016112,0.811794,859,0.9,1,0.05830878036267852,0.058315,16.909973,0.058315,6.705509741708029,6.706225,1710.03472882,6.706225,1.4926578449126675,34,45,0,0,0,
09:13:07.132,13.92231467695885,13.920843693732316,16.854912305300548,13.920843693732316,6.558879141573713,-0.56325,17.03850009089427,0.38153945232504644,0.811793188638889,0.811794,285.016112,0.811794,859,0.9,1,0.05830878036267852,0.058315,16.909973,0.058315,6.705509741708029,6.706225,1710.03472882,6.706225,1.4926578449126675,34,45,0,0,0,
09:13:07.367,13.893218285321794,13.89178089224293,16.854790703423014,13.89178089224293,6.558879141573713,-0.56325,17.03850009089427,0.38475966306934994,0.811793188638889,0.811794,285.016112,0.811794,847,0.8,1,0.05843089570517652,0.058437,16.910095000000002,0.058437,6.7195530060953,6.720255000000001,1710.04875882,6.720255000000001,1.505255946630499,34,45,0,0,0,
09:13:07.581,13.893218285321794,13.89178089224293,16.854790703423014,13.89178089224293,6.542293010688613,-0.56325,17.03850009089427,0.38475966306934994,0.811793188638889,0.811794,285.016112,0.811794,847,0.8,1,0.05843089570517652,0.058437,16.910095000000002,0.058437,6.7195530060953,6.720255000000001,1710.04875882,6.720255000000001,1.505255946630499,34,45,0,0,0,
09:13:07.824,13.893218285321794,13.89178089224293,16.854790703423014,13.89178089224293,6.542293010688613,-0.56325,17.03850009089427,0.38475966306934994,0.811793188638889,0.811794,285.016112,0.811794,847,0.8,1,0.05843089570517652,0.058437,16.910095000000002,0.058437,6.7195530060953,6.720255000000001,1710.04875882,6.720255000000001,1.505255946630499,34,45,0,0,0,
09:13:08.281,13.893218285321794,13.89178089224293,16.854790703423014,13.89178089224293,6.542293010688613,-0.56325,17.03850009089427,0.38475966306934994,0.811793188638889,0.811794,285.016112,0.811794,847,0.8,1,0.05843089570517652,0.058437,16.910095000000002,0.058437,6.7195530060953,6.720255000000001,1710.04875882,6.720255000000001,1.505255946630499,34,45,0,0,0,
09:13:08.511,13.864660220492969,13.86331266970644,16.854671096730584,13.86331266970644,6.542293010688613,-0.56325,17.03850009089427,0.3788542609207058,0.811793188638889,0.811794,285.016112,0.811794,834,0.8,1,0.05855125013730954,0.058557,16.910215,0.058557,6.733393765790597,6.734055,1710.06255882,6.734055,1.4821528447341632,34,45,0,0,0,
09:13:08.741,13.864660220492969,13.86331266970644,16.854671096730584,13.86331266970644,6.525332806532419,-0.56325,17.03850009089427,0.3788542609207058,0.811793188638889,0.811794,285.016112,0.811794,834,0.8,1,0.05855125013730954,0.058557,16.910215,0.058557,6.733393765790597,6.734055,1710.06255882,6.734055,1.4821528447341632,34,45,0,0,0,
09:13:08.981,13.864660220492969,13.86331266970644,16.854671096730584,13.86331266970644,6.525332806532419,-0.56325,17.03850009089427,0.3788542609207058,0.811793188638889,0.811794,285.016112,0.811794,834,0.8,1,0.05855125013730954,0.058557,16.910215,0.058557,6.733393765790597,6.734055,1710.06255882,6.734055,1.4821528447341632,34,45,0,0,0,
09:13:09.434,13.864660220492969,13.86331266970644,16.854671096730584,13.86331266970644,6.525332806532419,-0.56325,17.03850009089427,0.3788542609207058,0.811793188638889,0.811794,285.016112,0.811794,834,0.8,1,0.05855125013730954,0.058557,16.910215,0.058557,6.733393765790597,6.734055,1710.06255882,6.734055,1.4821528447341632,34,45,0,0,0,
09:13:09.657,13.834666412757548,13.833310612773499,16.85454451483004,13.833310612773499,6.525332806532419,-0.56325,17.03850009089427,0.3983875141816055,0.811793188638889,0.811794,285.016112,0.811794,877,0.9,1,0.05867819030969183,0.058684,16.910342,0.058684,6.747991885614561,6.74866,1710.0771638200001,6.74866,1.558570797160505,34,45,0,0,0,
09:13:09.901,13.834666412757548,13.833310612773499,16.85454451483004,13.833310612773499,6.508495022125513,-0.56325,17.03850009089427,0.3983875141816055,0.811793188638889,0.811794,285.016112,0.811794,877,0.9,1,0.05867819030969183,0.058684,16.910342,0.058684,6.747991885614561,6.74866,1710.0771638200001,6.74866,1.558570797160505,34,45,0,0,0,
09:13:10.142,13.834666412757548,13.833310612773499,16.85454451483004,13.833310612773499,6.508495022125513,-0.57325,17.03850009089427,0.3983875141816055,0.811793188638889,0.811794,285.016112,0.811794,877,0.9,1,0.05867819030969183,0.058684,16.910342,0.058684,6.747991885614561,6.74866,1710.0771638200001,6.74866,1.558570797160505,34,44,0,0,0,
09:13:10.587,13.834666412757548,13.833310612773499,16.85454451483004,13.833310612773499,6.508495022125513,-0.57325,17.03850009089427,0.3983875141816055,0.811793188638889,0.811794,285.016112,0.811794,877,0.9,1,0.05867819030969183,0.058684,16.910342,0.058684,6.747991885614561,6.74866,1710.0771638200001,6.74866,1.558570797160505,34,44,0,0,0,
09:13:10.819,13.806579468746193,13.805316055303301,16.854425908317932,13.805316055303301,6.508495022125513,-0.57325,17.03850009089427,0.36999111034547577,0.811793188638889,0.811794,285.016112,0.811794,833,0.8,1,0.05879756028468432,0.058803,16.910461,0.058803,6.761719432738698,6.762345,1710.0908488200002,6.762345,1.447478445648722,34,44,0,0,0,
09:13:11.032,13.806579468746193,13.805316055303301,16.854425908317932,13.805316055303301,6.492166212985923,-0.57325,17.03850009089427,0.36999111034547577,0.811793188638889,0.811794,285.016112,0.811794,833,0.8,1,0.05879756028468432,0.058803,16.910461,0.058803,6.761719432738698,6.762345,1710.0908488200002,6.762345,1.447478445648722,34,44,0,0,0,
09:13:11.279,13.806579468746193,13.805316055303301,16.854425908317932,13.805316055303301,6.492166212985923,-0.57325,17.03850009089427,0.36999111034547577,0.811793188638889,0.811794,285.016112,0.811794,833,0.8,1,0.05879756028468432,0.058803,16.910461,0.058803,6.761719432738698,6.762345,1710.0908488200002,6.762345,1.447478445648722,34,44,0,0,0,
09:13:11.732,13.806579468746193,13.805316055303301,16.854425908317932,13.805316055303301,6.492166212985923,-0.57325,17.03850009089427,0.36999111034547577,0.811793188638889,0.811794,285.016112,0.811794,833,0.8,1,0.05879756028468432,0.058803,16.910461,0.058803,6.761719432738698,6.762345,1710.0908488200002,6.762345,1.447478445648722,34,44,0,0,0,
09:13:11.960,13.777160245749842,13.775797994196406,16.854300326771625,13.775797994196406,6.492166212985923,-0.57325,17.03850009089427,0.3957527962999026,0.811793188638889,0.811794,285.016112,0.811794,891,0.9,1,0.05892311435437659,0.058929,16.910587,0.058929,6.776158150753308,6.776835,1710.10533882,6.776835,1.5482632593913699,34,44,0,0,0,
09:13:12.176,13.777160245749842,13.775797994196406,16.854300326771625,13.775797994196406,6.475637368290601,-0.57325,17.03850009089427,0.3957527962999026,0.811793188638889,0.811794,285.016112,0.811794,891,0.9,1,0.05892311435437659,0.058929,16.910587,0.058929,6.776158150753308,6.776835,1710.10533882,6.776835,1.5482632593913699,34,44,0,0,0,
09:13:12.437,13.777160245749842,13.775797994196406,16.854300326771625,13.775797994196406,6.475637368290601,-0.56325,17.03850009089427,0.3957527962999026,0.811793188638889,0.811794,285.016112,0.811794,891,0.9,1,0.05892311435437659,0.058929,16.910587,0.058929,6.776158150753308,6.776835,1710.10533882,6.776835,1.5482632593913699,34,45,0,0,0,
09:13:12.888,13.777160245749842,13.775797994196406,16.854300326771625,13.775797994196406,6.475637368290601,-0.56325,17.03850009089427,0.3957527962999026,0.811793188638889,0.811794,285.016112,0.811794,891,0.9,1,0.05892311435437659,0.058929,16.910587,0.058929,6.776158150753308,6.776835,1710.10533882,6.776835,1.5482632593913699,34,45,0,0,0,
09:13:13.105,13.748972163059166,13.747569856054191,16.854179730381485,13.747569856054191,6.475637368290601,-0.56325,17.03850009089427,0.3802170460319313,0.811793188638889,0.811794,285.016112,0.811794,837,0.8,1,0.059043918266124686,0.05905,16.910708,0.05905,6.790050600604339,6.79075,1710.11925382,6.79075,1.4874843297871636,34,45,0,0,0,
09:13:13.357,13.748972163059166,13.747569856054191,16.854179730381485,13.747569856054191,6.458768726440691,-0.56325,17.03850009089427,0.3802170460319313,0.811793188638889,0.811794,285.016112,0.811794,837,0.8,1,0.059043918266124686,0.05905,16.910708,0.05905,6.790050600604339,6.79075,1710.11925382,6.79075,1.4874843297871636,34,45,0,0,0,
09:13:13.573,13.748972163059166,13.747569856054191,16.854179730381485,13.747569856054191,6.458768726440691,-0.56325,17.03850009089427,0.3802170460319313,0.811793188638889,0.811794,285.016112,0.811794,837,0.8,1,0.059043918266124686,0.05905,16.910708,0.05905,6.790050600604339,6.79075,1710.11925382,6.79075,1.4874843297871636,34,45,0,0,0,
09:13:14.016,13.748972163059166,13.747569856054191,16.854179730381485,13.747569856054191,6.458768726440691,-0.56325,17.03850009089427,0.3802170460319313,0.811793188638889,0.811794,285.016112,0.811794,837,0.8,1,0.059043918266124686,0.05905,16.910708,0.05905,6.790050600604339,6.79075,1710.11925382,6.79075,1.4874843297871636,34,45,0,0,0,
09:13:14.226,13.721905310975982,13.720616570327552,16.85406411893353,13.720616570327552,6.458768726440691,-0.56325,17.03850009089427,0.3747659055870289,0.811793188638889,0.811794,285.016112,0.811794,825,0.8,1,0.05916038408963118,0.059166,16.910824,0.059166,6.803444170307586,6.80409,1710.1325938200002,6.80409,1.4661583895751604,34,45,0,0,0,
09:13:14.469,13.721905310975982,13.720616570327552,16.85406411893353,13.720616570327552,6.442967059083608,-0.56325,17.03850009089427,0.3747659055870289,0.811793188638889,0.811794,285.016112,0.811794,825,0.8,1,0.05916038408963118,0.059166,16.910824,0.059166,6.803444170307586,6.80409,1710.1325938200002,6.80409,1.4661583895751604,34,45,0,0,0,
09:13:14.700,13.721905310975982,13.720616570327552,16.85406411893353,13.720616570327552,6.442967059083608,-0.56325,17.03850009089427,0.3747659055870289,0.811793188638889,0.811794,285.016112,0.811794,825,0.8,1,0.05916038408963118,0.059166,16.910824,0.059166,6.803444170307586,6.80409,1710.1325938200002,6.80409,1.4661583895751604,34,45,0,0,0,
09:13:15.168,13.721905310975982,13.720616570327552,16.85406411893353,13.720616570327552,6.442967059083608,-0.56325,17.03850009089427,0.3747659055870289,0.811793188638889,0.811794,285.016112,0.811794,825,0.8,1,0.05916038408963118,0.059166,16.910824,0.059166,6.803444170307586,6.80409,1710.1325938200002,6.80409,1.4661583895751604,34,45,0,0,0,
09:13:15.399,13.692919466173649,13.691690138469582,16.85393953940728,13.691690138469582,6.442967059083608,-0.56325,17.03850009089427,0.38339687795812427,0.811793188638889,0.811794,285.016112,0.811794,844,0.8,1,0.059285617697840486,0.059291,16.910949000000002,0.059291,6.817846035251656,6.818465000000001,1710.1469688200002,6.818465000000001,1.4999244615774978,34,45,0,0,0,
09:13:15.647,13.692919466173649,13.691690138469582,16.85393953940728,13.691690138469582,6.426268115234231,-0.56325,17.03850009089427,0.38339687795812427,0.811793188638889,0.811794,285.016112,0.811794,844,0.8,1,0.059285617697840486,0.059291,16.910949000000002,0.059291,6.817846035251656,6.818465000000001,1710.1469688200002,6.818465000000001,1.4999244615774978,34,45,0,0,0,
09:13:15.860,13.692919466173649,13.691690138469582,16.85393953940728,13.691690138469582,6.426268115234231,-0.56325,17.03850009089427,0.38339687795812427,0.811793188638889,0.811794,285.016112,0.811794,844,0.8,1,0.059285617697840486,0.059291,16.910949000000002,0.059291,6.817846035251656,6.818465000000001,1710.1469688200002,6.818465000000001,1.4999244615774978,34,45,0,0,0,
09:13:16.330,13.692919466173649,13.691690138469582,16.85393953940728,13.691690138469582,6.426268115234231,-0.56325,17.03850009089427,0.38339687795812427,0.811793188638889,0.811794,285.016112,0.811794,844,0.8,1,0.059285617697840486,0.059291,16.910949000000002,0.059291,6.817846035251656,6.818465000000001,1710.1469688200002,6.818465000000001,1.4999244615774978,34,45,0,0,0,
09:13:16.557,13.664433893321744,13.663115374905326,16.853815958336885,13.663115374905326,6.426268115234231,-0.56325,17.03850009089427,0.3843054013656079,0.811793188638889,0.811794,285.016112,0.811794,846,0.8,1,0.059409207507355205,0.059415,16.911073000000002,0.059415,6.832058863345849,6.832725,1710.1612288200001,6.832725,1.5034787849461646,34,45,0,0,0,
09:13:16.791,13.664433893321744,13.663115374905326,16.853815958336885,13.663115374905326,6.410128810876371,-0.56325,17.03850009089427,0.3843054013656079,0.811793188638889,0.811794,285.016112,0.811794,846,0.8,1,0.059409207507355205,0.059415,16.911073000000002,0.059415,6.832058863345849,6.832725,1710.1612288200001,6.832725,1.5034787849461646,34,45,0,0,0,
09:13:17.026,13.664433893321744,13.663115374905326,16.853815958336885,13.663115374905326,6.410128810876371,-0.57325,17.03850009089427,0.3843054013656079,0.811793188638889,0.811794,285.016112,0.811794,846,0.8,1,0.059409207507355205,0.059415,16.911073000000002,0.059415,6.832058863345849,6.832725,1710.1612288200001,6.832725,1.5034787849461646,34,44,0,0,0,
09:13:17.456,13.664433893321744,13.663115374905326,16.853815958336885,13.663115374905326,6.410128810876371,-0.57325,17.03850009089427,0.3843054013656079,0.811793188638889,0.811794,285.016112,0.811794,846,0.8,1,0.059409207507355205,0.059415,16.911073000000002,0.059415,6.832058863345849,6.832725,1710.1612288200001,6.832725,1.5034787849461646,34,44,0,0,0,
09:13:17.699,13.637261733581369,13.636033796381838,16.853698358678585,13.636033796381838,6.410128810876371,-0.57325,17.03850009089427,0.37310027933997547,0.811793188638889,0.811794,285.016112,0.811794,840,0.8,1,0.05952757998622784,0.059533,16.911191,0.059533,6.845671698416202,6.8462950000000005,1710.1747988200002,6.8462950000000005,1.4596421300659372,34,44,0,0,0,
09:13:17.927,13.637261733581369,13.636033796381838,16.853698358678585,13.636033796381838,6.394199646606621,-0.57325,17.03850009089427,0.37310027933997547,0.811793188638889,0.811794,285.016112,0.811794,840,0.8,1,0.05952757998622784,0.059533,16.911191,0.059533,6.845671698416202,6.8462950000000005,1710.1747988200002,6.8462950000000005,1.4596421300659372,34,44,0,0,0,
09:13:18.146,13.637261733581369,13.636033796381838,16.853698358678585,13.636033796381838,6.394199646606621,-0.56325,17.03850009089427,0.37310027933997547,0.811793188638889,0.811794,285.016112,0.811794,840,0.8,1,0.05952757998622784,0.059533,16.911191,0.059533,6.845671698416202,6.8462950000000005,1710.1747988200002,6.8462950000000005,1.4596421300659372,34,45,0,0,0,
09:13:18.627,13.637261733581369,13.636033796381838,16.853698358678585,13.636033796381838,6.394199646606621,-0.56325,17.03850009089427,0.37310027933997547,0.811793188638889,0.811794,285.016112,0.811794,840,0.8,1,0.05952757998622784,0.059533,16.911191,0.059533,6.845671698416202,6.8462950000000005,1710.1747988200002,6.8462950000000005,1.4596421300659372,34,45,0,0,0,
09:13:18.826,13.610173214941199,13.609059361955374,16.8535807606614,13.609059361955374,6.394199646606621,-0.56325,17.03850009089427,0.3788542609207058,0.811793188638889,0.811794,285.016112,0.811794,834,0.8,1,0.05964605856358283,0.059651,16.911309,0.059651,6.859296734812025,6.859865,1710.18836882,6.859865,1.4821528447341632,34,45,0,0,0,
09:13:19.065,13.610173214941199,13.609059361955374,16.8535807606614,13.609059361955374,6.378333638463496,-0.56325,17.03850009089427,0.3788542609207058,0.811793188638889,0.811794,285.016112,0.811794,834,0.8,1,0.05964605856358283,0.059651,16.911309,0.059651,6.859296734812025,6.859865,1710.18836882,6.859865,1.4821528447341632,34,45,0,0,0,
09:13:19.292,13.610173214941199,13.609059361955374,16.8535807606614,13.609059361955374,6.378333638463496,-0.56325,17.03850009089427,0.3788542609207058,0.811793188638889,0.811794,285.016112,0.811794,834,0.8,1,0.05964605856358283,0.059651,16.911309,0.059651,6.859296734812025,6.859865,1710.18836882,6.859865,1.4821528447341632,34,45,0,0,0,
09:13:19.763,13.610173214941199,13.609059361955374,16.8535807606614,13.609059361955374,6.378333638463496,-0.56325,17.03850009089427,0.3788542609207058,0.811793188638889,0.811794,285.016112,0.811794,834,0.8,1,0.05964605856358283,0.059651,16.911309,0.059651,6.859296734812025,6.859865,1710.18836882,6.859865,1.4821528447341632,34,45,0,0,0,
09:13:19.997,13.581080540593863,13.579919369678315,16.853453198566157,13.579919369678315,6.378333638463496,-0.56325,17.03850009089427,0.3929363737367031,0.811793188638889,0.811794,285.016112,0.811794,865,0.9,1,0.059773829203975226,0.059779,16.911437,0.059779,6.873990358457151,6.874585,1710.2030888200002,6.874585,1.5372448569485018,34,45,0,0,0,
09:13:20.221,13.581080540593863,13.579919369678315,16.853453198566157,13.579919369678315,6.362276713079586,-0.56325,17.03850009089427,0.3929363737367031,0.811793188638889,0.811794,285.016112,0.811794,865,0.9,1,0.059773829203975226,0.059779,16.911437,0.059779,6.873990358457151,6.874585,1710.2030888200002,6.874585,1.5372448569485018,34,45,0,0,0,
09:13:20.436,13.581080540593863,13.579919369678315,16.853453198566157,13.579919369678315,6.362276713079586,-0.56325,17.03850009089427,0.3929363737367031,0.811793188638889,0.811794,285.016112,0.811794,865,0.9,1,0.059773829203975226,0.059779,16.911437,0.059779,6.873990358457151,6.874585,1710.2030888200002,6.874585,1.5372448569485018,34,45,0,0,0,
09:13:20.888,13.581080540593863,13.579919369678315,16.853453198566157,13.579919369678315,6.362276713079586,-0.56325,17.03850009089427,0.3929363737367031,0.811793188638889,0.811794,285.016112,0.811794,865,0.9,1,0.059773829203975226,0.059779,16.911437,0.059779,6.873990358457151,6.874585,1710.2030888200002,6.874585,1.5372448569485018,34,45,0,0,0,
09:13:21.134,13.553595868875384,13.552487479131885,16.85333261429846,13.552487479131885,6.362276713079586,-0.56325,17.03850009089427,0.38339687795812427,0.811793188638889,0.811794,285.016112,0.811794,844,0.8,1,0.059895041617929544,0.0599,16.911558,0.0599,6.887929786061898,6.8885000000000005,1710.2170038200002,6.8885000000000005,1.4999244615774978,34,45,0,0,0,
09:13:21.344,13.553595868875384,13.552487479131885,16.85333261429846,13.552487479131885,6.34676715768579,-0.56325,17.03850009089427,0.38339687795812427,0.811793188638889,0.811794,285.016112,0.811794,844,0.8,1,0.059895041617929544,0.0599,16.911558,0.0599,6.887929786061898,6.8885000000000005,1710.2170038200002,6.8885000000000005,1.4999244615774978,34,45,0,0,0,
09:13:21.574,13.553595868875384,13.552487479131885,16.85333261429846,13.552487479131885,6.34676715768579,-0.57325,17.03850009089427,0.38339687795812427,0.811793188638889,0.811794,285.016112,0.811794,844,0.8,1,0.059895041617929544,0.0599,16.911558,0.0599,6.887929786061898,6.8885000000000005,1710.2170038200002,6.8885000000000005,1.4999244615774978,34,44,0,0,0,
09:13:22.037,13.553595868875384,13.552487479131885,16.85333261429846,13.552487479131885,6.34676715768579,-0.57325,17.03850009089427,0.38339687795812427,0.811793188638889,0.811794,285.016112,0.811794,844,0.8,1,0.059895041617929544,0.0599,16.911558,0.0599,6.887929786061898,6.8885000000000005,1710.2170038200002,6.8885000000000005,1.4999244615774978,34,44,0,0,0,
09:13:22.271,13.527177702575996,13.526067614175982,16.853216017928446,13.526067614175982,6.34676715768579,-0.57325,17.03850009089427,0.36999111034547577,0.811793188638889,0.811794,285.016112,0.811794,833,0.8,1,0.06001201481106428,0.060017,16.911675,0.060017,6.901381703272392,6.901955,1710.2304588200002,6.901955,1.447478445648722,34,44,0,0,0,
09:13:22.513,13.527177702575996,13.526067614175982,16.853216017928446,13.526067614175982,6.330686569464255,-0.57325,17.03850009089427,0.36999111034547577,0.811793188638889,0.811794,285.016112,0.811794,833,0.8,1,0.06001201481106428,0.060017,16.911675,0.060017,6.901381703272392,6.901955,1710.2304588200002,6.901955,1.447478445648722,34,44,0,0,0,
09:13:22.729,13.527177702575996,13.526067614175982,16.853216017928446,13.526067614175982,6.330686569464255,-0.56325,17.03850009089427,0.36999111034547577,0.811793188638889,0.811794,285.016112,0.811794,833,0.8,1,0.06001201481106428,0.060017,16.911675,0.060017,6.901381703272392,6.901955,1710.2304588200002,6.901955,1.447478445648722,34,45,0,0,0,
09:13:23.208,13.527177702575996,13.526067614175982,16.853216017928446,13.526067614175982,6.330686569464255,-0.56325,17.03850009089427,0.36999111034547577,0.811793188638889,0.811794,285.016112,0.811794,833,0.8,1,0.06001201481106428,0.060017,16.911675,0.060017,6.901381703272392,6.901955,1710.2304588200002,6.901955,1.447478445648722,34,45,0,0,0,
09:13:23.429,13.498979653972327,13.4979548402115,16.853091450939583,13.4979548402115,6.330686569464255,-0.56325,17.03850009089427,0.390210803514252,0.811793188638889,0.811794,285.016112,0.811794,859,0.9,1,0.06013737404219316,0.060142,16.9118,0.060142,6.915798014852213,6.91633,1710.2448338200002,6.91633,1.5265818868425012,34,45,0,0,0,
09:13:23.667,13.498979653972327,13.4979548402115,16.853091450939583,13.4979548402115,6.314911541286026,-0.56325,17.03850009089427,0.390210803514252,0.811793188638889,0.811794,285.016112,0.811794,859,0.9,1,0.06013737404219316,0.060142,16.9118,0.060142,6.915798014852213,6.91633,1710.2448338200002,6.91633,1.5265818868425012,34,45,0,0,0,
09:13:23.890,13.498979653972327,13.4979548402115,16.853091450939583,13.4979548402115,6.314911541286026,-0.56325,17.03850009089427,0.390210803514252,0.811793188638889,0.811794,285.016112,0.811794,859,0.9,1,0.06013737404219316,0.060142,16.9118,0.060142,6.915798014852213,6.91633,1710.2448338200002,6.91633,1.5265818868425012,34,45,0,0,0,
09:13:24.345,13.498979653972327,13.4979548402115,16.853091450939583,13.4979548402115,6.314911541286026,-0.56325,17.03850009089427,0.390210803514252,0.811793188638889,0.811794,285.016112,0.811794,859,0.9,1,0.06013737404219316,0.060142,16.9118,0.060142,6.915798014852213,6.91633,1710.2448338200002,6.91633,1.5265818868425012,34,45,0,0,0,
09:13:24.583,13.472539858750002,13.471523398606042,16.85297386139171,13.471523398606042,6.314911541286026,-0.56325,17.03850009089427,0.36795198003090124,0.811793188638889,0.811794,285.016112,0.811794,810,0.8,1,0.06025539335195614,0.06026,16.911918,0.06026,6.9293702354749565,6.9299,1710.2584038200002,6.9299,1.4395009643101582,34,45,0,0,0,
09:13:24.813,13.472539858750002,13.471523398606042,16.85297386139171,13.471523398606042,6.2993032835979745,-0.56325,17.03850009089427,0.36795198003090124,0.811793188638889,0.811794,285.016112,0.811794,810,0.8,1,0.06025539335195614,0.06026,16.911918,0.06026,6.9293702354749565,6.9299,1710.2584038200002,6.9299,1.4395009643101582,34,45,0,0,0,
09:13:25.045,13.472539858750002,13.471523398606042,16.85297386139171,13.471523398606042,6.2993032835979745,-0.54325,17.03850009089427,0.36795198003090124,0.811793188638889,0.811794,285.016112,0.811794,810,0.8,1,0.06025539335195614,0.06026,16.911918,0.06026,6.9293702354749565,6.9299,1710.2584038200002,6.9299,1.4395009643101582,34,47,0,0,0,
09:13:25.507,13.472539858750002,13.471523398606042,16.85297386139171,13.471523398606042,6.2993032835979745,-0.54325,17.03850009089427,0.36795198003090124,0.811793188638889,0.811794,285.016112,0.811794,810,0.8,1,0.06025539335195614,0.06026,16.911918,0.06026,6.9293702354749565,6.9299,1710.2584038200002,6.9299,1.4395009643101582,34,47,0,0,0,
09:13:25.715,13.446885719926682,13.445863354037268,16.852859262987483,13.445863354037268,6.2993032835979745,-0.54325,17.03850009089427,0.3658018079665232,0.811793188638889,0.811794,285.016112,0.811794,771,0.8,1,0.06037034935426783,0.060375,16.912033,0.060375,6.9425901757408,6.943125,1710.2716288200002,6.943125,1.4310890656709792,34,47,0,0,0,
09:13:25.949,13.446885719926682,13.445863354037268,16.852859262987483,13.445863354037268,6.283926940567263,-0.54325,17.03850009089427,0.3658018079665232,0.811793188638889,0.811794,285.016112,0.811794,771,0.8,1,0.06037034935426783,0.060375,16.912033,0.060375,6.9425901757408,6.943125,1710.2716288200002,6.943125,1.4310890656709792,34,47,0,0,0,
09:13:26.179,13.446885719926682,13.445863354037268,16.852859262987483,13.445863354037268,6.283926940567263,-0.37325,17.03850009089427,0.3658018079665232,0.811793188638889,0.811794,285.016112,0.811794,771,0.8,1,0.06037034935426783,0.060375,16.912033,0.060375,6.9425901757408,6.943125,1710.2716288200002,6.943125,1.4310890656709792,34,64,0,0,0,
09:13:26.648,13.446885719926682,13.445863354037268,16.852859262987483,13.445863354037268,6.283926940567263,-0.37325,17.03850009089427,0.3658018079665232,0.811793188638889,0.811794,285.016112,0.811794,771,0.8,1,0.06037034935426783,0.060375,16.912033,0.060375,6.9425901757408,6.943125,1710.2716288200002,6.943125,1.4310890656709792,34,64,0,0,0,
09:13:26.891,13.410799928241417,13.409881560037663,16.852697831357784,13.409881560037663,6.283926940567263,-0.37325,17.03850009089427,0.4974670391199674,0.811793188638889,0.811794,285.016112,0.811794,770,0.8,1,0.06053279394090111,0.060537,16.912195,0.060537,6.9612713032036275,6.961755,1710.2902588200002,6.961755,1.9461895067545838,34,64,0,0,0,
09:13:27.115,13.410799928241417,13.409881560037663,16.852697831357784,13.409881560037663,6.268180474308104,-0.37325,17.03850009089427,0.4974670391199674,0.811793188638889,0.811794,285.016112,0.811794,770,0.8,1,0.06053279394090111,0.060537,16.912195,0.060537,6.9612713032036275,6.961755,1710.2902588200002,6.961755,1.9461895067545838,34,64,0,0,0,
09:13:27.341,13.410799928241417,13.409881560037663,16.852697831357784,13.409881560037663,6.268180474308104,-0.35325,17.03850009089427,0.4974670391199674,0.811793188638889,0.811794,285.016112,0.811794,770,0.8,1,0.06053279394090111,0.060537,16.912195,0.060537,6.9612713032036275,6.961755,1710.2902588200002,6.961755,1.9461895067545838,34,66,0,0,0,
09:13:27.794,13.410799928241417,13.409881560037663,16.852697831357784,13.409881560037663,6.268180474308104,-0.35325,17.03850009089427,0.4974670391199674,0.811793188638889,0.811794,285.016112,0.811794,770,0.8,1,0.06053279394090111,0.060537,16.912195,0.060537,6.9612713032036275,6.961755,1710.2902588200002,6.961755,1.9461895067545838,34,66,0.7843137254901961,0,0,
09:13:28.025,13.372146912576312,13.371228093292924,16.852523448812914,13.371228093292924,6.268180474308104,-0.35325,17.03850009089427,0.5549866655182137,0.811793188638889,0.811794,285.016112,0.811794,833,0.8,1,0.060707767716447175,0.060712,16.91237,0.060712,6.981393287391425,6.98188,1710.3103838200002,6.98188,2.1712176684730826,34,66,0.7843137254901961,0,0,
09:13:28.264,13.372146912576312,13.371228093292924,16.852523448812914,13.371228093292924,6.252814932273547,-0.35325,17.03850009089427,0.5549866655182137,0.811793188638889,0.811794,285.016112,0.811794,833,0.8,1,0.060707767716447175,0.060712,16.91237,0.060712,6.981393287391425,6.98188,1710.3103838200002,6.98188,2.1712176684730826,34,66,0.7843137254901961,0,0,
09:13:28.510,13.372146912576312,13.371228093292924,16.852523448812914,13.371228093292924,6.252814932273547,-0.42325,17.03850009089427,0.5549866655182137,0.811793188638889,0.811794,285.016112,0.811794,833,0.8,1,0.060707767716447175,0.060712,16.91237,0.060712,6.981393287391425,6.98188,1710.3103838200002,6.98188,2.1712176684730826,34,59,0.7843137254901961,0,0,
09:13:28.959,13.372146912576312,13.371228093292924,16.852523448812914,13.371228093292924,6.252814932273547,-0.42325,17.03850009089427,0.5549866655182137,0.811793188638889,0.811794,285.016112,0.811794,833,0.8,1,0.060707767716447175,0.060712,16.91237,0.060712,6.981393287391425,6.98188,1710.3103838200002,6.98188,2.1712176684730826,34,59,3.5294117647058822,0,0,
09:13:29.180,13.321367644073135,13.320545427694732,16.852293269379437,13.320545427694732,6.252814932273547,-0.42325,17.03850009089427,0.721724505452146,0.811793188638889,0.811794,285.016112,0.811794,1131,1.1,1,0.06093917759263009,0.060943,16.912601000000002,0.060943,7.0080054231524604,7.008445,1710.33694882,7.008445,2.823529096045047,34,59,3.5294117647058822,0,0,
09:13:29.410,13.321367644073135,13.320545427694732,16.852293269379437,13.320545427694732,6.23748253921423,-0.42325,17.03850009089427,0.721724505452146,0.811793188638889,0.811794,285.016112,0.811794,1131,1.1,1,0.06093917759263009,0.060943,16.912601000000002,0.060943,7.0080054231524604,7.008445,1710.33694882,7.008445,2.823529096045047,34,59,3.5294117647058822,0,0,
09:13:29.650,13.321367644073135,13.320545427694732,16.852293269379437,13.320545427694732,6.23748253921423,-0.38325000000000004,17.03850009089427,0.721724505452146,0.811793188638889,0.811794,285.016112,0.811794,1131,1.1,1,0.06093917759263009,0.060943,16.912601000000002,0.060943,7.0080054231524604,7.008445,1710.33694882,7.008445,2.823529096045047,34,63,3.5294117647058822,0,0,
09:13:30.124,13.321367644073135,13.320545427694732,16.852293269379437,13.320545427694732,6.23748253921423,-0.38325000000000004,17.03850009089427,0.721724505452146,0.811793188638889,0.811794,285.016112,0.811794,1131,1.1,1,0.06093917759263009,0.060943,16.912601000000002,0.060943,7.0080054231524604,7.008445,1710.33694882,7.008445,2.823529096045047,34,63,3.9215686274509802,0,0,
09:13:30.346,13.282404587479608,13.281535290075585,16.852114909553602,13.281535290075585,6.23748253921423,-0.38325000000000004,17.03850009089427,0.5520188223871003,0.811793188638889,0.811794,285.016112,0.811794,868,0.9,1,0.06111793864524422,0.061122,16.91278,0.061122,7.0285629442030855,7.0290300000000006,1710.35753382,7.0290300000000006,2.159606878802104,34,63,3.9215686274509802,0,0,
09:13:30.587,13.282404587479608,13.281535290075585,16.852114909553602,13.281535290075585,6.229368824900484,-0.38325000000000004,5.434597296931056,0.5520188223871003,0.812774166888889,0.812775,285.017093,0.812775,868,0.9,1,0.06111793864524422,0.061122,16.91278,0.061122,7.0285629442030855,7.0290300000000006,1710.35753382,7.0290300000000006,2.159606878802104,34,63,3.9215686274509802,0.018320265856947293,3,
09:13:30.790,13.282404587479608,13.281535290075585,16.852114909553602,13.281535290075585,6.229368824900484,-0.42325,5.434597296931056,0.5520188223871003,0.812774166888889,0.812775,285.017093,0.812775,868,0.9,1,0.06111793864524422,0.061122,16.91278,0.061122,7.0285629442030855,7.0290300000000006,1710.35753382,7.0290300000000006,2.159606878802104,34,59,3.9215686274509802,0.018320265856947293,3,
09:13:31.242,13.282404587479608,13.281535290075585,16.852114909553602,13.281535290075585,6.229368824900484,-0.42325,5.434597296931056,0.5520188223871003,0.812774166888889,0.812775,285.017093,0.812775,868,0.9,1,0.06111793864524422,0.061122,16.91278,0.061122,7.0285629442030855,7.0290300000000006,1710.35753382,7.0290300000000006,2.159606878802104,34,59,4.313725490196078,0.018320265856947293,3,
09:13:31.477,13.26578292907989,13.264814845037781,16.852022455480956,13.264814845037781,6.229368824900484,-0.42325,5.434597296931056,0.47885240397107903,0.812774166888889,0.812775,285.017093,0.812775,804,0.8,1,0.061268465738815066,0.061273,16.912931,0.061273,7.0458735599637325,7.046395,1710.3748988200002,7.046395,1.8733653701787836,34,59,4.313725490196078,0.018320265856947293,3,
09:13:31.699,13.26578292907989,13.264814845037781,16.852022455480956,13.264814845037781,6.2264654676340365,-0.42325,10.441630779203486,0.47885240397107903,0.8143185000833335,0.814319,285.018637,0.814319,804,0.8,1,0.061268465738815066,0.061273,16.912931,0.061273,7.0458735599637325,7.046395,1710.3748988200002,7.046395,1.8733653701787836,34,59,4.313725490196078,0.030900916948446554,5,
09:13:31.938,13.26578292907989,13.264814845037781,16.852022455480956,13.264814845037781,6.2264654676340365,-0.16325000000000003,10.441630779203486,0.47885240397107903,0.8143185000833335,0.814319,285.018637,0.814319,804,0.8,1,0.061268465738815066,0.061273,16.912931,0.061273,7.0458735599637325,7.046395,1710.3748988200002,7.046395,1.8733653701787836,34,85,4.313725490196078,0.030900916948446554,5,
09:13:32.392,13.26578292907989,13.264814845037781,16.852022455480956,13.264814845037781,6.2264654676340365,-0.16325000000000003,10.441630779203486,0.47885240397107903,0.8143185000833335,0.814319,285.018637,0.814319,804,0.8,1,0.061268465738815066,0.061273,16.912931,0.061273,7.0458735599637325,7.046395,1710.3748988200002,7.046395,1.8733653701787836,34,85,14.509803921568627,0.030900916948446554,5,
09:13:32.624,13.213913019220072,13.213029368813892,16.851758037822094,13.213029368813892,6.2264654676340365,-0.16325000000000003,10.441630779203486,1.1225131172106726,0.8143185000833335,0.814319,285.018637,0.814319,1221,1.2,1,0.061625840801197984,0.06163,16.913288,0.06163,7.086971692137769,7.08745,1710.4159538200001,7.08745,4.391493462108458,34,85,14.509803921568627,0.030900916948446554,5,
09:13:32.850,13.213913019220072,13.213029368813892,16.851758037822094,13.213029368813892,6.21860000778438,-0.16325000000000003,2.67257455971177,1.1225131172106726,0.8152773068333335,0.815278,285.019596,0.815278,1221,1.2,1,0.061625840801197984,0.06163,16.913288,0.06163,7.086971692137769,7.08745,1710.4159538200001,7.08745,4.391493462108458,34,85,14.509803921568627,0.030900916948446554,3,
09:13:33.076,13.213913019220072,13.213029368813892,16.851758037822094,13.213029368813892,6.21860000778438,-0.16325000000000003,2.67257455971177,1.1225131172106726,0.8152773068333335,0.815278,285.019596,0.815278,1221,1.2,1,0.061625840801197984,0.06163,16.913288,0.06163,7.086971692137769,7.08745,1710.4159538200001,7.08745,4.391493462108458,34,85,14.509803921568627,0.030900916948446554,3,
09:13:33.538,13.213913019220072,13.213029368813892,16.851758037822094,13.213029368813892,6.21860000778438,-0.16325000000000003,2.67257455971177,1.1225131172106726,0.8152773068333335,0.815278,285.019596,0.815278,1221,1.2,1,0.061625840801197984,0.06163,16.913288,0.06163,7.086971692137769,7.08745,1710.4159538200001,7.08745,4.391493462108458,34,85,18.431372549019606,0.030900916948446554,3,
09:13:33.766,13.014423832427633,13.013631720086835,16.850800499884535,13.013631720086835,6.21860000778438,-0.16325000000000003,2.67257455971177,3.208493676548114,0.8152773068333335,0.815278,285.019596,0.815278,3490,3.5,1,0.06264413371892288,0.062648,16.914306,0.062648,7.204075377676132,7.20452,1710.5330238200002,7.20452,12.552262229941453,34,85,18.431372549019606,0.030900916948446554,3,
09:13:34.003,13.014423832427633,13.013631720086835,16.850800499884535,13.013631720086835,6.215632357099491,-0.16325000000000003,1.5583636759350867,3.208493676548114,0.8168775768333335,0.816878,285.021196,0.816878,3490,3.5,1,0.06264413371892288,0.062648,16.914306,0.062648,7.204075377676132,7.20452,1710.5330238200002,7.20452,12.552262229941453,34,85,18.431372549019606,0.030900916948446554,5,
09:13:34.230,13.014423832427633,13.013631720086835,16.850800499884535,13.013631720086835,6.215632357099491,-0.36325,1.5583636759350867,3.208493676548114,0.8168775768333335,0.816878,285.021196,0.816878,3490,3.5,1,0.06264413371892288,0.062648,16.914306,0.062648,7.204075377676132,7.20452,1710.5330238200002,7.20452,12.552262229941453,34,65,18.431372549019606,0.030900916948446554,5,
09:13:34.685,13.014423832427633,13.013631720086835,16.850800499884535,13.013631720086835,6.215632357099491,-0.36325,1.5583636759350867,3.208493676548114,0.8168775768333335,0.816878,285.021196,0.816878,3490,3.5,1,0.06264413371892288,0.062648,16.914306,0.062648,7.204075377676132,7.20452,1710.5330238200002,7.20452,12.552262229941453,34,65,14.117647058823529,0.030900916948446554,5,
09:13:34.938,12.936527525461058,12.935723447718887,16.850395987373663,12.935723447718887,6.215632357099491,-0.36325,1.5583636759350867,1.5396227030393528,0.8168775768333335,0.816878,285.021196,0.816878,2190,2.2,1,0.06314504222447592,0.063149,16.914807,0.063149,7.261679855814731,7.262135,1710.59063882,7.262135,6.023308708687566,34,65,14.117647058823529,0.030900916948446554,5,
09:13:35.154,12.936527525461058,12.935723447718887,16.850395987373663,12.935723447718887,6.224819489675498,-0.36325,6.495097779643745,1.5396227030393528,0.8200758379444446,0.820076,285.024394,0.820076,2190,2.2,1,0.06314504222447592,0.063149,16.914807,0.063149,7.261679855814731,7.262135,1710.59063882,7.262135,6.023308708687566,34,65,14.117647058823529,0.030900916948446554,10,
09:13:35.388,12.936527525461058,12.935723447718887,16.850395987373663,12.935723447718887,6.224819489675498,-0.26325000000000004,6.495097779643745,1.5396227030393528,0.8200758379444446,0.820076,285.024394,0.820076,2190,2.2,1,0.06314504222447592,0.063149,16.914807,0.063149,7.261679855814731,7.262135,1710.59063882,7.262135,6.023308708687566,34,75,14.117647058823529,0.030900916948446554,10,
09:13:35.838,12.936527525461058,12.935723447718887,16.850395987373663,12.935723447718887,6.224819489675498,-0.26325000000000004,6.495097779643745,1.5396227030393528,0.8200758379444446,0.820076,285.024394,0.820076,2190,2.2,1,0.06314504222447592,0.063149,16.914807,0.063149,7.261679855814731,7.262135,1710.59063882,7.262135,6.023308708687566,34,75,14.509803921568627,0.030900916948446554,10,
09:13:36.088,12.850150203853026,12.84942496317884,16.84991463440588,12.84942496317884,6.224819489675498,-0.26325000000000004,6.495097779643745,2.1074498327166697,0.8200758379444446,0.820076,285.024394,0.820076,2598,2.6,1,0.06381838538342927,0.063822,16.91548,0.063822,7.3391143190943655,7.339530000000001,1710.6680338200001,7.339530000000001,8.244760814104476,34,75,14.509803921568627,0.030900916948446554,10,
09:13:36.307,12.850150203853026,12.84942496317884,16.84991463440588,12.84942496317884,6.246105304574253,-0.26325000000000004,7.117607151133847,2.1074498327166697,0.8248809937777779,0.824881,285.029199,0.824881,2598,2.6,1,0.06381838538342927,0.063822,16.91548,0.063822,7.3391143190943655,7.339530000000001,1710.6680338200001,7.339530000000001,8.244760814104476,34,75,14.509803921568627,0.030900916948446554,15,
09:13:36.611,12.850150203853026,12.84942496317884,16.84991463440588,12.84942496317884,6.246105304574253,-0.35325,7.117607151133847,2.1074498327166697,0.8248809937777779,0.824881,285.029199,0.824881,2598,2.6,1,0.06381838538342927,0.063822,16.91548,0.063822,7.3391143190943655,7.339530000000001,1710.6680338200001,7.339530000000001,8.244760814104476,34,66,14.509803921568627,0.030900916948446554,15,
09:13:37.088,12.850150203853026,12.84942496317884,16.84991463440588,12.84942496317884,6.246105304574253,-0.35325,7.117607151133847,2.1074498327166697,0.8248809937777779,0.824881,285.029199,0.824881,2598,2.6,1,0.06381838538342927,0.063822,16.91548,0.063822,7.3391143190943655,7.339530000000001,1710.6680338200001,7.339530000000001,8.244760814104476,34,66,14.117647058823529,0.030900916948446554,15,
09:13:37.321,12.768435117325991,12.76767223365889,16.849416759550646,12.76767223365889,6.246105304574253,-0.35325,7.117607151133847,2.287856623631291,0.8248809937777779,0.824881,285.029199,0.824881,3205,3.2,1,0.0646031393979098,0.064607,16.916265,0.064607,7.429361030759628,7.429805,1710.7583088200001,7.429805,8.950547883025505,34,66,14.117647058823529,0.030900916948446554,15,
09:13:37.551,12.768435117325991,12.76767223365889,16.849416759550646,12.76767223365889,6.284591626205108,-0.35325,9.178896869275293,2.287856623631291,0.8321342893611112,0.832134,285.036452,0.832134,3205,3.2,1,0.0646031393979098,0.064607,16.916265,0.064607,7.429361030759628,7.429805,1710.7583088200001,7.429805,8.950547883025505,34,66,14.117647058823529,0.10845870337293101,21,
09:13:37.763,12.768435117325991,12.76767223365889,16.849416759550646,12.76767223365889,6.284591626205108,-0.79325,9.178896869275293,2.287856623631291,0.8321342893611112,0.832134,285.036452,0.832134,3205,3.2,1,0.0646031393979098,0.064607,16.916265,0.064607,7.429361030759628,7.429805,1710.7583088200001,7.429805,8.950547883025505,34,22,14.117647058823529,0.10845870337293101,21,
09:13:38.191,12.768435117325991,12.76767223365889,16.849416759550646,12.76767223365889,6.284591626205108,-0.79325,9.178896869275293,2.287856623631291,0.8321342893611112,0.832134,285.036452,0.832134,3205,3.2,0,0.0646031393979098,0.064607,16.916265,0.064607,7.429361030759628,7.429805,1710.7583088200001,7.429805,8.950547883025505,34,22,0,0.10845870337293101,21,
09:13:38.427,12.880709778448233,12.87993561069234,16.849845518499503,12.87993561069234,6.284591626205108,-0.79325,9.178896869275293,0,0.8321342893611112,0.832134,285.036452,0.832134,1448,1.4,0,0.0646031393979098,0.064607,16.916265,0.064607,7.429361030759628,7.429805,1710.7583088200001,7.429805,0,34,22,0,0.10845870337293101,21,
09:13:38.669,12.880709778448233,12.87993561069234,16.849845518499503,12.87993561069234,6.311985158935832,-0.79325,9.178896869275293,0,0.8377202278611112,0.83772,285.042038,0.83772,1448,1.4,0,0.0646031393979098,0.064607,16.916265,0.064607,7.429361030759628,7.429805,1710.7583088200001,7.429805,0,34,22,0,0.10845870337293101,18,
09:13:38.906,12.880709778448233,12.87993561069234,16.849845518499503,12.87993561069234,6.311985158935832,-0.49325,9.178896869275293,0,0.8377202278611112,0.83772,285.042038,0.83772,1448,1.4,0,0.0646031393979098,0.064607,16.916265,0.064607,7.429361030759628,7.429805,1710.7583088200001,7.429805,0,34,52,0,0.10845870337293101,18,
09:13:39.350,12.880709778448233,12.87993561069234,16.849845518499503,12.87993561069234,6.311985158935832,-0.49325,9.178896869275293,0,0.8377202278611112,0.83772,285.042038,0.83772,1448,1.4,1,0.0646031393979098,0.064607,16.916265,0.064607,7.429361030759628,7.429805,1710.7583088200001,7.429805,0,34,52,10.196078431372548,0.10845870337293101,18,
09:13:39.594,12.901231252600596,12.900503564993764,16.84984702890859,12.900503564993764,6.311985158935832,-0.49325,9.178896869275293,1.0191036850802953,0.8377202278611112,0.83772,285.042038,0.83772,1812,1.8,1,0.06493335492240292,0.064937,16.916595,0.064937,7.467335816076336,7.4677549999999995,1710.79625882,7.4677549999999995,3.986935298681962,34,52,10.196078431372548,0.10845870337293101,18,
09:13:39.821,12.901231252600596,12.900503564993764,16.84984702890859,12.900503564993764,6.34492653365327,-0.49325,19.6250884898176,1.0191036850802953,0.8441236289722224,0.844123,285.048441,0.844123,1812,1.8,1,0.06493335492240292,0.064937,16.916595,0.064937,7.467335816076336,7.4677549999999995,1710.79625882,7.4677549999999995,3.986935298681962,34,52,10.196078431372548,0.10845870337293101,20,
09:13:40.040,12.901231252600596,12.900503564993764,16.84984702890859,12.900503564993764,6.34492653365327,-0.26325000000000004,19.6250884898176,1.0191036850802953,0.8441236289722224,0.844123,285.048441,0.844123,1812,1.8,1,0.06493335492240292,0.064937,16.916595,0.064937,7.467335816076336,7.4677549999999995,1710.79625882,7.4677549999999995,3.986935298681962,34,75,10.196078431372548,0.10845870337293101,20,
09:13:40.493,12.901231252600596,12.900503564993764,16.84984702890859,12.900503564993764,6.34492653365327,-0.26325000000000004,19.6250884898176,1.0191036850802953,0.8441236289722224,0.844123,285.048441,0.844123,1812,1.8,1,0.06493335492240292,0.064937,16.916595,0.064937,7.467335816076336,7.4677549999999995,1710.79625882,7.4677549999999995,3.986935298681962,34,75,11.764705882352942,0.10845870337293101,20,
09:13:40.730,12.892984939211743,12.8922947689958,16.84968966077172,12.8922947689958,6.34492653365327,-0.26325000000000004,19.6250884898176,1.7042925706457752,0.8441236289722224,0.844123,285.048441,0.844123,2101,2.1,1,0.0654715438629707,0.065475,16.917133,0.065475,7.529227544241631,7.529625,1710.85812882,7.529625,6.667529819258472,34,75,11.764705882352942,0.10845870337293101,20,
09:13:40.973,12.892984939211743,12.8922947689958,16.84968966077172,12.8922947689958,6.384958585629941,-0.26325000000000004,13.495335481797618,1.7042925706457752,0.8514961109444446,0.851495,285.055813,0.851495,2101,2.1,1,0.0654715438629707,0.065475,16.917133,0.065475,7.529227544241631,7.529625,1710.85812882,7.529625,6.667529819258472,34,75,11.764705882352942,0.10845870337293101,23,
09:13:41.208,12.892984939211743,12.8922947689958,16.84968966077172,12.8922947689958,6.384958585629941,-0.38325000000000004,13.495335481797618,1.7042925706457752,0.8514961109444446,0.851495,285.055813,0.851495,2101,2.1,1,0.0654715438629707,0.065475,16.917133,0.065475,7.529227544241631,7.529625,1710.85812882,7.529625,6.667529819258472,34,63,11.764705882352942,0.10845870337293101,23,
09:13:41.636,12.892984939211743,12.8922947689958,16.84968966077172,12.8922947689958,6.384958585629941,-0.38325000000000004,13.495335481797618,1.7042925706457752,0.8514961109444446,0.851495,285.055813,0.851495,2101,2.1,1,0.0654715438629707,0.065475,16.917133,0.065475,7.529227544241631,7.529625,1710.85812882,7.529625,6.667529819258472,34,63,12.941176470588236,0.10845870337293101,23,
09:13:41.865,12.90707391344783,12.906328154604017,16.849627427193862,12.906328154604017,6.384958585629941,-0.38325000000000004,13.495335481797618,1.586963262022165,0.8514961109444446,0.851495,285.055813,0.851495,2329,2.3,1,0.06597127409778557,0.065975,16.917633000000002,0.065975,7.58669652124534,7.587125,1710.9156288200002,7.587125,6.208514344219183,34,63,12.941176470588236,0.10845870337293101,23,
09:13:42.092,12.90707391344783,12.906328154604017,16.849627427193862,12.906328154604017,6.432829187205421,-0.38325000000000004,17.013626368133842,1.586963262022165,0.8598768569444446,0.859876,285.064194,0.859876,2329,2.3,1,0.06597127409778557,0.065975,16.917633000000002,0.065975,7.58669652124534,7.587125,1710.9156288200002,7.587125,6.208514344219183,34,63,12.941176470588236,0.10845870337293101,27,
09:13:42.345,12.90707391344783,12.906328154604017,16.849627427193862,12.906328154604017,6.432829187205421,-0.34325000000000006,17.013626368133842,1.586963262022165,0.8598768569444446,0.859876,285.064194,0.859876,2329,2.3,1,0.06597127409778557,0.065975,16.917633000000002,0.065975,7.58669652124534,7.587125,1710.9156288200002,7.587125,6.208514344219183,34,67,12.941176470588236,0.10845870337293101,27,
09:13:42.796,12.90707391344783,12.906328154604017,16.849627427193862,12.906328154604017,6.432829187205421,-0.34325000000000006,17.013626368133842,1.586963262022165,0.8598768569444446,0.859876,285.064194,0.859876,2329,2.3,1,0.06597127409778557,0.065975,16.917633000000002,0.065975,7.58669652124534,7.587125,1710.9156288200002,7.587125,6.208514344219183,34,67,14.901960784313726,0.10845870337293101,27,
09:13:43.017,12.915027583180219,12.914347506120178,16.849517275466162,12.914347506120178,6.432829187205421,-0.34325000000000006,17.013626368133842,1.900046917693961,0.8598768569444446,0.859876,285.064194,0.859876,2622,2.6,1,0.06657956023758697,0.066583,16.918241000000002,0.066583,7.656649427322502,7.657045,1710.98554882,7.657045,7.433359565085913,34,67,14.901960784313726,0.10845870337293101,27,
09:13:43.238,12.915027583180219,12.914347506120178,16.849517275466162,12.914347506120178,6.481741862881185,-0.34325000000000006,14.21017541649404,1.900046917693961,0.8684804316944446,0.86848,285.072798,0.86848,2622,2.6,1,0.06657956023758697,0.066583,16.918241000000002,0.066583,7.656649427322502,7.657045,1710.98554882,7.657045,7.433359565085913,34,67,14.901960784313726,0.05579626437982233,27,
09:13:43.477,12.915027583180219,12.914347506120178,16.849517275466162,12.914347506120178,6.481741862881185,-0.36325,14.21017541649404,1.900046917693961,0.8684804316944446,0.86848,285.072798,0.86848,2622,2.6,1,0.06657956023758697,0.066583,16.918241000000002,0.066583,7.656649427322502,7.657045,1710.98554882,7.657045,7.433359565085913,34,65,14.901960784313726,0.05579626437982233,27,
09:13:43.941,12.915027583180219,12.914347506120178,16.849517275466162,12.914347506120178,6.481741862881185,-0.36325,14.21017541649404,1.900046917693961,0.8684804316944446,0.86848,285.072798,0.86848,2622,2.6,1,0.06657956023758697,0.066583,16.918241000000002,0.066583,7.656649427322502,7.657045,1710.98554882,7.657045,7.433359565085913,34,65,0,0.05579626437982233,27,
09:13:44.178,12.926733533446505,12.926117759123652,16.84942329991064,12.926117759123652,6.481741862881185,-0.36325,14.21017541649404,1.8777772784557591,0.8684804316944446,0.86848,285.072798,0.86848,2671,2.7,1,0.06718483284639129,0.067188,16.918846000000002,0.067188,7.726255777334998,7.72662,1711.05512382,7.72662,7.346236329180133,34,65,0,0.05579626437982233,27,
09:13:44.431,12.926733533446505,12.926117759123652,16.84942329991064,12.926117759123652,6.542249423968756,-0.36325,16.50888012954001,1.8777772784557591,0.8787564090000001,0.878756,285.083074,0.878756,2671,2.7,1,0.06718483284639129,0.067188,16.918846000000002,0.067188,7.726255777334998,7.72662,1711.05512382,7.72662,7.346236329180133,34,65,0,0.0675891708339166,31,
09:13:44.637,12.926733533446505,12.926117759123652,16.84942329991064,12.926117759123652,6.542249423968756,-0.7232500000000001,16.50888012954001,1.8777772784557591,0.8787564090000001,0.878756,285.083074,0.878756,2671,2.7,1,0.06718483284639129,0.067188,16.918846000000002,0.067188,7.726255777334998,7.72662,1711.05512382,7.72662,7.346236329180133,34,29,0,0.0675891708339166,31,
09:13:45.086,12.926733533446505,12.926117759123652,16.84942329991064,12.926117759123652,6.542249423968756,-0.7232500000000001,16.50888012954001,1.8777772784557591,0.8787564090000001,0.878756,285.083074,0.878756,2671,2.7,0,0.06718483284639129,0.067188,16.918846000000002,0.067188,7.726255777334998,7.72662,1711.05512382,7.72662,7.346236329180133,34,29,5.098039215686274,0.0675891708339166,31,
09:13:45.311,13.079684383663698,13.079061737214978,16.850030669940487,13.079061737214978,6.542249423968756,-0.7232500000000001,16.50888012954001,0,0.8787564090000001,0.878756,285.083074,0.878756,1641,1.6,0,0.06718483284639129,0.067188,16.918846000000002,0.067188,7.726255777334998,7.72662,1711.05512382,7.72662,0,34,29,5.098039215686274,0.0675891708339166,31,
09:13:45.539,13.079684383663698,13.079061737214978,16.850030669940487,13.079061737214978,6.595879899499243,-0.7232500000000001,16.50888012954001,0,0.8879902415,0.88799,285.092308,0.88799,1641,1.6,0,0.06718483284639129,0.067188,16.918846000000002,0.067188,7.726255777334998,7.72662,1711.05512382,7.72662,0,34,29,5.098039215686274,0.0675891708339166,30,
09:13:45.768,13.079684383663698,13.079061737214978,16.850030669940487,13.079061737214978,6.595879899499243,-0.52325,16.50888012954001,0,0.8879902415,0.88799,285.092308,0.88799,1641,1.6,0,0.06718483284639129,0.067188,16.918846000000002,0.067188,7.726255777334998,7.72662,1711.05512382,7.72662,0,34,49,5.098039215686274,0.0675891708339166,30,
09:13:46.237,13.079684383663698,13.079061737214978,16.850030669940487,13.079061737214978,6.595879899499243,-0.52325,16.50888012954001,0,0.8879902415,0.88799,285.092308,0.88799,1641,1.6,0,0.06718483284639129,0.067188,16.918846000000002,0.067188,7.726255777334998,7.72662,1711.05512382,7.72662,0,34,49,8.235294117647058,0.0675891708339166,30,
09:13:46.437,13.217123625659163,13.216496993510747,16.85057645184547,13.216496993510747,6.595879899499243,-0.52325,16.50888012954001,0,0.8879902415,0.88799,285.092308,0.88799,1660,1.7,0,0.06718483284639129,0.067188,16.918846000000002,0.067188,7.726255777334998,7.72662,1711.05512382,7.72662,0,34,49,8.235294117647058,0.0675891708339166,30,
09:13:46.696,13.217123625659163,13.216496993510747,16.85057645184547,13.216496993510747,6.651459529900218,-0.52325,16.50888012954001,0,0.8976044298333334,0.897604,285.101922,0.897604,1660,1.7,0,0.06718483284639129,0.067188,16.918846000000002,0.067188,7.726255777334998,7.72662,1711.05512382,7.72662,0,34,49,8.235294117647058,0.0675891708339166,30,
09:13:46.927,13.217123625659163,13.216496993510747,16.85057645184547,13.216496993510747,6.651459529900218,-0.41325000000000006,16.50888012954001,0,0.8976044298333334,0.897604,285.101922,0.897604,1660,1.7,0,0.06718483284639129,0.067188,16.918846000000002,0.067188,7.726255777334998,7.72662,1711.05512382,7.72662,0,34,60,8.235294117647058,0.0675891708339166,30,
09:13:47.382,13.217123625659163,13.216496993510747,16.85057645184547,13.216496993510747,6.651459529900218,-0.41325000000000006,16.50888012954001,0,0.8976044298333334,0.897604,285.101922,0.897604,1660,1.7,1,0.06718483284639129,0.067188,16.918846000000002,0.067188,7.726255777334998,7.72662,1711.05512382,7.72662,0,34,60,9.411764705882353,0.0675891708339166,30,
09:13:47.605,13.288448159731793,13.287797367914612,16.85078315422429,13.287797367914612,6.651459529900218,-0.41325000000000006,16.50888012954001,1.1207285176602582,0.8976044298333334,0.897604,285.101922,0.897604,1727,1.7,1,0.06754772408665138,0.067551,16.919209000000002,0.067551,7.767988269964909,7.768365,1711.09686882,7.768365,4.384511755491433,34,60,9.411764705882353,0.0675891708339166,30,
09:13:47.828,13.288448159731793,13.287797367914612,16.85078315422429,13.287797367914612,6.710442171963253,-0.41325000000000006,28.552856017982222,1.1207285176602582,0.9076760885000001,0.907676,285.111994,0.907676,1727,1.7,1,0.06754772408665138,0.067551,16.919209000000002,0.067551,7.767988269964909,7.768365,1711.09686882,7.768365,4.384511755491433,34,60,9.411764705882353,0.0675891708339166,32,
09:13:48.077,13.288448159731793,13.287797367914612,16.85078315422429,13.287797367914612,6.710442171963253,-0.44325000000000003,28.552856017982222,1.1207285176602582,0.9076760885000001,0.907676,285.111994,0.907676,1727,1.7,1,0.06754772408665138,0.067551,16.919209000000002,0.067551,7.767988269964909,7.768365,1711.09686882,7.768365,4.384511755491433,34,57,9.411764705882353,0.0675891708339166,32,
09:13:48.518,13.288448159731793,13.287797367914612,16.85078315422429,13.287797367914612,6.710442171963253,-0.44325000000000003,28.552856017982222,1.1207285176602582,0.9076760885000001,0.907676,285.111994,0.907676,1727,1.7,1,0.06754772408665138,0.067551,16.919209000000002,0.067551,7.767988269964909,7.768365,1711.09686882,7.768365,4.384511755491433,34,57,9.019607843137255,0.0675891708339166,32,
09:13:48.742,13.369440966008156,13.368819500699612,16.85103584001303,13.368819500699612,6.710442171963253,-0.44325000000000003,28.552856017982222,1.0868860207314903,0.9076760885000001,0.907676,285.111994,0.907676,1763,1.8,1,0.06789185058730349,0.067895,16.919553,0.067895,7.8075628175399014,7.807925,1711.1364288200002,7.807925,4.252113210008586,34,57,9.019607843137255,0.0675891708339166,32,
09:13:48.974,13.369440966008156,13.368819500699612,16.85103584001303,13.368819500699612,6.76981484545804,-0.44325000000000003,29.441909629552075,1.0868860207314903,0.917861906277778,0.917862,285.12218,0.917862,1763,1.8,1,0.06789185058730349,0.067895,16.919553,0.067895,7.8075628175399014,7.807925,1711.1364288200002,7.807925,4.252113210008586,34,57,9.019607843137255,0.0675891708339166,32,
09:13:49.202,13.369440966008156,13.368819500699612,16.85103584001303,13.368819500699612,6.76981484545804,-0.48325,29.441909629552075,1.0868860207314903,0.917861906277778,0.917862,285.12218,0.917862,1763,1.8,1,0.06789185058730349,0.067895,16.919553,0.067895,7.8075628175399014,7.807925,1711.1364288200002,7.807925,4.252113210008586,34,53,9.019607843137255,0.0675891708339166,32,
09:13:49.657,13.369440966008156,13.368819500699612,16.85103584001303,13.368819500699612,6.76981484545804,-0.48325,29.441909629552075,1.0868860207314903,0.917861906277778,0.917862,285.12218,0.917862,1763,1.8,1,0.06789185058730349,0.067895,16.919553,0.067895,7.8075628175399014,7.807925,1711.1364288200002,7.807925,4.252113210008586,34,53,0,0.0675891708339166,32,
09:13:49.885,13.45566674066926,13.45503320286732,16.85131716398614,13.45503320286732,6.76981484545804,-0.48325,29.441909629552075,1.0157724325861883,0.917861906277778,0.917862,285.12218,0.917862,1772,1.8,1,0.06821378115018069,0.068217,16.919875,0.068217,7.844584832270779,7.844955,1711.1734588200002,7.844955,3.9739027796635167,34,53,0,0.0675891708339166,32,
09:13:50.121,13.45566674066926,13.45503320286732,16.85131716398614,13.45503320286732,6.831381798484406,-0.48325,32.48759165080014,1.0157724325861883,0.928388342527778,0.928388,285.132706,0.928388,1772,1.8,1,0.06821378115018069,0.068217,16.919875,0.068217,7.844584832270779,7.844955,1711.1734588200002,7.844955,3.9739027796635167,34,53,0,0.01854904628890706,33,
09:13:50.356,13.45566674066926,13.45503320286732,16.85131716398614,13.45503320286732,6.831381798484406,-0.78325,32.48759165080014,1.0157724325861883,0.928388342527778,0.928388,285.132706,0.928388,1772,1.8,1,0.06821378115018069,0.068217,16.919875,0.068217,7.844584832270779,7.844955,1711.1734588200002,7.844955,3.9739027796635167,34,23,0,0.01854904628890706,33,
09:13:50.827,13.45566674066926,13.45503320286732,16.85131716398614,13.45503320286732,6.831381798484406,-0.78325,32.48759165080014,1.0157724325861883,0.928388342527778,0.928388,285.132706,0.928388,1772,1.8,1,0.06821378115018069,0.068217,16.919875,0.068217,7.844584832270779,7.844955,1711.1734588200002,7.844955,3.9739027796635167,34,23,0,0.01854904628890706,33,
09:13:51.032,13.591720409288248,13.591005577595924,16.851847642492444,13.591005577595924,6.831381798484406,-0.78325,32.48759165080014,0.28756928997829523,0.928388342527778,0.928388,285.132706,0.928388,1156,1.2,1,0.06830543261420682,0.068309,16.919967,0.068309,7.8551247506337845,7.855535,1711.18403882,7.855535,1.1250279729299966,34,23,0,0.01854904628890706,33,
09:13:51.280,13.591720409288248,13.591005577595924,16.851847642492444,13.591005577595924,6.886173687743535,-0.78325,104.32268342097412,0.28756928997829523,0.938053007527778,0.938053,285.142371,0.938053,1156,1.2,1,0.06830543261420682,0.068309,16.919967,0.068309,7.8551247506337845,7.855535,1711.18403882,7.855535,1.1250279729299966,34,23,0,0.01854904628890706,30,
09:13:51.495,13.591720409288248,13.591005577595924,16.851847642492444,13.591005577595924,6.886173687743535,-0.59325,104.32268342097412,0.28756928997829523,0.938053007527778,0.938053,285.142371,0.938053,1156,1.2,1,0.06830543261420682,0.068309,16.919967,0.068309,7.8551247506337845,7.855535,1711.18403882,7.855535,1.1250279729299966,34,42,0,0.01854904628890706,30,
09:13:51.967,13.591720409288248,13.591005577595924,16.851847642492444,13.591005577595924,6.886173687743535,-0.59325,104.32268342097412,0.28756928997829523,0.938053007527778,0.938053,285.142371,0.938053,1156,1.2,1,0.06830543261420682,0.068309,16.919967,0.068309,7.8551247506337845,7.855535,1711.18403882,7.855535,1.1250279729299966,34,42,5.098039215686274,0.01854904628890706,30,
09:13:52.196,13.69844953434527,13.69780380245904,16.852246553515517,13.69780380245904,6.886173687743535,-0.59325,104.32268342097412,0.5355745487116451,0.938053007527778,0.938053,285.142371,0.938053,1179,1.2,1,0.06847877237316938,0.068482,16.92014,0.068482,7.875058822914478,7.87543,1711.2039338200002,7.87543,2.0952736258292295,34,42,5.098039215686274,0.01854904628890706,30,
09:13:52.440,13.69844953434527,13.69780380245904,16.852246553515517,13.69780380245904,6.935978554354672,-0.59325,52.28030358678467,0.5355745487116451,0.9470715827500003,0.947072,285.15139,0.947072,1179,1.2,1,0.06847877237316938,0.068482,16.92014,0.068482,7.875058822914478,7.87543,1711.2039338200002,7.87543,2.0952736258292295,34,42,5.098039215686274,0.01854904628890706,28,
09:13:52.654,13.69844953434527,13.69780380245904,16.852246553515517,13.69780380245904,6.935978554354672,-0.37325,52.28030358678467,0.5355745487116451,0.9470715827500003,0.947072,285.15139,0.947072,1179,1.2,1,0.06847877237316938,0.068482,16.92014,0.068482,7.875058822914478,7.87543,1711.2039338200002,7.87543,2.0952736258292295,34,64,5.098039215686274,0.01854904628890706,28,
09:13:53.114,13.69844953434527,13.69780380245904,16.852246553515517,13.69780380245904,6.935978554354672,-0.37325,52.28030358678467,0.5355745487116451,0.9470715827500003,0.947072,285.15139,0.947072,1179,1.2,1,0.06847877237316938,0.068482,16.92014,0.068482,7.875058822914478,7.87543,1711.2039338200002,7.87543,2.0952736258292295,34,64,9.411764705882353,0.01854904628890706,28,
09:13:53.333,13.777086986246601,13.776394262938934,16.852516642037624,13.776394262938934,6.935978554354672,-0.37325,52.28030358678467,0.8361876390402422,0.9470715827500003,0.947072,285.15139,0.947072,1208,1.2,1,0.06874251310857248,0.068746,16.920404,0.068746,7.905389007485835,7.9057900000000005,1711.2342938200002,7.9057900000000005,3.271331527123661,34,64,9.411764705882353,0.01854904628890706,28,
09:13:53.577,13.777086986246601,13.776394262938934,16.852516642037624,13.776394262938934,6.989176782354035,-0.37325,35.8771148954478,0.8361876390402422,0.9565418302500003,0.956542,285.16086,0.956542,1208,1.2,1,0.06874251310857248,0.068746,16.920404,0.068746,7.905389007485835,7.9057900000000005,1711.2342938200002,7.9057900000000005,3.271331527123661,34,64,9.411764705882353,0.01854904628890706,30,
09:13:53.808,13.777086986246601,13.776394262938934,16.852516642037624,13.776394262938934,6.989176782354035,-0.21325000000000002,35.8771148954478,0.8361876390402422,0.9565418302500003,0.956542,285.16086,0.956542,1208,1.2,1,0.06874251310857248,0.068746,16.920404,0.068746,7.905389007485835,7.9057900000000005,1711.2342938200002,7.9057900000000005,3.271331527123661,34,80,9.411764705882353,0.01854904628890706,30,
09:13:54.267,13.777086986246601,13.776394262938934,16.852516642037624,13.776394262938934,6.989176782354035,-0.21325000000000002,35.8771148954478,0.8361876390402422,0.9565418302500003,0.956542,285.16086,0.956542,1208,1.2,1,0.06874251310857248,0.068746,16.920404,0.068746,7.905389007485835,7.9057900000000005,1711.2342938200002,7.9057900000000005,3.271331527123661,34,80,9.411764705882353,0.01854904628890706,30,
09:13:54.506,13.843663219028914,13.843065746248136,16.852724733296505,13.843065746248136,6.989176782354035,-0.21325000000000002,35.8771148954478,1.08417126626389,0.9565418302500003,0.956542,285.16086,0.956542,1253,1.3,1,0.06909600552368092,0.069099,16.920757000000002,0.069099,7.946040635223306,7.946384999999999,1711.2748888200001,7.946384999999999,4.2414925532760215,34,80,9.411764705882353,0.01854904628890706,30,
09:13:54.735,13.843663219028914,13.843065746248136,16.852724733296505,13.843065746248136,7.04541870418438,-0.21325000000000002,28.593268392758272,1.08417126626389,0.9665030197777781,0.966503,285.170821,0.966503,1253,1.3,1,0.06909600552368092,0.069099,16.920757000000002,0.069099,7.946040635223306,7.946384999999999,1711.2748888200001,7.946384999999999,4.2414925532760215,34,80,9.411764705882353,0.01854904628890706,31,
09:13:54.967,13.843663219028914,13.843065746248136,16.852724733296505,13.843065746248136,7.04541870418438,-0.30325,28.593268392758272,1.08417126626389,0.9665030197777781,0.966503,285.170821,0.966503,1253,1.3,1,0.06909600552368092,0.069099,16.920757000000002,0.069099,7.946040635223306,7.946384999999999,1711.2748888200001,7.946384999999999,4.2414925532760215,34,71,9.411764705882353,0.01854904628890706,31,
09:13:55.396,13.843663219028914,13.843065746248136,16.852724733296505,13.843065746248136,7.04541870418438,-0.30325,28.593268392758272,1.08417126626389,0.9665030197777781,0.966503,285.170821,0.966503,1253,1.3,1,0.06909600552368092,0.069099,16.920757000000002,0.069099,7.946040635223306,7.946384999999999,1711.2748888200001,7.946384999999999,4.2414925532760215,34,71,9.019607843137255,0.01854904628890706,31,
09:13:55.635,13.924911464565772,13.924349166558613,16.85300266785745,13.924349166558613,7.04541870418438,-0.30325,28.593268392758272,0.9959904169637155,0.9665030197777781,0.966503,285.170821,0.966503,1297,1.3,1,0.0694081985538798,0.069411,16.921069,0.069411,7.981942833696176,7.982265,1711.3107688200002,7.982265,3.896511619648134,34,71,9.019607843137255,0.01854904628890706,31,
09:13:55.851,13.924911464565772,13.924349166558613,16.85300266785745,13.924349166558613,7.101741770627513,-0.30325,32.12882318441602,0.9959904169637155,0.9764333504444448,0.976433,285.180751,0.976433,1297,1.3,1,0.0694081985538798,0.069411,16.921069,0.069411,7.981942833696176,7.982265,1711.3107688200002,7.982265,3.896511619648134,34,71,9.019607843137255,0.01854904628890706,32,
09:13:56.106,13.924911464565772,13.924349166558613,16.85300266785745,13.924349166558613,7.101741770627513,-0.34325000000000006,32.12882318441602,0.9959904169637155,0.9764333504444448,0.976433,285.180751,0.976433,1297,1.3,1,0.0694081985538798,0.069411,16.921069,0.069411,7.981942833696176,7.982265,1711.3107688200002,7.982265,3.896511619648134,34,67,9.019607843137255,0.01854904628890706,32,
09:13:56.547,13.924911464565772,13.924349166558613,16.85300266785745,13.924349166558613,7.101741770627513,-0.34325000000000006,32.12882318441602,0.9959904169637155,0.9764333504444448,0.976433,285.180751,0.976433,1297,1.3,1,0.0694081985538798,0.069411,16.921069,0.069411,7.981942833696176,7.982265,1711.3107688200002,7.982265,3.896511619648134,34,67,8.235294117647058,0.01854904628890706,32,
09:13:56.780,14.006816192061777,14.006268468313396,16.853287723950515,14.006268468313396,7.101741770627513,-0.34325000000000006,32.12882318441602,0.9521974255720306,0.9764333504444448,0.976433,285.180751,0.976433,1314,1.3,1,0.06971129891729633,0.069714,16.921372,0.069714,8.016799375489077,8.01711,1711.3456138200002,8.01711,3.7251847706036934,34,67,8.235294117647058,0.01854904628890706,32,
09:13:57.015,14.006816192061777,14.006268468313396,16.853287723950515,14.006268468313396,7.162522106744638,-0.34325000000000006,34.656678451084154,0.9521974255720306,0.9871067961944447,0.987106,285.191424,0.987106,1314,1.3,1,0.06971129891729633,0.069714,16.921372,0.069714,8.016799375489077,8.01711,1711.3456138200002,8.01711,3.7251847706036934,34,67,8.235294117647058,0.030957505797074313,33,
09:13:57.246,14.006816192061777,14.006268468313396,16.853287723950515,14.006268468313396,7.162522106744638,-0.42325,34.656678451084154,0.9521974255720306,0.9871067961944447,0.987106,285.191424,0.987106,1314,1.3,1,0.06971129891729633,0.069714,16.921372,0.069714,8.016799375489077,8.01711,1711.3456138200002,8.01711,3.7251847706036934,34,59,8.235294117647058,0.030957505797074313,33,
09:13:57.708,14.006816192061777,14.006268468313396,16.853287723950515,14.006268468313396,7.162522106744638,-0.42325,34.656678451084154,0.9521974255720306,0.9871067961944447,0.987106,285.191424,0.987106,1314,1.3,1,0.06971129891729633,0.069714,16.921372,0.069714,8.016799375489077,8.01711,1711.3456138200002,8.01711,3.7251847706036934,34,59,7.8431372549019605,0.030957505797074313,33,
09:13:57.939,14.10403676270661,14.103529075582227,16.853643569467938,14.103529075582227,7.162522106744638,-0.42325,34.656678451084154,0.8576460966646191,0.9871067961944447,0.987106,285.191424,0.987106,1344,1.3,1,0.06998753710033692,0.06999,16.921648,0.06999,8.048566766538746,8.04885,1711.37735382,8.04885,3.3552812600217012,34,59,7.8431372549019605,0.030957505797074313,33,
09:13:58.172,14.10403676270661,14.103529075582227,16.853643569467938,14.103529075582227,7.222629134368357,-0.42325,38.47740942136485,0.8576460966646191,0.997711504777778,0.997711,285.202029,0.997711,1344,1.3,1,0.06998753710033692,0.06999,16.921648,0.06999,8.048566766538746,8.04885,1711.37735382,8.04885,3.3552812600217012,34,59,7.8431372549019605,0.01849411504340482,33,
09:13:58.397,14.10403676270661,14.103529075582227,16.853643569467938,14.103529075582227,7.222629134368357,-0.45325000000000004,38.47740942136485,0.8576460966646191,0.997711504777778,0.997711,285.202029,0.997711,1344,1.3,1,0.06998753710033692,0.06999,16.921648,0.06999,8.048566766538746,8.04885,1711.37735382,8.04885,3.3552812600217012,34,56,7.8431372549019605,0.01849411504340482,33,
09:13:58.832,14.10403676270661,14.103529075582227,16.853643569467938,14.103529075582227,7.222629134368357,-0.45325000000000004,38.47740942136485,0.8576460966646191,0.997711504777778,0.997711,285.202029,0.997711,1344,1.3,1,0.06998753710033692,0.06999,16.921648,0.06999,8.048566766538746,8.04885,1711.37735382,8.04885,3.3552812600217012,34,56,8.235294117647058,0.01849411504340482,33,
09:13:59.062,14.20490707620251,14.204313781321186,16.854021280591574,14.204313781321186,7.222629134368357,-0.45325000000000004,38.47740942136485,0.8001062808573179,0.997711504777778,0.997711,285.202029,0.997711,1321,1.3,1,0.07023710182865221,0.07024,16.921898,0.07024,8.077266710295005,8.0776,1711.4061038200002,8.0776,3.130174113339455,34,56,8.235294117647058,0.01849411504340482,33,
09:13:59.290,14.20490707620251,14.204313781321186,16.854021280591574,14.204313781321186,7.280434578982226,-0.45325000000000004,41.244520621235885,0.8001062808573179,1.0079569001944446,1.007956,285.212274,1.007956,1321,1.3,1,0.07023710182865221,0.07024,16.921898,0.07024,8.077266710295005,8.0776,1711.4061038200002,8.0776,3.130174113339455,34,56,8.235294117647058,0.012435504489089992,33,
09:13:59.521,14.20490707620251,14.204313781321186,16.854021280591574,14.204313781321186,7.280434578982226,-0.38325000000000004,41.244520621235885,0.8001062808573179,1.0079569001944446,1.007956,285.212274,1.007956,1321,1.3,1,0.07023710182865221,0.07024,16.921898,0.07024,8.077266710295005,8.0776,1711.4061038200002,8.0776,3.130174113339455,34,63,8.235294117647058,0.012435504489089992,33,
09:13:59.977,14.20490707620251,14.204313781321186,16.854021280591574,14.204313781321186,7.280434578982226,-0.38325000000000004,41.244520621235885,0.8001062808573179,1.0079569001944446,1.007956,285.212274,1.007956,1321,1.3,1,0.07023710182865221,0.07024,16.921898,0.07024,8.077266710295005,8.0776,1711.4061038200002,8.0776,3.130174113339455,34,63,5.490196078431373,0.012435504489089992,33,
09:14:00.221,14.29444615821605,14.293801494675044,16.854350814833197,14.293801494675044,7.280434578982226,-0.38325000000000004,41.244520621235885,0.8605987977389412,1.0079569001944446,1.007956,285.212274,1.007956,1263,1.3,1,0.0705138827372545,0.070517,16.922175,0.070517,8.109096514784266,8.109454999999999,1711.4379588200002,8.109454999999999,3.3668328109698695,34,63,5.490196078431373,0.012435504489089992,33,
09:14:00.432,14.29444615821605,14.293801494675044,16.854350814833197,14.293801494675044,7.339249836782284,-0.38325000000000004,38.34539402878693,0.8605987977389412,1.0184286499444446,1.018428,285.22274600000003,1.018428,1263,1.3,1,0.0705138827372545,0.070517,16.922175,0.070517,8.109096514784266,8.109454999999999,1711.4379588200002,8.109454999999999,3.3668328109698695,34,63,5.490196078431373,0.006183076164856768,33,
09:14:00.672,14.29444615821605,14.293801494675044,16.854350814833197,14.293801494675044,7.339249836782284,-0.39325000000000004,38.34539402878693,0.8605987977389412,1.0184286499444446,1.018428,285.22274600000003,1.018428,1263,1.3,1,0.0705138827372545,0.070517,16.922175,0.070517,8.109096514784266,8.109454999999999,1711.4379588200002,8.109454999999999,3.3668328109698695,34,62,5.490196078431373,0.006183076164856768,33,
09:14:01.128,14.29444615821605,14.293801494675044,16.854350814833197,14.293801494675044,7.339249836782284,-0.39325000000000004,38.34539402878693,0.8605987977389412,1.0184286499444446,1.018428,285.22274600000003,1.018428,1263,1.3,1,0.0705138827372545,0.070517,16.922175,0.070517,8.109096514784266,8.109454999999999,1711.4379588200002,8.109454999999999,3.3668328109698695,34,62,7.0588235294117645,0.006183076164856768,33,
09:14:01.371,14.390891781956345,14.39026733736506,16.854715664357897,14.39026733736506,7.339249836782284,-0.39325000000000004,38.34539402878693,0.7979863929065227,1.0184286499444446,1.018428,285.22274600000003,1.018428,1190,1.2,1,0.07076897424948853,0.070772,16.922430000000002,0.070772,8.13843203869118,8.13878,1711.4672838200001,8.13878,3.1218806921458992,34,62,7.0588235294117645,0.006183076164856768,33,
09:14:01.602,14.390891781956345,14.39026733736506,16.854715664357897,14.39026733736506,7.392239017587428,-0.39325000000000004,37.59462600700542,0.7979863929065227,1.0281859541111114,1.028185,285.232503,1.028185,1190,1.2,1,0.07076897424948853,0.070772,16.922430000000002,0.070772,8.13843203869118,8.13878,1711.4672838200001,8.13878,3.1218806921458992,34,62,7.0588235294117645,-0.018526734963042506,30,
09:14:01.825,14.390891781956345,14.39026733736506,16.854715664357897,14.39026733736506,7.392239017587428,-0.19325000000000003,37.59462600700542,0.7979863929065227,1.0281859541111114,1.028185,285.232503,1.028185,1190,1.2,1,0.07076897424948853,0.070772,16.922430000000002,0.070772,8.13843203869118,8.13878,1711.4672838200001,8.13878,3.1218806921458992,34,82,7.0588235294117645,-0.018526734963042506,30,
09:14:02.280,14.390891781956345,14.39026733736506,16.854715664357897,14.39026733736506,7.392239017587428,-0.19325000000000003,37.59462600700542,0.7979863929065227,1.0281859541111114,1.028185,285.232503,1.028185,1190,1.2,1,0.07076897424948853,0.070772,16.922430000000002,0.070772,8.13843203869118,8.13878,1711.4672838200001,8.13878,3.1218806921458992,34,82,12.156862745098039,-0.018526734963042506,30,
09:14:02.492,14.462337289944259,14.461721310322517,16.85496853201503,14.461721310322517,7.392239017587428,-0.19325000000000003,37.59462600700542,1.0429848717912953,1.0281859541111114,1.028185,285.232503,1.028185,1176,1.2,1,0.07109403780991988,0.071097,16.922755000000002,0.071097,8.175814348140786,8.176155,1711.5046588200003,8.176155,4.080363227229781,34,82,12.156862745098039,-0.018526734963042506,30,
09:14:02.739,14.462337289944259,14.461721310322517,16.85496853201503,14.461721310322517,7.443414116652123,-0.19325000000000003,28.763600327659496,1.0429848717912953,1.037652733277778,1.037652,285.24197,1.037652,1176,1.2,1,0.07109403780991988,0.071097,16.922755000000002,0.071097,8.175814348140786,8.176155,1711.5046588200003,8.176155,4.080363227229781,34,82,12.156862745098039,-0.01860916615497161,30,
09:14:02.970,14.462337289944259,14.461721310322517,16.85496853201503,14.461721310322517,7.443414116652123,-0.10325000000000004,28.763600327659496,1.0429848717912953,1.037652733277778,1.037652,285.24197,1.037652,1176,1.2,1,0.07109403780991988,0.071097,16.922755000000002,0.071097,8.175814348140786,8.176155,1711.5046588200003,8.176155,4.080363227229781,34,91,12.156862745098039,-0.01860916615497161,30,
09:14:03.435,14.462337289944259,14.461721310322517,16.85496853201503,14.461721310322517,7.443414116652123,-0.10325000000000004,28.763600327659496,1.0429848717912953,1.037652733277778,1.037652,285.24197,1.037652,1176,1.2,1,0.07109403780991988,0.071097,16.922755000000002,0.071097,8.175814348140786,8.176155,1711.5046588200003,8.176155,4.080363227229781,34,91,14.509803921568627,-0.01860916615497161,30,
09:14:03.631,14.518826730848732,14.518300873069176,16.8551544542883,14.518300873069176,7.443414116652123,-0.10325000000000004,28.763600327659496,1.1879700655689034,1.037652733277778,1.037652,285.24197,1.037652,1207,1.2,1,0.0714694618589969,0.071472,16.92313,0.071472,8.218988113784643,8.21928,1711.5477838200002,8.21928,4.647573998146232,34,91,14.509803921568627,-0.01860916615497161,30,
09:14:03.857,14.518826730848732,14.518300873069176,16.8551544542883,14.518300873069176,7.493520174780026,-0.10325000000000004,25.253161564835718,1.1879700655689034,1.0469634641111114,1.046963,285.251281,1.046963,1207,1.2,1,0.0714694618589969,0.071472,16.92313,0.071472,8.218988113784643,8.21928,1711.5477838200002,8.21928,4.647573998146232,34,91,14.509803921568627,-0.01860549547381724,30,
09:14:04.103,14.518826730848732,14.518300873069176,16.8551544542883,14.518300873069176,7.493520174780026,-0.08325000000000003,25.253161564835718,1.1879700655689034,1.0469634641111114,1.046963,285.251281,1.046963,1207,1.2,1,0.0714694618589969,0.071472,16.92313,0.071472,8.218988113784643,8.21928,1711.5477838200002,8.21928,4.647573998146232,34,93,14.509803921568627,-0.01860549547381724,30,
09:14:04.565,14.518826730848732,14.518300873069176,16.8551544542883,14.518300873069176,7.493520174780026,-0.08325000000000003,25.253161564835718,1.1879700655689034,1.0469634641111114,1.046963,285.251281,1.046963,1207,1.2,1,0.0714694618589969,0.071472,16.92313,0.071472,8.218988113784643,8.21928,1711.5477838200002,8.21928,4.647573998146232,34,93,17.254901960784313,-0.01860549547381724,30,
09:14:04.804,14.568145235874153,14.567657821870348,16.855309239025647,14.567657821870348,7.493520174780026,-0.08325000000000003,25.253161564835718,1.219108623784923,1.0469634641111114,1.046963,285.251281,1.046963,1212,1.2,1,0.0718666272994696,0.071869,16.923527,0.071869,8.264662139439004,8.264935,1711.59343882,8.264935,4.769394200269954,34,93,17.254901960784313,-0.01860549547381724,30,
09:14:05.037,14.568145235874153,14.567657821870348,16.855309239025647,14.567657821870348,7.5509225813023155,-0.08325000000000003,26.248686438334545,1.219108623784923,1.0574604170000004,1.05746,285.261778,1.05746,1212,1.2,1,0.0718666272994696,0.071869,16.923527,0.071869,8.264662139439004,8.264935,1711.59343882,8.264935,4.769394200269954,34,93,17.254901960784313,-0.01860549547381724,32,
09:14:05.258,14.568145235874153,14.567657821870348,16.855309239025647,14.567657821870348,7.5509225813023155,-0.08325000000000003,26.248686438334545,1.219108623784923,1.0574604170000004,1.05746,285.261778,1.05746,1212,1.2,1,0.0718666272994696,0.071869,16.923527,0.071869,8.264662139439004,8.264935,1711.59343882,8.264935,4.769394200269954,34,93,17.254901960784313,-0.01860549547381724,32,
09:14:05.702,14.568145235874153,14.567657821870348,16.855309239025647,14.567657821870348,7.5509225813023155,-0.08325000000000003,26.248686438334545,1.219108623784923,1.0574604170000004,1.05746,285.261778,1.05746,1212,1.2,1,0.0718666272994696,0.071869,16.923527,0.071869,8.264662139439004,8.264935,1711.59343882,8.264935,4.769394200269954,34,93,16.07843137254902,-0.01860549547381724,32,
09:14:05.928,14.632986445364146,14.632479105551559,16.855532102893854,14.632479105551559,7.5509225813023155,-0.08325000000000003,26.248686438334545,1.2774488054511977,1.0574604170000004,1.05746,285.261778,1.05746,1270,1.3,1,0.07226552289570477,0.072268,16.923926,0.072268,8.310535133006049,8.31082,1711.63932382,8.31082,4.997632536586501,34,93,16.07843137254902,-0.01860549547381724,32,
09:14:06.190,14.632986445364146,14.632479105551559,16.855532102893854,14.632479105551559,7.604444357401071,-0.08325000000000003,24.267117294810678,1.2774488054511977,1.0673921022777781,1.067392,285.27171,1.067392,1270,1.3,1,0.07226552289570477,0.072268,16.923926,0.072268,8.310535133006049,8.31082,1711.63932382,8.31082,4.997632536586501,34,93,16.07843137254902,-0.01860549547381724,31,
09:14:06.389,14.632986445364146,14.632479105551559,16.855532102893854,14.632479105551559,7.604444357401071,-0.08325000000000003,24.267117294810678,1.2774488054511977,1.0673921022777781,1.067392,285.27171,1.067392,1270,1.3,1,0.07226552289570477,0.072268,16.923926,0.072268,8.310535133006049,8.31082,1711.63932382,8.31082,4.997632536586501,34,93,16.07843137254902,-0.01860549547381724,31,
09:14:06.850,14.632986445364146,14.632479105551559,16.855532102893854,14.632479105551559,7.604444357401071,-0.08325000000000003,24.267117294810678,1.2774488054511977,1.0673921022777781,1.067392,285.27171,1.067392,1270,1.3,1,0.07226552289570477,0.072268,16.923926,0.072268,8.310535133006049,8.31082,1711.63932382,8.31082,4.997632536586501,34,93,15.686274509803921,-0.01860549547381724,31,
09:14:07.095,14.688050501501685,14.687600621964139,16.855715596675577,14.687600621964139,7.604444357401071,-0.08325000000000003,24.267117294810678,1.2502904450203454,1.0673921022777781,1.067392,285.27171,1.067392,1243,1.2,1,0.07267078106578198,0.072673,16.924331000000002,0.072673,8.357139822564928,8.357395,1711.6858988200001,8.357395,4.8913836558874175,34,93,15.686274509803921,-0.01860549547381724,31,
09:14:07.322,14.688050501501685,14.687600621964139,16.855715596675577,14.687600621964139,7.656684500356233,-0.08325000000000003,24.794238909420404,1.2502904450203454,1.077129883416667,1.07713,285.281448,1.07713,1243,1.2,1,0.07267078106578198,0.072673,16.924331000000002,0.072673,8.357139822564928,8.357395,1711.6858988200001,8.357395,4.8913836558874175,34,93,15.686274509803921,-0.01860549547381724,31,
09:14:07.547,14.688050501501685,14.687600621964139,16.855715596675577,14.687600621964139,7.656684500356233,-0.10325000000000004,24.794238909420404,1.2502904450203454,1.077129883416667,1.07713,285.281448,1.07713,1243,1.2,1,0.07267078106578198,0.072673,16.924331000000002,0.072673,8.357139822564928,8.357395,1711.6858988200001,8.357395,4.8913836558874175,34,91,15.686274509803921,-0.01860549547381724,31,
09:14:08.007,14.688050501501685,14.687600621964139,16.855715596675577,14.687600621964139,7.656684500356233,-0.10325000000000004,24.794238909420404,1.2502904450203454,1.077129883416667,1.07713,285.281448,1.07713,1243,1.2,1,0.07267078106578198,0.072673,16.924331000000002,0.072673,8.357139822564928,8.357395,1711.6858988200001,8.357395,4.8913836558874175,34,91,14.117647058823529,-0.01860549547381724,31,
09:14:08.232,14.74398113263213,14.743491472528675,16.85590753782811,14.743491472528675,7.656684500356233,-0.10325000000000004,24.794238909420404,1.2174970763121236,1.077129883416667,1.07713,285.281448,1.07713,1237,1.2,1,0.07305556577474913,0.073058,16.924716,0.073058,8.40139006409615,8.40167,1711.7301738200001,8.40167,4.76308950762791,34,91,14.117647058823529,-0.01860549547381724,31,
09:14:08.482,14.74398113263213,14.743491472528675,16.85590753782811,14.743491472528675,7.710111002698539,-0.10325000000000004,25.462073464604106,1.2174970763121236,1.0871339907222224,1.087134,285.291452,1.087134,1237,1.2,1,0.07305556577474913,0.073058,16.924716,0.073058,8.40139006409615,8.40167,1711.7301738200001,8.40167,4.76308950762791,34,91,14.117647058823529,0.006125491309682099,31,
09:14:08.702,14.74398113263213,14.743491472528675,16.85590753782811,14.743491472528675,7.710111002698539,-0.11325000000000003,25.462073464604106,1.2174970763121236,1.0871339907222224,1.087134,285.291452,1.087134,1237,1.2,1,0.07305556577474913,0.073058,16.924716,0.073058,8.40139006409615,8.40167,1711.7301738200001,8.40167,4.76308950762791,34,90,14.117647058823529,0.006125491309682099,31,
09:14:09.162,14.74398113263213,14.743491472528675,16.85590753782811,14.743491472528675,7.710111002698539,-0.11325000000000003,25.462073464604106,1.2174970763121236,1.0871339907222224,1.087134,285.291452,1.087134,1237,1.2,1,0.07305556577474913,0.073058,16.924716,0.073058,8.40139006409615,8.40167,1711.7301738200001,8.40167,4.76308950762791,34,90,12.941176470588236,0.006125491309682099,31,
09:14:09.386,14.802791680471271,14.802216654866294,16.856114190626442,14.802216654866294,7.710111002698539,-0.11325000000000003,25.462073464604106,1.2050914054980308,1.0871339907222224,1.087134,285.291452,1.087134,1238,1.2,1,0.07344114638568039,0.073444,16.925102,0.073444,8.445731834353245,8.44606,1711.7745638200001,8.44606,4.71455606829623,34,90,12.941176470588236,0.006125491309682099,31,
09:14:09.622,14.802791680471271,14.802216654866294,16.856114190626442,14.802216654866294,7.762224071397005,-0.11325000000000003,25.724189765662267,1.2050914054980308,1.0969364766111114,1.096936,285.30125400000003,1.096936,1238,1.2,1,0.07344114638568039,0.073444,16.925102,0.073444,8.445731834353245,8.44606,1711.7745638200001,8.44606,4.71455606829623,34,90,12.941176470588236,-0.0061783533137625725,31,
09:14:09.839,14.802791680471271,14.802216654866294,16.856114190626442,14.802216654866294,7.762224071397005,-0.09325000000000003,25.724189765662267,1.2050914054980308,1.0969364766111114,1.096936,285.30125400000003,1.096936,1238,1.2,1,0.07344114638568039,0.073444,16.925102,0.073444,8.445731834353245,8.44606,1711.7745638200001,8.44606,4.71455606829623,34,92,12.941176470588236,-0.0061783533137625725,31,
09:14:10.294,14.802791680471271,14.802216654866294,16.856114190626442,14.802216654866294,7.762224071397005,-0.09325000000000003,25.724189765662267,1.2050914054980308,1.0969364766111114,1.096936,285.30125400000003,1.096936,1238,1.2,1,0.07344114638568039,0.073444,16.925102,0.073444,8.445731834353245,8.44606,1711.7745638200001,8.44606,4.71455606829623,34,92,13.333333333333334,-0.0061783533137625725,31,
09:14:10.519,14.856822364584266,14.856183214377614,16.856301927949524,14.856183214377614,7.762224071397005,-0.09325000000000003,25.724189765662267,1.2467969562034733,1.0969364766111114,1.096936,285.30125400000003,1.096936,1253,1.3,1,0.0738338555642956,0.073837,16.925495,0.073837,8.490893389893994,8.491255,1711.81975882,8.491255,4.877716436267424,34,92,13.333333333333334,-0.0061783533137625725,31,
09:14:10.753,14.856822364584266,14.856183214377614,16.856301927949524,14.856183214377614,7.81599003064613,-0.09325000000000003,25.665766860259886,1.2467969562034733,1.1069901406111113,1.10699,285.311308,1.10699,1253,1.3,1,0.0738338555642956,0.073837,16.925495,0.073837,8.490893389893994,8.491255,1711.81975882,8.491255,4.877716436267424,34,92,13.333333333333334,0.006207320090289051,32,
09:14:10.968,14.856822364584266,14.856183214377614,16.856301927949524,14.856183214377614,7.81599003064613,-0.13325000000000004,25.665766860259886,1.2467969562034733,1.1069901406111113,1.10699,285.311308,1.10699,1253,1.3,1,0.0738338555642956,0.073837,16.925495,0.073837,8.490893389893994,8.491255,1711.81975882,8.491255,4.877716436267424,34,88,13.333333333333334,0.006207320090289051,32,
09:14:11.434,14.856822364584266,14.856183214377614,16.856301927949524,14.856183214377614,7.81599003064613,-0.13325000000000004,25.665766860259886,1.2467969562034733,1.1069901406111113,1.10699,285.311308,1.10699,1253,1.3,1,0.0738338555642956,0.073837,16.925495,0.073837,8.490893389893994,8.491255,1711.81975882,8.491255,4.877716436267424,34,88,12.941176470588236,0.006207320090289051,32,
09:14:11.691,14.913871864787723,14.913174096377427,16.8565055408913,14.913174096377427,7.81599003064613,-0.13325000000000004,25.665766860259886,1.202106257159156,1.1069901406111113,1.10699,285.311308,1.10699,1263,1.3,1,0.07422553651039215,0.074229,16.925887,0.074229,8.535936698695098,8.536335000000001,1711.8648388200002,8.536335000000001,4.702877577227755,34,88,12.941176470588236,0.006207320090289051,32,
09:14:11.897,14.913871864787723,14.913174096377427,16.8565055408913,14.913174096377427,7.872314203261622,-0.13325000000000004,27.451816179699726,1.202106257159156,1.1174666359444447,1.117466,285.321784,1.117466,1263,1.3,1,0.07422553651039215,0.074229,16.925887,0.074229,8.535936698695098,8.536335000000001,1711.8648388200002,8.536335000000001,4.702877577227755,34,88,12.941176470588236,0.012382779829543092,33,
09:14:12.140,14.913871864787723,14.913174096377427,16.8565055408913,14.913174096377427,7.872314203261622,-0.12325000000000003,27.451816179699726,1.202106257159156,1.1174666359444447,1.117466,285.321784,1.117466,1263,1.3,1,0.07422553651039215,0.074229,16.925887,0.074229,8.535936698695098,8.536335000000001,1711.8648388200002,8.536335000000001,4.702877577227755,34,89,12.941176470588236,0.012382779829543092,33,
09:14:12.586,14.913871864787723,14.913174096377427,16.8565055408913,14.913174096377427,7.872314203261622,-0.12325000000000003,27.451816179699726,1.202106257159156,1.1174666359444447,1.117466,285.321784,1.117466,1263,1.3,1,0.07422553651039215,0.074229,16.925887,0.074229,8.535936698695098,8.536335000000001,1711.8648388200002,8.536335000000001,4.702877577227755,34,89,12.941176470588236,0.012382779829543092,33,
09:14:12.827,14.977164079241462,14.976425651678618,16.8567400513982,14.976425651678618,7.872314203261622,-0.12325000000000003,27.451816179699726,1.223467372989874,1.1174666359444447,1.117466,285.321784,1.117466,1271,1.3,1,0.07461136367553506,0.074615,16.926273000000002,0.074615,8.580306822686532,8.580725,1711.9092288200002,8.580725,4.786446489764866,34,89,12.941176470588236,0.012382779829543092,33,
09:14:13.042,14.977164079241462,14.976425651678618,16.8567400513982,14.976425651678618,7.928488527123494,-0.12325000000000003,26.97252148159502,1.223467372989874,1.1279621429444446,1.127962,285.33228,1.127962,1271,1.3,1,0.07461136367553506,0.074615,16.926273000000002,0.074615,8.580306822686532,8.580725,1711.9092288200002,8.580725,4.786446489764866,34,89,12.941176470588236,0.012422652831010909,33,
09:14:13.266,14.977164079241462,14.976425651678618,16.8567400513982,14.976425651678618,7.928488527123494,-0.13325000000000004,26.97252148159502,1.223467372989874,1.1279621429444446,1.127962,285.33228,1.127962,1271,1.3,1,0.07461136367553506,0.074615,16.926273000000002,0.074615,8.580306822686532,8.580725,1711.9092288200002,8.580725,4.786446489764866,34,88,12.941176470588236,0.012422652831010909,33,
09:14:13.747,14.977164079241462,14.976425651678618,16.8567400513982,14.976425651678618,7.928488527123494,-0.13325000000000004,26.97252148159502,1.223467372989874,1.1279621429444446,1.127962,285.33228,1.127962,1271,1.3,1,0.07461136367553506,0.074615,16.926273000000002,0.074615,8.580306822686532,8.580725,1711.9092288200002,8.580725,4.786446489764866,34,88,10.588235294117647,0.012422652831010909,33,
09:14:13.966,15.038936441893785,15.038290270111723,16.856970753362862,15.038290270111723,7.928488527123494,-0.13325000000000004,26.97252148159502,1.2373223549540007,1.1279621429444446,1.127962,285.33228,1.127962,1300,1.3,1,0.07500278675307744,0.075006,16.926664,0.075006,8.625320476603905,8.62569,1711.9541938200002,8.62569,4.840649921137039,34,88,10.588235294117647,0.012422652831010909,33,
09:14:14.210,15.038936441893785,15.038290270111723,16.856970753362862,15.038290270111723,7.9833342381723265,-0.13325000000000004,25.862298431672357,1.2373223549540007,1.1383585687222224,1.138358,285.342676,1.138358,1300,1.3,1,0.07500278675307744,0.075006,16.926664,0.075006,8.625320476603905,8.62569,1711.9541938200002,8.62569,4.840649921137039,34,88,10.588235294117647,0.012422652831010909,32,
09:14:14.420,15.038936441893785,15.038290270111723,16.856970753362862,15.038290270111723,7.9833342381723265,-0.19325000000000003,25.862298431672357,1.2373223549540007,1.1383585687222224,1.138358,285.342676,1.138358,1300,1.3,1,0.07500278675307744,0.075006,16.926664,0.075006,8.625320476603905,8.62569,1711.9541938200002,8.62569,4.840649921137039,34,82,10.588235294117647,0.012422652831010909,32,
09:14:14.894,15.038936441893785,15.038290270111723,16.856970753362862,15.038290270111723,7.9833342381723265,-0.19325000000000003,25.862298431672357,1.2373223549540007,1.1383585687222224,1.138358,285.342676,1.138358,1300,1.3,1,0.07500278675307744,0.075006,16.926664,0.075006,8.625320476603905,8.62569,1711.9541938200002,8.62569,4.840649921137039,34,82,9.411764705882353,0.012422652831010909,32,
09:14:15.137,15.102249064671241,15.101591934200052,16.85721246682379,15.101591934200052,7.9833342381723265,-0.19325000000000003,25.862298431672357,1.149411899525101,1.1383585687222224,1.138358,285.342676,1.138358,1296,1.3,1,0.07537675771651718,0.07538,16.927038,0.07538,8.668327137399476,8.668700000000001,1711.99720382,8.668700000000001,4.496726821845066,34,82,9.411764705882353,0.012422652831010909,32,
09:14:15.369,15.102249064671241,15.101591934200052,16.85721246682379,15.101591934200052,8.03743584943155,-0.19325000000000003,27.840324267759314,1.149411899525101,1.148660571388889,1.14866,285.352978,1.14866,1296,1.3,1,0.07537675771651718,0.07538,16.927038,0.07538,8.668327137399476,8.668700000000001,1711.99720382,8.668700000000001,4.496726821845066,34,82,9.411764705882353,0,32,
09:14:15.596,15.102249064671241,15.101591934200052,16.85721246682379,15.101591934200052,8.03743584943155,-0.37325,27.840324267759314,1.149411899525101,1.148660571388889,1.14866,285.352978,1.14866,1296,1.3,1,0.07537675771651718,0.07538,16.927038,0.07538,8.668327137399476,8.668700000000001,1711.99720382,8.668700000000001,4.496726821845066,34,64,9.411764705882353,0,32,
09:14:16.036,15.102249064671241,15.101591934200052,16.85721246682379,15.101591934200052,8.03743584943155,-0.37325,27.840324267759314,1.149411899525101,1.148660571388889,1.14866,285.352978,1.14866,1296,1.3,1,0.07537675771651718,0.07538,16.927038,0.07538,8.668327137399476,8.668700000000001,1711.99720382,8.668700000000001,4.496726821845066,34,64,9.019607843137255,0,32,
09:14:16.264,15.182886065938549,15.18226757249729,16.85754422024141,15.18226757249729,8.03743584943155,-0.37325,27.840324267759314,0.8894876789459532,1.148660571388889,1.14866,285.352978,1.14866,1285,1.3,1,0.07565495561254369,0.075658,16.927316,0.075658,8.700319895442524,8.70067,1712.02917382,8.70067,3.479851831418795,34,64,9.019607843137255,0,32,
09:14:16.481,15.182886065938549,15.18226757249729,16.85754422024141,15.18226757249729,8.0957447853101,-0.37325,39.348493327614335,0.8894876789459532,1.159501247777778,1.159501,285.363819,1.159501,1285,1.3,1,0.07565495561254369,0.075658,16.927316,0.075658,8.700319895442524,8.70067,1712.02917382,8.70067,3.479851831418795,34,64,9.019607843137255,0,35,
09:14:16.711,15.182886065938549,15.18226757249729,16.85754422024141,15.18226757249729,8.0957447853101,-0.45325000000000004,39.348493327614335,0.8894876789459532,1.159501247777778,1.159501,285.363819,1.159501,1285,1.3,1,0.07565495561254369,0.075658,16.927316,0.075658,8.700319895442524,8.70067,1712.02917382,8.70067,3.479851831418795,34,56,9.019607843137255,0,35,
09:14:17.188,15.182886065938549,15.18226757249729,16.85754422024141,15.18226757249729,8.0957447853101,-0.45325000000000004,39.348493327614335,0.8894876789459532,1.159501247777778,1.159501,285.363819,1.159501,1285,1.3,1,0.07565495561254369,0.075658,16.927316,0.075658,8.700319895442524,8.70067,1712.02917382,8.70067,3.479851831418795,34,56,2.3529411764705883,0,35,
09:14:17.398,15.278213231150849,15.277498155370504,16.857947639688522,15.277498155370504,8.0957447853101,-0.45325000000000004,39.348493327614335,0.7534687459398207,1.159501247777778,1.159501,285.363819,1.159501,1244,1.2,1,0.07589246400970916,0.075896,16.927554,0.075896,8.727633361116553,8.72804,1712.0565438200001,8.72804,2.947718847081212,34,56,2.3529411764705883,0,35,
09:14:17.630,15.278213231150849,15.277498155370504,16.857947639688522,15.277498155370504,8.146503068761735,-0.45325000000000004,41.143046963856364,0.7534687459398207,1.1693624614444447,1.169362,285.37368,1.169362,1244,1.2,1,0.07589246400970916,0.075896,16.927554,0.075896,8.727633361116553,8.72804,1712.0565438200001,8.72804,2.947718847081212,34,56,2.3529411764705883,0,31,
09:14:17.860,15.278213231150849,15.277498155370504,16.857947639688522,15.277498155370504,8.146503068761735,-0.65325,41.143046963856364,0.7534687459398207,1.1693624614444447,1.169362,285.37368,1.169362,1244,1.2,1,0.07589246400970916,0.075896,16.927554,0.075896,8.727633361116553,8.72804,1712.0565438200001,8.72804,2.947718847081212,34,36,2.3529411764705883,0,31,
09:14:18.319,15.278213231150849,15.277498155370504,16.857947639688522,15.277498155370504,8.146503068761735,-0.65325,41.143046963856364,0.7534687459398207,1.1693624614444447,1.169362,285.37368,1.169362,1244,1.2,1,0.07589246400970916,0.075896,16.927554,0.075896,8.727633361116553,8.72804,1712.0565438200001,8.72804,2.947718847081212,34,36,0,0,31,
09:14:18.546,15.379891038493394,15.379259551522324,16.85839174895244,15.379259551522324,8.146503068761735,-0.65325,41.143046963856364,0.436869969941451,1.1693624614444447,1.169362,285.37368,1.169362,1122,1.1,1,0.07603190806213897,0.076035,16.927693,0.076035,8.743669427145981,8.744025,1712.0725288200001,8.744025,1.709121779847616,34,36,0,0,31,
09:14:18.789,15.379891038493394,15.379259551522324,16.85839174895244,15.379259551522324,8.146503068761735,-0.65325,41.143046963856364,0.436869969941451,1.1693624614444447,1.169362,285.37368,1.169362,1122,1.1,1,0.07603190806213897,0.076035,16.927693,0.076035,8.743669427145981,8.744025,1712.0725288200001,8.744025,1.709121779847616,41,36,0,0,31,
09:14:19.022,15.379891038493394,15.379259551522324,16.85839174895244,15.379259551522324,8.197166493070723,-0.65325,61.80328669333468,0.436869969941451,1.1798051644444447,1.179805,285.384123,1.179805,1122,1.1,1,0.07603190806213897,0.076035,16.927693,0.076035,8.743669427145981,8.744025,1712.0725288200001,8.744025,1.709121779847616,41,36,0,0,27,
09:14:19.215,15.379891038493394,15.379259551522324,16.85839174895244,15.379259551522324,8.197166493070723,-0.64325,61.80328669333468,0.436869969941451,1.1798051644444447,1.179805,285.384123,1.179805,1122,1.1,1,0.07603190806213897,0.076035,16.927693,0.076035,8.743669427145981,8.744025,1712.0725288200001,8.744025,1.709121779847616,41,37,0,0,27,
09:14:19.688,15.379891038493394,15.379259551522324,16.85839174895244,15.379259551522324,8.197166493070723,-0.64325,61.80328669333468,0.436869969941451,1.1798051644444447,1.179805,285.384123,1.179805,1122,1.1,1,0.07603190806213897,0.076035,16.927693,0.076035,8.743669427145981,8.744025,1712.0725288200001,8.744025,1.709121779847616,41,37,0,0,27,
09:14:19.914,15.491206590765044,15.490526896261965,16.858881187366052,15.490526896261965,8.197166493070723,-0.64325,61.80328669333468,0.33633217942483107,1.1798051644444447,1.179805,285.384123,1.179805,921,0.9,1,0.07615966887613362,0.076163,16.927821,0.076163,8.758361920755366,8.758745,1712.0872488200002,8.758745,1.3157980467177308,41,37,0,0,27,
09:14:20.146,15.491206590765044,15.490526896261965,16.858881187366052,15.490526896261965,8.229214673984005,-0.64325,68.38477376542679,0.33633217942483107,1.1869876402222226,1.186987,285.391305,1.186987,921,0.9,1,0.07615966887613362,0.076163,16.927821,0.076163,8.758361920755366,8.758745,1712.0872488200002,8.758745,1.3157980467177308,41,37,0,-0.053365617264106546,23,
09:14:20.392,15.491206590765044,15.490526896261965,16.858881187366052,15.490526896261965,8.229214673984005,-0.69325,68.38477376542679,0.33633217942483107,1.1869876402222226,1.186987,285.391305,1.186987,921,0.9,1,0.07615966887613362,0.076163,16.927821,0.076163,8.758361920755366,8.758745,1712.0872488200002,8.758745,1.3157980467177308,41,32,0,-0.053365617264106546,23,
09:14:20.847,15.491206590765044,15.490526896261965,16.858881187366052,15.490526896261965,8.229214673984005,-0.69325,68.38477376542679,0.33633217942483107,1.1869876402222226,1.186987,285.391305,1.186987,921,0.9,1,0.07615966887613362,0.076163,16.927821,0.076163,8.758361920755366,8.758745,1712.0872488200002,8.758745,1.3157980467177308,41,32,0,-0.053365617264106546,23,
09:14:21.056,15.567752557413435,15.56704262295082,16.85921881191698,15.56704262295082,8.229214673984005,-0.69325,68.38477376542679,0.2741427536374713,1.1869876402222226,1.186987,285.391305,1.186987,868,0.9,1,0.0762465639047541,0.07625,16.927908000000002,0.07625,8.768354849046721,8.768749999999999,1712.09725382,8.768749999999999,1.0725007056264257,41,32,0,-0.053365617264106546,23,
09:14:21.283,15.567752557413435,15.56704262295082,16.85921881191698,15.56704262295082,8.254967650053516,-0.69325,72.95469143221698,0.2741427536374713,1.1933130841111115,1.193312,285.39763,1.193312,868,0.9,1,0.0762465639047541,0.07625,16.927908000000002,0.07625,8.768354849046721,8.768749999999999,1712.09725382,8.768749999999999,1.0725007056264257,41,32,0,-0.08846712217512914,20,
09:14:21.502,15.567752557413435,15.56704262295082,16.85921881191698,15.56704262295082,8.254967650053516,-0.70325,72.95469143221698,0.2741427536374713,1.1933130841111115,1.193312,285.39763,1.193312,868,0.9,1,0.0762465639047541,0.07625,16.927908000000002,0.07625,8.768354849046721,8.768749999999999,1712.09725382,8.768749999999999,1.0725007056264257,41,31,0,-0.08846712217512914,20,
09:14:21.977,15.567752557413435,15.56704262295082,16.85921881191698,15.56704262295082,8.254967650053516,-0.70325,72.95469143221698,0.2741427536374713,1.1933130841111115,1.193312,285.39763,1.193312,868,0.9,1,0.0762465639047541,0.07625,16.927908000000002,0.07625,8.768354849046721,8.768749999999999,1712.09725382,8.768749999999999,1.0725007056264257,41,31,0,-0.08846712217512914,20,
09:14:22.220,15.633385286271253,15.632566974520206,16.859507798709508,15.632566974520206,8.254967650053516,-0.70325,72.95469143221698,0.26129231206071474,1.1933130841111115,1.193312,285.39763,1.193312,854,0.9,1,0.07633107367724389,0.076335,16.927993,0.076335,8.778073472883047,8.778525,1712.10702882,8.778525,1.0222272350501864,41,31,0,-0.08846712217512914,20,
09:14:22.417,15.633385286271253,15.632566974520206,16.859507798709508,15.632566974520206,8.273948842746002,-0.70325,65.06123301496075,0.26129231206071474,1.1986586500555558,1.198658,285.402976,1.198658,854,0.9,1,0.07633107367724389,0.076335,16.927993,0.076335,8.778073472883047,8.778525,1712.10702882,8.778525,1.0222272350501864,41,31,0,-0.08283838352493728,17,
09:14:22.640,15.633385286271253,15.632566974520206,16.859507798709508,15.632566974520206,8.273948842746002,-0.69325,65.06123301496075,0.26129231206071474,1.1986586500555558,1.198658,285.402976,1.198658,854,0.9,1,0.07633107367724389,0.076335,16.927993,0.076335,8.778073472883047,8.778525,1712.10702882,8.778525,1.0222272350501864,41,32,0,-0.08283838352493728,17,
09:14:23.099,15.633385286271253,15.632566974520206,16.859507798709508,15.632566974520206,8.273948842746002,-0.69325,65.06123301496075,0.26129231206071474,1.1986586500555558,1.198658,285.402976,1.198658,854,0.9,1,0.07633107367724389,0.076335,16.927993,0.076335,8.778073472883047,8.778525,1712.10702882,8.778525,1.0222272350501864,41,32,0,-0.08283838352493728,17,
09:14:23.340,15.686052570592727,15.685340033237809,16.8597399456536,15.685340033237809,8.273948842746002,-0.69325,65.06123301496075,0.27161609231362366,1.1986586500555558,1.198658,285.402976,1.198658,860,0.9,1,0.07641557011626553,0.076419,16.928077000000002,0.076419,8.787790563370535,8.788185,1712.1166888200003,8.788185,1.0626159064962282,41,32,0,-0.08283838352493728,17,
09:14:23.568,15.686052570592727,15.685340033237809,16.8597399456536,15.685340033237809,8.288773116598895,-0.69325,55.225004793457266,0.27161609231362366,1.2034586967222225,1.203458,285.407776,1.203458,860,0.9,1,0.07641557011626553,0.076419,16.928077000000002,0.076419,8.787790563370535,8.788185,1712.1166888200003,8.788185,1.0626159064962282,41,32,0,-0.07476094130116195,15,
09:14:23.794,15.686052570592727,15.685340033237809,16.8597399456536,15.685340033237809,8.288773116598895,-0.70325,55.225004793457266,0.27161609231362366,1.2034586967222225,1.203458,285.407776,1.203458,860,0.9,1,0.07641557011626553,0.076419,16.928077000000002,0.076419,8.787790563370535,8.788185,1712.1166888200003,8.788185,1.0626159064962282,41,31,0,-0.07476094130116195,15,
09:14:24.251,15.686052570592727,15.685340033237809,16.8597399456536,15.685340033237809,8.288773116598895,-0.70325,55.225004793457266,0.27161609231362366,1.2034586967222225,1.203458,285.407776,1.203458,860,0.9,1,0.07641557011626553,0.076419,16.928077000000002,0.076419,8.787790563370535,8.788185,1712.1166888200003,8.788185,1.0626159064962282,41,31,0,-0.07476094130116195,15,
09:14:24.464,15.733114519411625,15.732299728090359,16.85994680813986,15.732299728090359,8.288773116598895,-0.70325,55.225004793457266,0.2447703157477422,1.2034586967222225,1.203458,285.407776,1.203458,800,0.8,1,0.07649208268568737,0.076496,16.928154,0.076496,8.796589508854048,8.797039999999999,1712.12554382,8.797039999999999,0.9575899157378798,41,31,0,-0.07476094130116195,15,
09:14:24.706,15.733114519411625,15.732299728090359,16.85994680813986,15.732299728090359,8.298992188498223,-0.70325,53.11101536265398,0.2447703157477422,1.2075617274722226,1.207561,285.411879,1.207561,800,0.8,1,0.07649208268568737,0.076496,16.928154,0.076496,8.796589508854048,8.797039999999999,1712.12554382,8.797039999999999,0.9575899157378798,41,31,0,-0.06211252321068728,13,
09:14:24.928,15.733114519411625,15.732299728090359,16.85994680813986,15.732299728090359,8.298992188498223,-0.5032500000000001,53.11101536265398,0.2447703157477422,1.2075617274722226,1.207561,285.411879,1.207561,800,0.8,1,0.07649208268568737,0.076496,16.928154,0.076496,8.796589508854048,8.797039999999999,1712.12554382,8.797039999999999,0.9575899157378798,41,51,0,-0.06211252321068728,13,
09:14:25.408,15.733114519411625,15.732299728090359,16.85994680813986,15.732299728090359,8.298992188498223,-0.5032500000000001,53.11101536265398,0.2447703157477422,1.2075617274722226,1.207561,285.411879,1.207561,800,0.8,1,0.07649208268568737,0.076496,16.928154,0.076496,8.796589508854048,8.797039999999999,1712.12554382,8.797039999999999,0.9575899157378798,41,51,8.235294117647058,-0.06211252321068728,13,
09:14:25.609,15.76130193405643,15.760388932393635,16.8600656841765,15.760388932393635,8.298992188498223,-0.5032500000000001,53.11101536265398,0.3885926157911332,1.2075617274722226,1.207561,285.411879,1.207561,772,0.8,1,0.0766156078047695,0.07662,16.928278,0.07662,8.810794897548494,8.8113,1712.1398038200002,8.8113,1.5202512162270883,41,51,8.235294117647058,-0.06211252321068728,13,
09:14:25.847,15.76130193405643,15.760388932393635,16.8600656841765,15.760388932393635,8.309221011416838,-0.5032500000000001,33.45405823920093,0.3885926157911332,1.2116865761944449,1.211686,285.416004,1.211686,772,0.8,1,0.0766156078047695,0.07662,16.928278,0.07662,8.810794897548494,8.8113,1712.1398038200002,8.8113,1.5202512162270883,41,51,8.235294117647058,-0.04345044365281695,13,
09:14:26.079,15.76130193405643,15.760388932393635,16.8600656841765,15.760388932393635,8.309221011416838,-0.09325000000000003,33.45405823920093,0.3885926157911332,1.2116865761944449,1.211686,285.416004,1.211686,772,0.8,1,0.0766156078047695,0.07662,16.928278,0.07662,8.810794897548494,8.8113,1712.1398038200002,8.8113,1.5202512162270883,41,92,8.235294117647058,-0.04345044365281695,13,
09:14:26.546,15.76130193405643,15.760388932393635,16.8600656841765,15.760388932393635,8.309221011416838,-0.09325000000000003,33.45405823920093,0.3885926157911332,1.2116865761944449,1.211686,285.416004,1.211686,772,0.8,1,0.0766156078047695,0.07662,16.928278,0.07662,8.810794897548494,8.8113,1712.1398038200002,8.8113,1.5202512162270883,41,92,12.549019607843137,-0.04345044365281695,13,
09:14:26.772,15.761885808803815,15.760949023790634,16.860051403142513,15.760949023790634,8.309221011416838,-0.09325000000000003,33.45405823920093,0.8008726814933385,1.2116865761944449,1.211686,285.416004,1.211686,882,0.9,1,0.07687446736339483,0.076879,16.928537000000002,0.076879,8.840563746790405,8.841085,1712.1695888200002,8.841085,3.1331724242997785,41,92,12.549019607843137,-0.04345044365281695,13,
09:14:26.996,15.761885808803815,15.760949023790634,16.860051403142513,15.760949023790634,8.323828433187915,-0.09325000000000003,18.729568814896286,0.8008726814933385,1.2164725170277781,1.216472,285.42079,1.216472,882,0.9,1,0.07687446736339483,0.076879,16.928537000000002,0.076879,8.840563746790405,8.841085,1712.1695888200002,8.841085,3.1331724242997785,41,92,12.549019607843137,-0.04345044365281695,15,
09:14:27.228,15.761885808803815,15.760949023790634,16.860051403142513,15.760949023790634,8.323828433187915,-0.10325000000000004,18.729568814896286,0.8008726814933385,1.2164725170277781,1.216472,285.42079,1.216472,882,0.9,1,0.07687446736339483,0.076879,16.928537000000002,0.076879,8.840563746790405,8.841085,1712.1695888200002,8.841085,3.1331724242997785,41,91,12.549019607843137,-0.04345044365281695,15,
09:14:27.670,15.761885808803815,15.760949023790634,16.860051403142513,15.760949023790634,8.323828433187915,-0.10325000000000004,18.729568814896286,0.8008726814933385,1.2164725170277781,1.216472,285.42079,1.216472,882,0.9,1,0.07687446736339483,0.076879,16.928537000000002,0.076879,8.840563746790405,8.841085,1712.1695888200002,8.841085,3.1331724242997785,41,91,9.411764705882353,-0.04345044365281695,15,
09:14:27.888,15.762947774299843,15.762105290436269,16.860037326845,15.762105290436269,8.323828433187915,-0.10325000000000004,18.729568814896286,0.9642272579425674,1.2164725170277781,1.216472,285.42079,1.216472,1002,1,1,0.07717290791327332,0.077177,16.928835,0.077177,8.874884410026432,8.875354999999999,1712.20385882,8.875354999999999,3.772247855565006,41,91,9.411764705882353,-0.04345044365281695,15,
09:14:28.128,15.762947774299843,15.762105290436269,16.860037326845,15.762105290436269,8.34461921170565,-0.10325000000000004,18.667798334603958,0.9642272579425674,1.2221369055277782,1.222136,285.426454,1.222136,1002,1,1,0.07717290791327332,0.077177,16.928835,0.077177,8.874884410026432,8.875354999999999,1712.20385882,8.875354999999999,3.772247855565006,41,91,9.411764705882353,-0.04345044365281695,18,
09:14:28.346,15.762947774299843,15.762105290436269,16.860037326845,15.762105290436269,8.34461921170565,-0.20325000000000004,18.667798334603958,0.9642272579425674,1.2221369055277782,1.222136,285.426454,1.222136,1002,1,1,0.07717290791327332,0.077177,16.928835,0.077177,8.874884410026432,8.875354999999999,1712.20385882,8.875354999999999,3.772247855565006,41,81,9.411764705882353,-0.04345044365281695,18,
09:14:28.818,15.762947774299843,15.762105290436269,16.860037326845,15.762105290436269,8.34461921170565,-0.20325000000000004,18.667798334603958,0.9642272579425674,1.2221369055277782,1.222136,285.426454,1.222136,1002,1,1,0.07717290791327332,0.077177,16.928835,0.077177,8.874884410026432,8.875354999999999,1712.20385882,8.875354999999999,3.772247855565006,41,81,9.411764705882353,-0.04345044365281695,18,
09:14:29.053,15.774978508411916,15.77417814319088,16.860073122460186,15.77417814319088,8.34461921170565,-0.20325000000000004,18.667798334603958,0.9267926272795343,1.2221369055277782,1.222136,285.426454,1.222136,1082,1.1,1,0.07747312650068466,0.077477,16.929135,0.077477,8.909409547578736,8.909855,1712.2383588200003,8.909855,3.625796172023297,41,81,9.411764705882353,-0.04345044365281695,18,
09:14:29.268,15.774978508411916,15.77417814319088,16.860073122460186,15.77417814319088,8.36543796573159,-0.20325000000000004,19.421820448481984,0.9267926272795343,1.2278334120277783,1.227833,285.432151,1.227833,1082,1.1,1,0.07747312650068466,0.077477,16.929135,0.077477,8.909409547578736,8.909855,1712.2383588200003,8.909855,3.625796172023297,41,81,9.411764705882353,0.03104292368653698,18,
09:14:29.481,15.774978508411916,15.77417814319088,16.860073122460186,15.77417814319088,8.36543796573159,-0.55325,19.421820448481984,0.9267926272795343,1.2278334120277783,1.227833,285.432151,1.227833,1082,1.1,1,0.07747312650068466,0.077477,16.929135,0.077477,8.909409547578736,8.909855,1712.2383588200003,8.909855,3.625796172023297,41,46,9.411764705882353,0.03104292368653698,18,
09:14:29.935,15.774978508411916,15.77417814319088,16.860073122460186,15.77417814319088,8.36543796573159,-0.55325,19.421820448481984,0.9267926272795343,1.2278334120277783,1.227833,285.432151,1.227833,1082,1.1,1,0.07747312650068466,0.077477,16.929135,0.077477,8.909409547578736,8.909855,1712.2383588200003,8.909855,3.625796172023297,41,46,3.5294117647058822,0.03104292368653698,18,
09:14:30.155,15.81606871440618,15.815253233036222,16.860251289864774,15.815253233036222,8.36543796573159,-0.55325,19.421820448481984,0.5195165353710431,1.2278334120277783,1.227833,285.432151,1.227833,1068,1.1,1,0.07763202311516246,0.077636,16.929294,0.077636,8.927682658243683,8.928139999999999,1712.2566438200001,8.928139999999999,2.032451499727991,41,46,3.5294117647058822,0.03104292368653698,18,
09:14:30.397,15.81606871440618,15.815253233036222,16.860251289864774,15.815253233036222,8.385951702506992,-0.55325,34.64759786162388,0.5195165353710431,1.2334705900277783,1.23347,285.437788,1.23347,1068,1.1,1,0.07763202311516246,0.077636,16.929294,0.077636,8.927682658243683,8.928139999999999,1712.2566438200001,8.928139999999999,2.032451499727991,41,46,3.5294117647058822,0.031128233381329584,18,
09:14:30.614,15.81606871440618,15.815253233036222,16.860251289864774,15.815253233036222,8.385951702506992,-0.5032500000000001,34.64759786162388,0.5195165353710431,1.2334705900277783,1.23347,285.437788,1.23347,1068,1.1,1,0.07763202311516246,0.077636,16.929294,0.077636,8.927682658243683,8.928139999999999,1712.2566438200001,8.928139999999999,2.032451499727991,41,51,3.5294117647058822,0.031128233381329584,18,
09:14:31.091,15.81606871440618,15.815253233036222,16.860251289864774,15.815253233036222,8.385951702506992,-0.5032500000000001,34.64759786162388,0.5195165353710431,1.2334705900277783,1.23347,285.437788,1.23347,1068,1.1,1,0.07763202311516246,0.077636,16.929294,0.077636,8.927682658243683,8.928139999999999,1712.2566438200001,8.928139999999999,2.032451499727991,41,51,6.666666666666667,0.031128233381329584,18,
09:14:31.315,15.850437960817162,15.84968454055999,16.860398024015034,15.84968454055999,8.385951702506992,-0.5032500000000001,34.64759786162388,0.5808395362792153,1.2334705900277783,1.23347,285.437788,1.23347,1077,1.1,1,0.07781933805721714,0.077823,16.929481,0.077823,8.949223876579971,8.949645,1712.27814882,8.949645,2.2723592152247054,41,51,6.666666666666667,0.031128233381329584,18,
09:14:31.536,15.850437960817162,15.84968454055999,16.860398024015034,15.84968454055999,8.406579207317831,-0.5032500000000001,30.989626008080872,0.5808395362792153,1.2391633405277782,1.239163,285.443481,1.239163,1077,1.1,1,0.07781933805721714,0.077823,16.929481,0.077823,8.949223876579971,8.949645,1712.27814882,8.949645,2.2723592152247054,41,51,6.666666666666667,0.01871781865745186,18,
09:14:31.758,15.850437960817162,15.84968454055999,16.860398024015034,15.84968454055999,8.406579207317831,-0.55325,30.989626008080872,0.5808395362792153,1.2391633405277782,1.239163,285.443481,1.239163,1077,1.1,1,0.07781933805721714,0.077823,16.929481,0.077823,8.949223876579971,8.949645,1712.27814882,8.949645,2.2723592152247054,41,46,6.666666666666667,0.01871781865745186,18,
09:14:32.225,15.850437960817162,15.84968454055999,16.860398024015034,15.84968454055999,8.406579207317831,-0.55325,30.989626008080872,0.5808395362792153,1.2391633405277782,1.239163,285.443481,1.239163,1077,1.1,1,0.07781933805721714,0.077823,16.929481,0.077823,8.949223876579971,8.949645,1712.27814882,8.949645,2.2723592152247054,41,46,4.313725490196078,0.01871781865745186,18,
09:14:32.465,15.889699575084729,15.88894587698265,16.86056897701411,15.88894587698265,8.406579207317831,-0.55325,30.989626008080872,0.5200029740745741,1.2391633405277782,1.239163,285.443481,1.239163,1069,1.1,1,0.07798532216875917,0.077989,16.929647,0.077989,8.968312049407304,8.968735,1712.29723882,8.968735,2.0343545442033917,41,46,4.313725490196078,0.01871781865745186,18,
09:14:32.700,15.889699575084729,15.88894587698265,16.86056897701411,15.88894587698265,8.427640099748446,-0.55325,34.61518663817989,0.5200029740745741,1.2450010100277782,1.245001,285.449319,1.245001,1069,1.1,1,0.07798532216875917,0.077989,16.929647,0.077989,8.968312049407304,8.968735,1712.29723882,8.968735,2.0343545442033917,41,46,4.313725490196078,0,18,
09:14:32.923,15.889699575084729,15.88894587698265,16.86056897701411,15.88894587698265,8.427640099748446,-0.57325,34.61518663817989,0.5200029740745741,1.2450010100277782,1.245001,285.449319,1.245001,1069,1.1,1,0.07798532216875917,0.077989,16.929647,0.077989,8.968312049407304,8.968735,1712.29723882,8.968735,2.0343545442033917,41,44,4.313725490196078,0,18,
09:14:33.368,15.889699575084729,15.88894587698265,16.86056897701411,15.88894587698265,8.427640099748446,-0.57325,34.61518663817989,0.5200029740745741,1.2450010100277782,1.245001,285.449319,1.245001,1069,1.1,1,0.07798532216875917,0.077989,16.929647,0.077989,8.968312049407304,8.968735,1712.29723882,8.968735,2.0343545442033917,41,44,4.313725490196078,0,18,
09:14:33.591,15.933224067921852,15.932545878016942,16.86076143841038,15.932545878016942,8.427640099748446,-0.57325,34.61518663817989,0.49041481119458347,1.2450010100277782,1.245001,285.449319,1.245001,1054,1.1,1,0.07813867455327651,0.078142,16.9298,0.078142,8.985947573626799,8.98633,1712.31483382,8.98633,1.9185997954605376,41,44,4.313725490196078,0,18,
09:14:33.824,15.933224067921852,15.932545878016942,16.86076143841038,15.932545878016942,8.447858135378409,-0.57325,36.7036222991603,0.49041481119458347,1.2506292735277782,1.250629,285.454947,1.250629,1054,1.1,1,0.07813867455327651,0.078142,16.9298,0.078142,8.985947573626799,8.98633,1712.31483382,8.98633,1.9185997954605376,41,44,4.313725490196078,0,18,
09:14:34.060,15.933224067921852,15.932545878016942,16.86076143841038,15.932545878016942,8.447858135378409,-0.56325,36.7036222991603,0.49041481119458347,1.2506292735277782,1.250629,285.454947,1.250629,1054,1.1,1,0.07813867455327651,0.078142,16.9298,0.078142,8.985947573626799,8.98633,1712.31483382,8.98633,1.9185997954605376,41,45,4.313725490196078,0,18,
09:14:34.510,15.933224067921852,15.932545878016942,16.86076143841038,15.932545878016942,8.447858135378409,-0.56325,36.7036222991603,0.49041481119458347,1.2506292735277782,1.250629,285.454947,1.250629,1054,1.1,1,0.07813867455327651,0.078142,16.9298,0.078142,8.985947573626799,8.98633,1712.31483382,8.98633,1.9185997954605376,41,45,5.490196078431373,0,18,
09:14:34.727,15.973601581236911,15.972885295732913,16.86093950042986,15.972885295732913,8.447858135378409,-0.56325,36.7036222991603,0.49013986757954436,1.2506292735277782,1.250629,285.454947,1.250629,1030,1,1,0.07829350614308586,0.078297,16.929955,0.078297,9.003753206454874,9.004155,1712.3326588200002,9.004155,1.917524161626616,41,45,5.490196078431373,0,18,
09:14:34.955,15.973601581236911,15.972885295732913,16.86093950042986,15.972885295732913,8.46801090937582,-0.56325,36.724211170352916,0.49013986757954436,1.2562631300277782,1.256263,285.460581,1.256263,1030,1,1,0.07829350614308586,0.078297,16.929955,0.078297,9.003753206454874,9.004155,1712.3326588200002,9.004155,1.917524161626616,41,45,5.490196078431373,0,18,
09:14:35.184,15.973601581236911,15.972885295732913,16.86093950042986,15.972885295732913,8.46801090937582,-0.48325,36.724211170352916,0.49013986757954436,1.2562631300277782,1.256263,285.460581,1.256263,1030,1,1,0.07829350614308586,0.078297,16.929955,0.078297,9.003753206454874,9.004155,1712.3326588200002,9.004155,1.917524161626616,41,53,5.490196078431373,0,18,
09:14:35.646,15.973601581236911,15.972885295732913,16.86093950042986,15.972885295732913,8.46801090937582,-0.48325,36.724211170352916,0.49013986757954436,1.2562631300277782,1.256263,285.460581,1.256263,1030,1,1,0.07829350614308586,0.078297,16.929955,0.078297,9.003753206454874,9.004155,1712.3326588200002,9.004155,1.917524161626616,41,53,5.882352941176471,0,18,
09:14:35.889,16.00805495587427,16.00742864424057,16.861090027736335,16.00742864424057,8.46801090937582,-0.48325,36.724211170352916,0.5683084522860813,1.2562631300277782,1.256263,285.460581,1.256263,1014,1,1,0.07847693760988642,0.07848,16.930138,0.07848,9.024847825136938,9.0252,1712.3537038200002,9.0252,2.2233351347170993,41,53,5.882352941176471,0,18,
09:14:36.110,16.00805495587427,16.00742864424057,16.861090027736335,16.00742864424057,8.488625042340159,-0.48325,31.672940860888275,0.5683084522860813,1.2620506630277781,1.262051,285.466369,1.262051,1014,1,1,0.07847693760988642,0.07848,16.930138,0.07848,9.024847825136938,9.0252,1712.3537038200002,9.0252,2.2233351347170993,41,53,5.882352941176471,0,18,
09:14:36.332,16.00805495587427,16.00742864424057,16.861090027736335,16.00742864424057,8.488625042340159,-0.47325000000000006,31.672940860888275,0.5683084522860813,1.2620506630277781,1.262051,285.466369,1.262051,1014,1,1,0.07847693760988642,0.07848,16.930138,0.07848,9.024847825136938,9.0252,1712.3537038200002,9.0252,2.2233351347170993,41,54,5.882352941176471,0,18,
09:14:36.774,16.00805495587427,16.00742864424057,16.861090027736335,16.00742864424057,8.488625042340159,-0.47325000000000006,31.672940860888275,0.5683084522860813,1.2620506630277781,1.262051,285.466369,1.262051,1014,1,1,0.07847693760988642,0.07848,16.930138,0.07848,9.024847825136938,9.0252,1712.3537038200002,9.0252,2.2233351347170993,41,54,4.313725490196078,0,18,
09:14:37.014,16.04882083045244,16.04825727038059,16.86127155816917,16.04825727038059,8.488625042340159,-0.47325000000000006,31.672940860888275,0.5164456266861435,1.2620506630277781,1.262051,285.466369,1.262051,969,1,1,0.07863821749651867,0.078641,16.930299,0.078641,9.043395012099648,9.043715,1712.3722188200002,9.043715,2.0204374972137216,41,54,4.313725490196078,0,18,
09:14:37.239,16.04882083045244,16.04825727038059,16.86127155816917,16.04825727038059,8.504421110788224,-0.47325000000000006,30.98099620412429,0.5164456266861435,1.267063727027778,1.267064,285.471382,1.267064,969,1,1,0.07863821749651867,0.078641,16.930299,0.078641,9.043395012099648,9.043715,1712.3722188200002,9.043715,2.0204374972137216,41,54,4.313725490196078,-0.012482794998349393,16,
09:14:37.488,16.04882083045244,16.04825727038059,16.86127155816917,16.04825727038059,8.504421110788224,-0.44325000000000003,30.98099620412429,0.5164456266861435,1.267063727027778,1.267064,285.471382,1.267064,969,1,1,0.07863821749651867,0.078641,16.930299,0.078641,9.043395012099648,9.043715,1712.3722188200002,9.043715,2.0204374972137216,41,57,4.313725490196078,-0.012482794998349393,16,
09:14:37.930,16.04882083045244,16.04825727038059,16.86127155816917,16.04825727038059,8.504421110788224,-0.44325000000000003,30.98099620412429,0.5164456266861435,1.267063727027778,1.267064,285.471382,1.267064,969,1,1,0.07863821749651867,0.078641,16.930299,0.078641,9.043395012099648,9.043715,1712.3722188200002,9.043715,2.0204374972137216,41,57,4.313725490196078,-0.012482794998349393,16,
09:14:38.146,16.07834938835159,16.07786011572429,16.8614013341393,16.07786011572429,8.504421110788224,-0.44325000000000003,30.98099620412429,0.5316352039416182,1.267063727027778,1.267064,285.471382,1.267064,945,0.9,1,0.07880558485348862,0.078808,16.930466,0.078808,9.062642258151191,9.06292,1712.3914238200002,9.06292,2.0798621294847135,41,57,4.313725490196078,-0.012482794998349393,16,
09:14:38.375,16.07834938835159,16.07786011572429,16.8614013341393,16.07786011572429,8.522363076720636,-0.44325000000000003,31.976813939256857,0.5316352039416182,1.272424134916667,1.272424,285.476742,1.272424,945,0.9,1,0.07880558485348862,0.078808,16.930466,0.078808,9.062642258151191,9.06292,1712.3914238200002,9.06292,2.0798621294847135,41,57,4.313725490196078,-0.012482794998349393,17,
09:14:38.614,16.07834938835159,16.07786011572429,16.8614013341393,16.07786011572429,8.522363076720636,-0.48325,31.976813939256857,0.5316352039416182,1.272424134916667,1.272424,285.476742,1.272424,945,0.9,1,0.07880558485348862,0.078808,16.930466,0.078808,9.062642258151191,9.06292,1712.3914238200002,9.06292,2.0798621294847135,41,53,4.313725490196078,-0.012482794998349393,17,
09:14:39.064,16.07834938835159,16.07786011572429,16.8614013341393,16.07786011572429,8.522363076720636,-0.48325,31.976813939256857,0.5316352039416182,1.272424134916667,1.272424,285.476742,1.272424,945,0.9,1,0.07880558485348862,0.078808,16.930466,0.078808,9.062642258151191,9.06292,1712.3914238200002,9.06292,2.0798621294847135,41,53,4.705882352941177,-0.012482794998349393,17,
09:14:39.301,16.114865146723687,16.114384134140472,16.86156454991016,16.114384134140472,8.522363076720636,-0.48325,31.976813939256857,0.48020382832220354,1.272424134916667,1.272424,285.476742,1.272424,918,0.9,1,0.07895965143557925,0.078962,16.93062,0.078962,9.080359915091613,9.080630000000001,1712.40913382,9.080630000000001,1.8786524096899515,41,53,4.705882352941177,-0.012482794998349393,17,
09:14:39.531,16.114865146723687,16.114384134140472,16.86156454991016,16.114384134140472,8.538410865969592,-0.48325,33.319184596888384,0.48020382832220354,1.2775619175833337,1.277562,285.48188,1.277562,918,0.9,1,0.07895965143557925,0.078962,16.93062,0.078962,9.080359915091613,9.080630000000001,1712.40913382,9.080630000000001,1.8786524096899515,41,53,4.705882352941177,-0.012482794998349393,16,
09:14:39.787,16.114865146723687,16.114384134140472,16.86156454991016,16.114384134140472,8.538410865969592,-0.46325000000000005,33.319184596888384,0.48020382832220354,1.2775619175833337,1.277562,285.48188,1.277562,918,0.9,1,0.07895965143557925,0.078962,16.93062,0.078962,9.080359915091613,9.080630000000001,1712.40913382,9.080630000000001,1.8786524096899515,41,55,4.705882352941177,-0.012482794998349393,16,
09:14:40.228,16.114865146723687,16.114384134140472,16.86156454991016,16.114384134140472,8.538410865969592,-0.46325000000000005,33.319184596888384,0.48020382832220354,1.2775619175833337,1.277562,285.48188,1.277562,918,0.9,1,0.07895965143557925,0.078962,16.93062,0.078962,9.080359915091613,9.080630000000001,1712.40913382,9.080630000000001,1.8786524096899515,41,55,3.9215686274509802,-0.012482794998349393,16,
09:14:40.436,16.148936280163138,16.14836817756655,16.861716642336212,16.14836817756655,8.538410865969592,-0.46325000000000005,33.319184596888384,0.4809539309027209,1.2775619175833337,1.277562,285.48188,1.277562,886,0.9,1,0.07911121174913867,0.079114,16.930772,0.079114,9.097789351150947,9.09811,1712.42661382,9.09811,1.8815869594317294,41,55,3.9215686274509802,-0.012482794998349393,16,
09:14:40.666,16.148936280163138,16.14836817756655,16.861716642336212,16.14836817756655,8.551997245933242,-0.46325000000000005,31.18801830322069,0.4809539309027209,1.2822909763333337,1.282291,285.486609,1.282291,886,0.9,1,0.07911121174913867,0.079114,16.930772,0.079114,9.097789351150947,9.09811,1712.42661382,9.09811,1.8815869594317294,41,55,3.9215686274509802,-0.012482794998349393,15,
09:14:40.928,16.148936280163138,16.14836817756655,16.861716642336212,16.14836817756655,8.551997245933242,-0.36325,31.18801830322069,0.4809539309027209,1.2822909763333337,1.282291,285.486609,1.282291,886,0.9,1,0.07911121174913867,0.079114,16.930772,0.079114,9.097789351150947,9.09811,1712.42661382,9.09811,1.8815869594317294,41,65,3.9215686274509802,-0.012482794998349393,15,
09:14:41.408,16.148936280163138,16.14836817756655,16.861716642336212,16.14836817756655,8.551997245933242,-0.36325,31.18801830322069,0.4809539309027209,1.2822909763333337,1.282291,285.486609,1.282291,886,0.9,1,0.07911121174913867,0.079114,16.930772,0.079114,9.097789351150947,9.09811,1712.42661382,9.09811,1.8815869594317294,41,65,4.313725490196078,-0.012482794998349393,15,
09:14:41.665,16.168469469511148,16.16788339574586,16.861799758773405,16.16788339574586,8.551997245933242,-0.36325,31.18801830322069,0.5748154511753428,1.2822909763333337,1.282291,285.486609,1.282291,896,0.9,1,0.07930812367561119,0.079311,16.930969,0.079311,9.120434222695286,9.120765,1712.44926882,9.120765,2.2487918021199236,41,65,4.313725490196078,-0.012482794998349393,15,
09:14:41.887,16.168469469511148,16.16788339574586,16.861799758773405,16.16788339574586,8.568798911906567,-0.36325,27.835020731061263,0.5748154511753428,1.287715134555556,1.287715,285.492033,1.287715,896,0.9,1,0.07930812367561119,0.079311,16.930969,0.079311,9.120434222695286,9.120765,1712.44926882,9.120765,2.2487918021199236,41,65,4.313725490196078,-0.012482794998349393,16,
09:14:42.118,16.168469469511148,16.16788339574586,16.861799758773405,16.16788339574586,8.568798911906567,-0.45325000000000004,27.835020731061263,0.5748154511753428,1.287715134555556,1.287715,285.492033,1.287715,896,0.9,1,0.07930812367561119,0.079311,16.930969,0.079311,9.120434222695286,9.120765,1712.44926882,9.120765,2.2487918021199236,41,56,4.313725490196078,-0.012482794998349393,16,
09:14:42.591,16.168469469511148,16.16788339574586,16.861799758773405,16.16788339574586,8.568798911906567,-0.45325000000000004,27.835020731061263,0.5748154511753428,1.287715134555556,1.287715,285.492033,1.287715,896,0.9,1,0.07930812367561119,0.079311,16.930969,0.079311,9.120434222695286,9.120765,1712.44926882,9.120765,2.2487918021199236,41,56,4.705882352941177,-0.012482794998349393,16,
09:14:42.815,16.205905246107044,16.205215005725933,16.861968737923494,16.205215005725933,8.568798911906567,-0.45325000000000004,27.835020731061263,0.47643357587802465,1.287715134555556,1.287715,285.492033,1.287715,862,0.9,1,0.07945962382230322,0.079463,16.931121,0.079463,9.13785673956487,9.138245000000001,1712.4667488200002,9.138245000000001,1.86390243598786,41,56,4.705882352941177,-0.012482794998349393,16,
09:14:43.047,16.205905246107044,16.205215005725933,16.861968737923494,16.205215005725933,8.584705896707543,-0.45325000000000004,33.58285563840337,0.47643357587802465,1.292873110555556,1.292873,285.497191,1.292873,862,0.9,1,0.07945962382230322,0.079463,16.931121,0.079463,9.13785673956487,9.138245000000001,1712.4667488200002,9.138245000000001,1.86390243598786,41,56,4.705882352941177,-0.012482794998349393,16,
09:14:43.255,16.205905246107044,16.205215005725933,16.861968737923494,16.205215005725933,8.584705896707543,-0.32325000000000004,33.58285563840337,0.47643357587802465,1.292873110555556,1.292873,285.497191,1.292873,862,0.9,1,0.07945962382230322,0.079463,16.931121,0.079463,9.13785673956487,9.138245000000001,1712.4667488200002,9.138245000000001,1.86390243598786,41,69,4.705882352941177,-0.012482794998349393,16,
09:14:43.715,16.205905246107044,16.205215005725933,16.861968737923494,16.205215005725933,8.584705896707543,-0.32325000000000004,33.58285563840337,0.47643357587802465,1.292873110555556,1.292873,285.497191,1.292873,862,0.9,1,0.07945962382230322,0.079463,16.931121,0.079463,9.13785673956487,9.138245000000001,1712.4667488200002,9.138245000000001,1.86390243598786,41,69,6.2745098039215685,-0.012482794998349393,16,
09:14:43.938,16.232790374109815,16.23213097465128,16.862088142397987,16.23213097465128,8.584705896707543,-0.32325000000000004,33.58285563840337,0.5958874118254007,1.292873110555556,1.292873,285.497191,1.292873,875,0.9,1,0.07964577135287841,0.079649,16.931307,0.079649,9.159263705581017,9.159635,1712.4881388200001,9.159635,2.331229482365907,41,69,6.2745098039215685,-0.012482794998349393,16,
09:14:44.161,16.232790374109815,16.23213097465128,16.862088142397987,16.23213097465128,8.597893365277537,-0.32325000000000004,25.17254048722061,0.5958874118254007,1.2975264022222226,1.297526,285.501844,1.297526,875,0.9,1,0.07964577135287841,0.079649,16.931307,0.079649,9.159263705581017,9.159635,1712.4881388200001,9.159635,2.331229482365907,41,69,6.2745098039215685,-0.012482794998349393,15,
09:14:44.401,16.232790374109815,16.23213097465128,16.862088142397987,16.23213097465128,8.597893365277537,-0.28325000000000006,25.17254048722061,0.5958874118254007,1.2975264022222226,1.297526,285.501844,1.297526,875,0.9,1,0.07964577135287841,0.079649,16.931307,0.079649,9.159263705581017,9.159635,1712.4881388200001,9.159635,2.331229482365907,41,73,6.2745098039215685,-0.012482794998349393,15,
09:14:44.861,16.232790374109815,16.23213097465128,16.862088142397987,16.23213097465128,8.597893365277537,-0.28325000000000006,25.17254048722061,0.5958874118254007,1.2975264022222226,1.297526,285.501844,1.297526,875,0.9,1,0.07964577135287841,0.079649,16.931307,0.079649,9.159263705581017,9.159635,1712.4881388200001,9.159635,2.331229482365907,41,73,7.450980392156863,-0.012482794998349393,15,
09:14:45.086,16.249621998558474,16.248932413309454,16.86215979188154,16.248932413309454,8.597893365277537,-0.28325000000000006,25.17254048722061,0.6405185153661783,1.2975264022222226,1.297526,285.501844,1.297526,889,0.9,1,0.07984963603075368,0.079853,16.931511,0.079853,9.182708143536672,9.183095,1712.5115988200002,9.183095,2.50583519200166,41,73,7.450980392156863,-0.012482794998349393,15,
09:14:45.304,16.249621998558474,16.248932413309454,16.86215979188154,16.248932413309454,8.611298414197211,-0.28325000000000006,23.418526771899238,0.6405185153661783,1.3022761572222226,1.302276,285.506594,1.302276,889,0.9,1,0.07984963603075368,0.079853,16.931511,0.079853,9.182708143536672,9.183095,1712.5115988200002,9.183095,2.50583519200166,41,73,7.450980392156863,0,15,
09:14:45.545,16.249621998558474,16.248932413309454,16.86215979188154,16.248932413309454,8.611298414197211,-0.59325,23.418526771899238,0.6405185153661783,1.3022761572222226,1.302276,285.506594,1.302276,889,0.9,1,0.07984963603075368,0.079853,16.931511,0.079853,9.182708143536672,9.183095,1712.5115988200002,9.183095,2.50583519200166,41,42,7.450980392156863,0,15,
09:14:46.001,16.249621998558474,16.248932413309454,16.86215979188154,16.248932413309454,8.611298414197211,-0.59325,23.418526771899238,0.6405185153661783,1.3022761572222226,1.302276,285.506594,1.302276,889,0.9,1,0.07984963603075368,0.079853,16.931511,0.079853,9.182708143536672,9.183095,1712.5115988200002,9.183095,2.50583519200166,41,42,0,0,15,
09:14:46.248,16.284842173607082,16.284149452308306,16.86232182016734,16.284149452308306,8.611298414197211,-0.59325,23.418526771899238,0.36851750199149996,1.3022761572222226,1.302276,285.506594,1.302276,889,0.9,1,0.07996860782186932,0.079972,16.931630000000002,0.079972,9.196389899514973,9.19678,1712.5252838200001,9.19678,1.4417133981379417,41,42,0,0,15,
09:14:46.458,16.284842173607082,16.284149452308306,16.86232182016734,16.284149452308306,8.620593775410018,-0.59325,35.276479216718045,0.36851750199149996,1.3064489694444448,1.306449,285.510767,1.306449,889,0.9,1,0.07996860782186932,0.079972,16.931630000000002,0.079972,9.196389899514973,9.19678,1712.5252838200001,9.19678,1.4417133981379417,41,42,0,-0.018589681955669082,13,
09:14:46.687,16.284842173607082,16.284149452308306,16.86232182016734,16.284149452308306,8.620593775410018,-0.55325,35.276479216718045,0.36851750199149996,1.3064489694444448,1.306449,285.510767,1.306449,889,0.9,1,0.07996860782186932,0.079972,16.931630000000002,0.079972,9.196389899514973,9.19678,1712.5252838200001,9.19678,1.4417133981379417,41,46,0,-0.018589681955669082,13,
09:14:47.151,16.284842173607082,16.284149452308306,16.86232182016734,16.284149452308306,8.620593775410018,-0.55325,35.276479216718045,0.36851750199149996,1.3064489694444448,1.306449,285.510767,1.306449,889,0.9,1,0.07996860782186932,0.079972,16.931630000000002,0.079972,9.196389899514973,9.19678,1712.5252838200001,9.19678,1.4417133981379417,41,46,4.705882352941177,-0.018589681955669082,13,
09:14:47.362,16.302072125619148,16.301473615911558,16.862397981171643,16.301473615911558,8.620593775410018,-0.55325,35.276479216718045,0.5535672446182089,1.3064489694444448,1.306449,285.510767,1.306449,1138,1.1,1,0.0801400557780213,0.080143,16.931801,0.080143,9.21610641447245,9.216445,1712.5449488200002,9.216445,2.165664613006043,41,46,4.705882352941177,-0.018589681955669082,13,
09:14:47.588,16.302072125619148,16.301473615911558,16.862397981171643,16.301473615911558,8.627583204386243,-0.55325,21.677583196376272,0.5535672446182089,1.3102180634444447,1.310218,285.514536,1.310218,1138,1.1,1,0.0801400557780213,0.080143,16.931801,0.080143,9.21610641447245,9.216445,1712.5449488200002,9.216445,2.165664613006043,41,46,4.705882352941177,-0.024953910648843128,12,
09:14:47.820,16.302072125619148,16.301473615911558,16.862397981171643,16.301473615911558,8.627583204386243,-0.37325,21.677583196376272,0.5535672446182089,1.3102180634444447,1.310218,285.514536,1.310218,1138,1.1,1,0.0801400557780213,0.080143,16.931801,0.080143,9.21610641447245,9.216445,1712.5449488200002,9.216445,2.165664613006043,41,64,4.705882352941177,-0.024953910648843128,12,
09:14:48.282,16.302072125619148,16.301473615911558,16.862397981171643,16.301473615911558,8.627583204386243,-0.37325,21.677583196376272,0.5535672446182089,1.3102180634444447,1.310218,285.514536,1.310218,1138,1.1,1,0.0801400557780213,0.080143,16.931801,0.080143,9.21610641447245,9.216445,1712.5449488200002,9.216445,2.165664613006043,41,64,6.2745098039215685,-0.024953910648843128,12,
09:14:48.495,16.296021122196617,16.29543306303169,16.86236065046301,16.29543306303169,8.627583204386243,-0.37325,21.677583196376272,0.8297375311706874,1.3102180634444447,1.310218,285.514536,1.310218,1226,1.2,1,0.08040110242983253,0.080404,16.932062000000002,0.080404,9.24612677943074,9.24646,1712.5749638200002,9.24646,3.246097428648776,41,64,6.2745098039215685,-0.024953910648843128,12,
09:14:48.725,16.296021122196617,16.29543306303169,16.86236065046301,16.29543306303169,8.634574737554933,-0.37325,14.462404735469836,0.8297375311706874,1.314003954777778,1.314004,285.518322,1.314004,1226,1.2,1,0.08040110242983253,0.080404,16.932062000000002,0.080404,9.24612677943074,9.24646,1712.5749638200002,9.24646,3.246097428648776,41,64,6.2745098039215685,-0.018617203192493194,12,
09:14:48.953,16.296021122196617,16.29543306303169,16.86236065046301,16.29543306303169,8.634574737554933,-0.56325,14.462404735469836,0.8297375311706874,1.314003954777778,1.314004,285.518322,1.314004,1226,1.2,1,0.08040110242983253,0.080404,16.932062000000002,0.080404,9.24612677943074,9.24646,1712.5749638200002,9.24646,3.246097428648776,41,45,6.2745098039215685,-0.018617203192493194,12,
09:14:49.417,16.296021122196617,16.29543306303169,16.86236065046301,16.29543306303169,8.634574737554933,-0.56325,14.462404735469836,0.8297375311706874,1.314003954777778,1.314004,285.518322,1.314004,1226,1.2,1,0.08040110242983253,0.080404,16.932062000000002,0.080404,9.24612677943074,9.24646,1712.5749638200002,9.24646,3.246097428648776,41,45,2.3529411764705883,-0.018617203192493194,12,
09:14:49.645,16.307020859739367,16.30642078876176,16.862406982183103,16.30642078876176,8.634574737554933,-0.56325,14.462404735469836,0.5567608204544339,1.314003954777778,1.314004,285.518322,1.314004,1170,1.2,1,0.08057903194457432,0.080582,16.93224,0.080582,9.266588673626046,9.26693,1712.5954338200002,9.26693,2.1781585136923693,41,45,2.3529411764705883,-0.018617203192493194,12,
09:14:49.883,16.307020859739367,16.30642078876176,16.862406982183103,16.30642078876176,8.641668859962532,-0.56325,21.553240743853845,0.5567608204544339,1.317861509777778,1.317862,285.52218,1.317862,1170,1.2,1,0.08057903194457432,0.080582,16.93224,0.080582,9.266588673626046,9.26693,1712.5954338200002,9.26693,2.1781585136923693,41,45,2.3529411764705883,-0.018557555467426223,12,
09:14:50.088,16.307020859739367,16.30642078876176,16.862406982183103,16.30642078876176,8.641668859962532,-0.6232500000000001,21.553240743853845,0.5567608204544339,1.317861509777778,1.317862,285.52218,1.317862,1170,1.2,1,0.08057903194457432,0.080582,16.93224,0.080582,9.266588673626046,9.26693,1712.5954338200002,9.26693,2.1781585136923693,41,39,2.3529411764705883,-0.018557555467426223,12,
09:14:50.539,16.307020859739367,16.30642078876176,16.862406982183103,16.30642078876176,8.641668859962532,-0.6232500000000001,21.553240743853845,0.5567608204544339,1.317861509777778,1.317862,285.52218,1.317862,1170,1.2,1,0.08057903194457432,0.080582,16.93224,0.080582,9.266588673626046,9.26693,1712.5954338200002,9.26693,2.1781585136923693,41,39,3.9215686274509802,-0.018557555467426223,12,
09:14:50.774,16.327144388357137,16.326540219774778,16.86249839582476,16.326540219774778,8.641668859962532,-0.6232500000000001,21.553240743853845,0.4367479324898113,1.317861509777778,1.317862,285.52218,1.317862,1059,1.1,1,0.08071598305442458,0.080719,16.932377,0.080719,9.282338051258828,9.282685,1712.61118882,9.282685,1.708644345185347,41,39,3.9215686274509802,-0.018557555467426223,12,
09:14:51.014,16.327144388357137,16.326540219774778,16.86249839582476,16.326540219774778,8.646522467023923,-0.6232500000000001,25.18615242730797,0.4367479324898113,1.3213210580555557,1.321322,285.52564,1.321322,1059,1.1,1,0.08071598305442458,0.080719,16.932377,0.080719,9.282338051258828,9.282685,1712.61118882,9.282685,1.708644345185347,41,39,3.9215686274509802,-0.012436152015216431,11,
09:14:51.231,16.327144388357137,16.326540219774778,16.86249839582476,16.326540219774778,8.646522467023923,-0.55325,25.18615242730797,0.4367479324898113,1.3213210580555557,1.321322,285.52564,1.321322,1059,1.1,1,0.08071598305442458,0.080719,16.932377,0.080719,9.282338051258828,9.282685,1712.61118882,9.282685,1.708644345185347,41,46,3.9215686274509802,-0.012436152015216431,11,
09:14:51.700,16.327144388357137,16.326540219774778,16.86249839582476,16.326540219774778,8.646522467023923,-0.55325,25.18615242730797,0.4367479324898113,1.3213210580555557,1.321322,285.52564,1.321322,1059,1.1,1,0.08071598305442458,0.080719,16.932377,0.080719,9.282338051258828,9.282685,1712.61118882,9.282685,1.708644345185347,41,46,3.5294117647058822,-0.012436152015216431,11,
09:14:51.914,16.33772220678315,16.337223966962586,16.86254439382264,16.337223966962586,8.646522467023923,-0.55325,25.18615242730797,0.5034640581545222,1.3213210580555557,1.321322,285.52564,1.321322,1035,1,1,0.08087547586694585,0.080878,16.932536,0.080878,9.300679724698773,9.300970000000001,1712.6294738200002,9.300970000000001,1.969651032039766,41,46,3.5294117647058822,-0.012436152015216431,11,
09:14:52.143,16.33772220678315,16.337223966962586,16.86254439382264,16.337223966962586,8.651334281574746,-0.55325,21.848630149133506,0.5034640581545222,1.3247649319444446,1.324766,285.529084,1.324766,1035,1,1,0.08087547586694585,0.080878,16.932536,0.080878,9.300679724698773,9.300970000000001,1712.6294738200002,9.300970000000001,1.969651032039766,41,46,3.5294117647058822,-0.00621803983510394,11,
09:14:52.377,16.33772220678315,16.337223966962586,16.86254439382264,16.337223966962586,8.651334281574746,-0.46325000000000005,21.848630149133506,0.5034640581545222,1.3247649319444446,1.324766,285.529084,1.324766,1035,1,1,0.08087547586694585,0.080878,16.932536,0.080878,9.300679724698773,9.300970000000001,1712.6294738200002,9.300970000000001,1.969651032039766,41,55,3.5294117647058822,-0.00621803983510394,11,
09:14:52.855,16.33772220678315,16.337223966962586,16.86254439382264,16.337223966962586,8.651334281574746,-0.46325000000000005,21.848630149133506,0.5034640581545222,1.3247649319444446,1.324766,285.529084,1.324766,1035,1,1,0.08087547586694585,0.080878,16.932536,0.080878,9.300679724698773,9.300970000000001,1712.6294738200002,9.300970000000001,1.969651032039766,41,55,5.882352941176471,-0.00621803983510394,11,
09:14:53.078,16.340903370607,16.34040926078966,16.8625535951643,16.34040926078966,8.651334281574746,-0.46325000000000005,21.848630149133506,0.6031311186062417,1.3247649319444446,1.324766,285.529084,1.324766,1037,1,1,0.08107048318560829,0.081073,16.932731,0.081073,9.323105566344953,9.323395000000001,1712.65189882,9.323395000000001,2.359568296836548,41,55,5.882352941176471,-0.00621803983510394,11,
09:14:53.319,16.340903370607,16.34040926078966,16.8625535951643,16.34040926078966,8.656341665181465,-0.46325000000000005,18.238156945739398,0.6031311186062417,1.328363792166667,1.328365,285.532683,1.328365,1037,1,1,0.08107048318560829,0.081073,16.932731,0.081073,9.323105566344953,9.323395000000001,1712.65189882,9.323395000000001,2.359568296836548,41,55,5.882352941176471,-0.006166769203693891,11,
09:14:53.536,16.340903370607,16.34040926078966,16.8625535951643,16.34040926078966,8.656341665181465,-0.45325000000000004,18.238156945739398,0.6031311186062417,1.328363792166667,1.328365,285.532683,1.328365,1037,1,1,0.08107048318560829,0.081073,16.932731,0.081073,9.323105566344953,9.323395000000001,1712.65189882,9.323395000000001,2.359568296836548,41,56,5.882352941176471,-0.006166769203693891,11,
09:14:53.983,16.340903370607,16.34040926078966,16.8625535951643,16.34040926078966,8.656341665181465,-0.45325000000000004,18.238156945739398,0.6031311186062417,1.328363792166667,1.328365,285.532683,1.328365,1037,1,1,0.08107048318560829,0.081073,16.932731,0.081073,9.323105566344953,9.323395000000001,1712.65189882,9.323395000000001,2.359568296836548,41,56,5.882352941176471,-0.006166769203693891,11,
09:14:54.209,16.344632019981717,16.34407874500154,16.862564979144484,16.34407874500154,8.656341665181465,-0.45325000000000004,18.238156945739398,0.6413377063422697,1.328363792166667,1.328365,285.532683,1.328365,1083,1.1,1,0.0812721748977101,0.081275,16.932933000000002,0.081275,9.346300113236662,9.346625,1712.67512882,9.346625,2.5090400292196544,41,56,5.882352941176471,-0.006166769203693891,11,
09:14:54.441,16.344632019981717,16.34407874500154,16.862564979144484,16.34407874500154,8.663116957452123,-0.45325000000000004,18.71089112854348,0.6413377063422697,1.332102753166667,1.332104,285.536422,1.332104,1083,1.1,1,0.0812721748977101,0.081275,16.932933000000002,0.081275,9.346300113236662,9.346625,1712.67512882,9.346625,2.5090400292196544,41,56,5.882352941176471,-0.006166769203693891,12,
09:14:54.658,16.344632019981717,16.34407874500154,16.862564979144484,16.34407874500154,8.663116957452123,-0.42325,18.71089112854348,0.6413377063422697,1.332102753166667,1.332104,285.536422,1.332104,1083,1.1,1,0.0812721748977101,0.081275,16.932933000000002,0.081275,9.346300113236662,9.346625,1712.67512882,9.346625,2.5090400292196544,41,59,5.882352941176471,-0.006166769203693891,12,
09:14:55.111,16.344632019981717,16.34407874500154,16.862564979144484,16.34407874500154,8.663116957452123,-0.42325,18.71089112854348,0.6413377063422697,1.332102753166667,1.332104,285.536422,1.332104,1083,1.1,1,0.0812721748977101,0.081275,16.932933000000002,0.081275,9.346300113236662,9.346625,1712.67512882,9.346625,2.5090400292196544,41,59,0.39215686274509803,-0.006166769203693891,12,
09:14:55.326,16.350344741396793,16.34984964713102,16.862586622333858,16.34984964713102,8.663116957452123,-0.42325,18.71089112854348,0.6463712894483724,1.332102753166667,1.332104,285.536422,1.332104,1036,1,1,0.08147245665065204,0.081475,16.933133,0.081475,9.369332514824984,9.369625000000001,1712.6981288200002,9.369625000000001,2.528732402486845,41,59,0.39215686274509803,-0.006166769203693891,12,
09:14:55.557,16.350344741396793,16.34984964713102,16.862586622333858,16.34984964713102,8.66781010850072,-0.42325,17.018082609126473,0.6463712894483724,1.335506496916667,1.335508,285.539826,1.335508,1036,1,1,0.08147245665065204,0.081475,16.933133,0.081475,9.369332514824984,9.369625000000001,1712.6981288200002,9.369625000000001,2.528732402486845,41,59,0.39215686274509803,-0.006166769203693891,11,
09:14:55.792,16.350344741396793,16.34984964713102,16.862586622333858,16.34984964713102,8.66781010850072,-0.6232500000000001,17.018082609126473,0.6463712894483724,1.335506496916667,1.335508,285.539826,1.335508,1036,1,1,0.08147245665065204,0.081475,16.933133,0.081475,9.369332514824984,9.369625000000001,1712.6981288200002,9.369625000000001,2.528732402486845,41,39,0.39215686274509803,-0.006166769203693891,11,
09:14:56.272,16.350344741396793,16.34984964713102,16.862586622333858,16.34984964713102,8.66781010850072,-0.6232500000000001,17.018082609126473,0.6463712894483724,1.335506496916667,1.335508,285.539826,1.335508,1036,1,1,0.08147245665065204,0.081475,16.933133,0.081475,9.369332514824984,9.369625000000001,1712.6981288200002,9.369625000000001,2.528732402486845,41,39,0,-0.006166769203693891,11,
09:14:56.503,16.371735276243665,16.37133470628616,16.862687068518632,16.37133470628616,8.66781010850072,-0.6232500000000001,17.018082609126473,0.3102463752102632,1.335506496916667,1.335508,285.539826,1.335508,806,0.8,1,0.0815739122568494,0.081576,16.933234,0.081576,9.380999909537682,9.38124,1712.70974382,9.38124,1.2137452181977626,41,39,0,-0.006166769203693891,11,
09:14:56.723,16.371735276243665,16.37133470628616,16.862687068518632,16.37133470628616,8.666406542622196,-0.6232500000000001,25.78595799734376,0.3102463752102632,1.3381025893611114,1.338104,285.542422,1.338104,806,0.8,1,0.0815739122568494,0.081576,16.933234,0.081576,9.380999909537682,9.38124,1712.70974382,9.38124,1.2137452181977626,41,39,0,-0.006166769203693891,8,
09:14:56.953,16.371735276243665,16.37133470628616,16.862687068518632,16.37133470628616,8.666406542622196,-0.49325,25.78595799734376,0.3102463752102632,1.3381025893611114,1.338104,285.542422,1.338104,806,0.8,1,0.0815739122568494,0.081576,16.933234,0.081576,9.380999909537682,9.38124,1712.70974382,9.38124,1.2137452181977626,41,52,0,-0.006166769203693891,8,
09:14:57.392,16.371735276243665,16.37133470628616,16.862687068518632,16.37133470628616,8.666406542622196,-0.49325,25.78595799734376,0.3102463752102632,1.3381025893611114,1.338104,285.542422,1.338104,806,0.8,1,0.0815739122568494,0.081576,16.933234,0.081576,9.380999909537682,9.38124,1712.70974382,9.38124,1.2137452181977626,41,52,3.9215686274509802,-0.006166769203693891,8,
09:14:57.617,16.379943398098252,16.37946483217862,16.862722867864555,16.37946483217862,8.666406542622196,-0.49325,25.78595799734376,0.37978878024085155,1.3381025893611114,1.338104,285.542422,1.338104,740,0.7,1,0.08169152706086079,0.081694,16.933352,0.081694,9.39452561199899,9.39481,1712.7233138200002,9.39481,1.4858088692578069,41,52,3.9215686274509802,-0.006166769203693891,8,
09:14:57.844,16.379943398098252,16.37946483217862,16.862722867864555,16.37946483217862,8.663052368166811,-0.49325,18.43129751110813,0.37978878024085155,1.340282446916667,1.340284,285.544602,1.340284,740,0.7,1,0.08169152706086079,0.081694,16.933352,0.081694,9.39452561199899,9.39481,1712.7233138200002,9.39481,1.4858088692578069,41,52,3.9215686274509802,-0.025034803776989634,7,
09:14:58.072,16.379943398098252,16.37946483217862,16.862722867864555,16.37946483217862,8.663052368166811,-0.40325000000000005,18.43129751110813,0.37978878024085155,1.340282446916667,1.340284,285.544602,1.340284,740,0.7,1,0.08169152706086079,0.081694,16.933352,0.081694,9.39452561199899,9.39481,1712.7233138200002,9.39481,1.4858088692578069,41,61,3.9215686274509802,-0.025034803776989634,7,
09:14:58.547,16.379943398098252,16.37946483217862,16.862722867864555,16.37946483217862,8.663052368166811,-0.40325000000000005,18.43129751110813,0.37978878024085155,1.340282446916667,1.340284,285.544602,1.340284,740,0.7,1,0.08169152706086079,0.081694,16.933352,0.081694,9.39452561199899,9.39481,1712.7233138200002,9.39481,1.4858088692578069,41,61,0,-0.025034803776989634,7,
09:14:58.777,16.37195796498946,16.371480572147508,16.86267932990916,16.371480572147508,8.663052368166811,-0.40325000000000005,18.43129751110813,0.5376360245857565,1.340282446916667,1.340284,285.544602,1.340284,893,0.9,1,0.08186451796314088,0.081867,16.933525,0.081867,9.414419565761202,9.414705,1712.74320882,9.414705,2.1033385274189325,41,61,0,-0.025034803776989634,7,
09:14:59.007,16.37195796498946,16.371480572147508,16.86267932990916,16.371480572147508,8.655418396777927,-0.40325000000000005,9.299972046799603,0.5376360245857565,1.3418979538611113,1.3419,285.546218,1.3419,893,0.9,1,0.08186451796314088,0.081867,16.933525,0.081867,9.414419565761202,9.414705,1712.74320882,9.414705,2.1033385274189325,41,61,0,-0.04342003936778582,5,
09:14:59.236,16.37195796498946,16.371480572147508,16.86267932990916,16.371480572147508,8.655418396777927,-0.53325,9.299972046799603,0.5376360245857565,1.3418979538611113,1.3419,285.546218,1.3419,893,0.9,1,0.08186451796314088,0.081867,16.933525,0.081867,9.414419565761202,9.414705,1712.74320882,9.414705,2.1033385274189325,41,48,0,-0.04342003936778582,5,
09:14:59.718,16.37195796498946,16.371480572147508,16.86267932990916,16.371480572147508,8.655418396777927,-0.53325,9.299972046799603,0.5376360245857565,1.3418979538611113,1.3419,285.546218,1.3419,893,0.9,1,0.08186451796314088,0.081867,16.933525,0.081867,9.414419565761202,9.414705,1712.74320882,9.414705,2.1033385274189325,41,48,0,-0.04342003936778582,5,
09:14:59.945,16.364621620795717,16.364235018658082,16.862640327017314,16.364235018658082,8.655418396777927,-0.53325,9.299972046799603,0.41689911843486405,1.3418979538611113,1.3419,285.546218,1.3419,880,0.9,1,0.08199993772882985,0.082002,16.93366,0.082002,9.429992838815433,9.43023,1712.75873382,9.43023,1.6309918564825823,41,48,0,-0.04342003936778582,5,
09:15:00.165,16.364621620795717,16.364235018658082,16.862640327017314,16.364235018658082,8.63750695088163,-0.53325,9.299972046799603,0.41689911843486405,1.3418979538611113,1.3419,285.546218,1.3419,880,0.9,1,0.08199993772882985,0.082002,16.93366,0.082002,9.429992838815433,9.43023,1712.75873382,9.43023,1.6309918564825823,41,48,0,-0.06761140090211436,0,
09:15:00.389,16.364621620795717,16.364235018658082,16.862640327017314,16.364235018658082,8.63750695088163,-0.54325,9.299972046799603,0.41689911843486405,1.3418979538611113,1.3419,285.546218,1.3419,880,0.9,1,0.08199993772882985,0.082002,16.93366,0.082002,9.429992838815433,9.43023,1712.75873382,9.43023,1.6309918564825823,41,47,0,-0.06761140090211436,0,
09:15:00.835,16.364621620795717,16.364235018658082,16.862640327017314,16.364235018658082,8.63750695088163,-0.54325,9.299972046799603,0.41689911843486405,1.3418979538611113,1.3419,285.546218,1.3419,880,0.9,1,0.08199993772882985,0.082002,16.93366,0.082002,9.429992838815433,9.43023,1712.75873382,9.43023,1.6309918564825823,41,47,21.96078431372549,-0.06761140090211436,0,
09:15:01.055,16.317288772957554,16.316877431906615,16.862403328518926,16.316877431906615,8.63750695088163,-0.54325,9.299972046799603,0.7728559271208412,1.3418979538611113,1.3419,285.546218,1.3419,1555,1.6,1,0.08223780142231855,0.08224,16.933898,0.08224,9.457347163566634,9.4576,1712.78610382,9.4576,3.02356533662311,41,47,21.96078431372549,-0.06761140090211436,0,
09:15:01.296,16.317288772957554,16.316877431906615,16.862403328518926,16.316877431906615,8.620144937889485,-0.54325,9.299972046799603,0.7728559271208412,1.3418979538611113,1.3419,285.546218,1.3419,1555,1.6,1,0.08223780142231855,0.08224,16.933898,0.08224,9.457347163566634,9.4576,1712.78610382,9.4576,3.02356533662311,41,47,21.96078431372549,-0.049562164364986346,0,
09:15:01.529,16.317288772957554,16.316877431906615,16.862403328518926,16.316877431906615,8.620144937889485,-0.35325,9.299972046799603,0.7728559271208412,1.3418979538611113,1.3419,285.546218,1.3419,1555,1.6,1,0.08223780142231855,0.08224,16.933898,0.08224,9.457347163566634,9.4576,1712.78610382,9.4576,3.02356533662311,41,66,21.96078431372549,-0.049562164364986346,0,
09:15:01.974,16.317288772957554,16.316877431906615,16.862403328518926,16.316877431906615,8.620144937889485,-0.35325,9.299972046799603,0.7728559271208412,1.3418979538611113,1.3419,285.546218,1.3419,1555,1.6,1,0.08223780142231855,0.08224,16.933898,0.08224,9.457347163566634,9.4576,1712.78610382,9.4576,3.02356533662311,41,66,12.941176470588236,-0.049562164364986346,0,
09:15:02.199,16.216087025343363,16.215726318079106,16.861892509872355,16.215726318079106,8.620144937889485,-0.35325,9.299972046799603,1.6129249933643486,1.3418979538611113,1.3419,285.546218,1.3419,2311,2.3,1,0.08275103307992376,0.082753,16.934411,0.082753,9.516368804191233,9.516594999999999,1712.8450988200002,9.516594999999999,6.310081775108115,41,66,12.941176470588236,-0.049562164364986346,0,
09:15:02.441,16.216087025343363,16.215726318079106,16.861892509872355,16.215726318079106,8.606583328492302,-0.35325,1.2399832653273382,1.6129249933643486,1.3425370544722224,1.342539,285.546857,1.342539,2311,2.3,1,0.08275103307992376,0.082753,16.934411,0.082753,9.516368804191233,9.516594999999999,1712.8450988200002,9.516594999999999,6.310081775108115,41,66,12.941176470588236,-0.049562164364986346,2,
09:15:02.666,16.216087025343363,16.215726318079106,16.861892509872355,16.215726318079106,8.606583328492302,-0.38325000000000004,1.2399832653273382,1.6129249933643486,1.3425370544722224,1.342539,285.546857,1.342539,2311,2.3,1,0.08275103307992376,0.082753,16.934411,0.082753,9.516368804191233,9.516594999999999,1712.8450988200002,9.516594999999999,6.310081775108115,41,63,12.941176470588236,-0.049562164364986346,2,
09:15:03.133,16.216087025343363,16.215726318079106,16.861892509872355,16.215726318079106,8.606583328492302,-0.38325000000000004,1.2399832653273382,1.6129249933643486,1.3425370544722224,1.342539,285.546857,1.342539,2311,2.3,1,0.08275103307992376,0.082753,16.934411,0.082753,9.516368804191233,9.516594999999999,1712.8450988200002,9.516594999999999,6.310081775108115,41,63,9.019607843137255,-0.049562164364986346,2,
09:15:03.358,16.15326723951967,16.152982650335684,16.861570796465404,16.152982650335684,8.606583328492302,-0.38325000000000004,1.2399832653273382,1.1218968464131391,1.3425370544722224,1.342539,285.546857,1.342539,1684,1.7,1,0.08311241525105503,0.083114,16.934772,0.083114,9.55792775387133,9.55811,1712.88661382,9.55811,4.389082488787289,41,63,9.019607843137255,-0.049562164364986346,2,
09:15:03.596,16.15326723951967,16.152982650335684,16.861570796465404,16.152982650335684,8.605337110813476,-0.38325000000000004,7.130780361471838,1.1218968464131391,1.3451061609166668,1.345108,285.549426,1.345108,1684,1.7,1,0.08311241525105503,0.083114,16.934772,0.083114,9.55792775387133,9.55811,1712.88661382,9.55811,4.389082488787289,41,63,9.019607843137255,-0.049562164364986346,8,
09:15:03.811,16.15326723951967,16.152982650335684,16.861570796465404,16.152982650335684,8.605337110813476,-0.42325,7.130780361471838,1.1218968464131391,1.3451061609166668,1.345108,285.549426,1.345108,1684,1.7,1,0.08311241525105503,0.083114,16.934772,0.083114,9.55792775387133,9.55811,1712.88661382,9.55811,4.389082488787289,41,59,9.019607843137255,-0.049562164364986346,8,
09:15:04.249,16.15326723951967,16.152982650335684,16.861570796465404,16.152982650335684,8.605337110813476,-0.42325,7.130780361471838,1.1218968464131391,1.3451061609166668,1.345108,285.549426,1.345108,1684,1.7,1,0.08311241525105503,0.083114,16.934772,0.083114,9.55792775387133,9.55811,1712.88661382,9.55811,4.389082488787289,41,59,8.627450980392156,-0.049562164364986346,8,
09:15:04.481,16.107255863954066,16.10695596987223,16.861327217933283,16.10695596987223,8.605337110813476,-0.42325,7.130780361471838,1.2727774425431273,1.3451061609166668,1.345108,285.549426,1.345108,2040,2,1,0.08350933096722196,0.083511,16.935169000000002,0.083511,9.603573061230525,9.603765000000001,1712.9322688200002,9.603765000000001,4.9793572404181115,41,59,8.627450980392156,-0.049562164364986346,8,
09:15:04.720,16.107255863954066,16.10695596987223,16.861327217933283,16.10695596987223,8.612098691871115,-0.42325,9.42819977703477,1.2727774425431273,1.3488497435833335,1.348852,285.55317,1.348852,2040,2,1,0.08350933096722196,0.083511,16.935169000000002,0.083511,9.603573061230525,9.603765000000001,1712.9322688200002,9.603765000000001,4.9793572404181115,41,59,8.627450980392156,0.07463103604608029,12,
09:15:04.965,16.107255863954066,16.10695596987223,16.861327217933283,16.10695596987223,8.612098691871115,-0.54325,9.42819977703477,1.2727774425431273,1.3488497435833335,1.348852,285.55317,1.348852,2040,2,1,0.08350933096722196,0.083511,16.935169000000002,0.083511,9.603573061230525,9.603765000000001,1712.9322688200002,9.603765000000001,4.9793572404181115,41,47,8.627450980392156,0.07463103604608029,12,
09:15:05.422,16.107255863954066,16.10695596987223,16.861327217933283,16.10695596987223,8.612098691871115,-0.54325,9.42819977703477,1.2727774425431273,1.3488497435833335,1.348852,285.55317,1.348852,2040,2,1,0.08350933096722196,0.083511,16.935169000000002,0.083511,9.603573061230525,9.603765000000001,1712.9322688200002,9.603765000000001,4.9793572404181115,41,47,7.450980392156863,0.07463103604608029,12,
09:15:05.643,16.08601697528622,16.08572041882319,16.861206794338433,16.08572041882319,8.612098691871115,-0.54325,9.42819977703477,1.0626147731089126,1.3488497435833335,1.348852,285.55317,1.348852,2138,2.1,1,0.08385231382359233,0.083854,16.935512,0.083854,9.643016089713118,9.64321,1712.97171382,9.64321,4.157159285980844,41,47,7.450980392156863,0.07463103604608029,12,
09:15:05.889,16.08601697528622,16.08572041882319,16.861206794338433,16.08572041882319,8.619096676006615,-0.54325,11.292897768484215,1.0626147731089126,1.3527399802500002,1.352742,285.55706,1.352742,2138,2.1,1,0.08385231382359233,0.083854,16.935512,0.083854,9.643016089713118,9.64321,1712.97171382,9.64321,4.157159285980844,41,47,7.450980392156863,0.07400524388726755,12,
09:15:06.105,16.08601697528622,16.08572041882319,16.861206794338433,16.08572041882319,8.619096676006615,-0.6332500000000001,11.292897768484215,1.0626147731089126,1.3527399802500002,1.352742,285.55706,1.352742,2138,2.1,1,0.08385231382359233,0.083854,16.935512,0.083854,9.643016089713118,9.64321,1712.97171382,9.64321,4.157159285980844,41,38,7.450980392156863,0.07400524388726755,12,
09:15:06.580,16.08601697528622,16.08572041882319,16.861206794338433,16.08572041882319,8.619096676006615,-0.6332500000000001,11.292897768484215,1.0626147731089126,1.3527399802500002,1.352742,285.55706,1.352742,2138,2.1,1,0.08385231382359233,0.083854,16.935512,0.083854,9.643016089713118,9.64321,1712.97171382,9.64321,4.157159285980844,41,38,0,0.07400524388726755,12,
09:15:06.804,16.085165272936617,16.084922711058265,16.861191568750566,16.084922711058265,8.619096676006615,-0.6332500000000001,11.292897768484215,0.7647027914594859,1.3527399802500002,1.352742,285.55706,1.352742,1903,1.9,1,0.08409860621861269,0.0841,16.935758,0.0841,9.671339715140459,9.6715,1713.00000382,9.6715,2.991668656394113,41,38,0,0.07400524388726755,12,
09:15:07.029,16.085165272936617,16.084922711058265,16.861191568750566,16.084922711058265,8.625949255369193,-0.6332500000000001,15.69237111989248,0.7647027914594859,1.3565650229166668,1.356567,285.560885,1.356567,1903,1.9,1,0.08409860621861269,0.0841,16.935758,0.0841,9.671339715140459,9.6715,1713.00000382,9.6715,2.991668656394113,41,38,0,0.061734842812507996,12,
09:15:07.259,16.085165272936617,16.084922711058265,16.861191568750566,16.084922711058265,8.625949255369193,-0.69325,15.69237111989248,0.7647027914594859,1.3565650229166668,1.356567,285.560885,1.356567,1903,1.9,1,0.08409860621861269,0.0841,16.935758,0.0841,9.671339715140459,9.6715,1713.00000382,9.6715,2.991668656394113,41,32,0,0.061734842812507996,12,
09:15:07.692,16.085165272936617,16.084922711058265,16.861191568750566,16.084922711058265,8.625949255369193,-0.69325,15.69237111989248,0.7647027914594859,1.3565650229166668,1.356567,285.560885,1.356567,1903,1.9,0,0.08409860621861269,0.0841,16.935758,0.0841,9.671339715140459,9.6715,1713.00000382,9.6715,2.991668656394113,41,32,0,0.061734842812507996,12,
09:15:07.939,16.13064810361188,16.130404280618315,16.861417422237608,16.130404280618315,8.625949255369193,-0.69325,15.69237111989248,0,1.3565650229166668,1.356567,285.560885,1.356567,1247,1.2,0,0.08409860621861269,0.0841,16.935758,0.0841,9.671339715140459,9.6715,1713.00000382,9.6715,0,41,32,0,0.061734842812507996,12,
09:15:08.179,16.13064810361188,16.130404280618315,16.861417422237608,16.130404280618315,8.628715640391107,-0.69325,15.69237111989248,0,1.3597376484722223,1.35974,285.564058,1.35974,1247,1.2,0,0.08409860621861269,0.0841,16.935758,0.0841,9.671339715140459,9.6715,1713.00000382,9.6715,0,41,32,0,0.012363308657957454,10,
09:15:08.393,16.13064810361188,16.130404280618315,16.861417422237608,16.130404280618315,8.628715640391107,-0.65325,15.69237111989248,0,1.3597376484722223,1.35974,285.564058,1.35974,1247,1.2,0,0.08409860621861269,0.0841,16.935758,0.0841,9.671339715140459,9.6715,1713.00000382,9.6715,0,41,36,0,0.012363308657957454,10,
09:15:08.843,16.13064810361188,16.130404280618315,16.861417422237608,16.130404280618315,8.628715640391107,-0.65325,15.69237111989248,0,1.3597376484722223,1.35974,285.564058,1.35974,1247,1.2,1,0.08409860621861269,0.0841,16.935758,0.0841,9.671339715140459,9.6715,1713.00000382,9.6715,0,41,36,0,0.012363308657957454,10,
09:15:09.071,16.14528601312416,16.145096176680124,16.861485303566784,16.145096176680124,8.628715640391107,-0.65325,15.69237111989248,0.3829753062407934,1.3597376484722223,1.35974,285.564058,1.35974,1006,1,1,0.08421886409239951,0.08422,16.935878,0.08422,9.685169370625944,9.6853,1713.0138038200002,9.6853,1.4982751895894175,41,36,0,0.012363308657957454,10,
09:15:09.302,16.14528601312416,16.145096176680124,16.861485303566784,16.145096176680124,8.62747615807857,-0.65325,20.88907527361581,0.3829753062407934,1.3622278933611112,1.36223,285.566548,1.36223,1006,1,1,0.08421886409239951,0.08422,16.935878,0.08422,9.685169370625944,9.6853,1713.0138038200002,9.6853,1.4982751895894175,41,36,0,-0.024725885065567627,8,
09:15:09.534,16.14528601312416,16.145096176680124,16.861485303566784,16.145096176680124,8.62747615807857,-0.59325,20.88907527361581,0.3829753062407934,1.3622278933611112,1.36223,285.566548,1.36223,1006,1,1,0.08421886409239951,0.08422,16.935878,0.08422,9.685169370625944,9.6853,1713.0138038200002,9.6853,1.4982751895894175,41,42,0,-0.024725885065567627,8,
09:15:09.996,16.14528601312416,16.145096176680124,16.861485303566784,16.145096176680124,8.62747615807857,-0.59325,20.88907527361581,0.3829753062407934,1.3622278933611112,1.36223,285.566548,1.36223,1006,1,1,0.08421886409239951,0.08422,16.935878,0.08422,9.685169370625944,9.6853,1713.0138038200002,9.6853,1.4982751895894175,41,42,0,-0.024725885065567627,8,
09:15:10.234,16.15198143737752,16.151839599710694,16.861513851236513,16.151839599710694,8.62747615807857,-0.59325,20.88907527361581,0.3668593804977249,1.3622278933611112,1.36223,285.566548,1.36223,885,0.9,1,0.0843381289560401,0.084339,16.935997,0.084339,9.698884829944612,9.698985,1713.0274888200001,9.698985,1.4352264987087495,41,42,0,-0.024725885065567627,8,
09:15:10.455,16.15198143737752,16.151839599710694,16.861513851236513,16.151839599710694,8.624180898841015,-0.59325,19.080880501141802,0.3668593804977249,1.3644703250833334,1.364472,285.56879,1.364472,885,0.9,1,0.0843381289560401,0.084339,16.935997,0.084339,9.698884829944612,9.698985,1713.0274888200001,9.698985,1.4352264987087495,41,42,0,-0.03101415083455263,7,
09:15:10.693,16.15198143737752,16.151839599710694,16.861513851236513,16.151839599710694,8.624180898841015,-0.65325,19.080880501141802,0.3668593804977249,1.3644703250833334,1.364472,285.56879,1.364472,885,0.9,1,0.0843381289560401,0.084339,16.935997,0.084339,9.698884829944612,9.698985,1713.0274888200001,9.698985,1.4352264987087495,41,36,0,-0.03101415083455263,7,
09:15:11.130,16.15198143737752,16.151839599710694,16.861513851236513,16.151839599710694,8.624180898841015,-0.65325,19.080880501141802,0.3668593804977249,1.3644703250833334,1.364472,285.56879,1.364472,885,0.9,1,0.0843381289560401,0.084339,16.935997,0.084339,9.698884829944612,9.698985,1713.0274888200001,9.698985,1.4352264987087495,41,36,0,-0.03101415083455263,7,
09:15:11.366,16.159989111784927,16.15983703633521,16.861549658380497,16.15983703633521,8.624180898841015,-0.65325,19.080880501141802,0.3105424683341516,1.3644703250833334,1.364472,285.56879,1.364472,874,0.9,1,0.0844351017593367,0.084436,16.936094,0.084436,9.710036702323722,9.710139999999999,1713.03864382,9.710139999999999,1.2149035930958323,41,36,0,-0.03101415083455263,7,
09:15:11.596,16.159989111784927,16.15983703633521,16.861549658380497,16.15983703633521,8.61693997377089,-0.65325,16.100857402279267,0.3105424683341516,1.3660540107777779,1.366056,285.570374,1.366056,874,0.9,1,0.0844351017593367,0.084436,16.936094,0.084436,9.710036702323722,9.710139999999999,1713.03864382,9.710139999999999,1.2149035930958323,41,36,0,-0.04342433566936288,5,
09:15:11.830,16.159989111784927,16.15983703633521,16.861549658380497,16.15983703633521,8.61693997377089,-0.69325,16.100857402279267,0.3105424683341516,1.3660540107777779,1.366056,285.570374,1.366056,874,0.9,1,0.0844351017593367,0.084436,16.936094,0.084436,9.710036702323722,9.710139999999999,1713.03864382,9.710139999999999,1.2149035930958323,41,32,0,-0.04342433566936288,5,
09:15:12.294,16.159989111784927,16.15983703633521,16.861549658380497,16.15983703633521,8.61693997377089,-0.69325,16.100857402279267,0.3105424683341516,1.3660540107777779,1.366056,285.570374,1.366056,874,0.9,1,0.0844351017593367,0.084436,16.936094,0.084436,9.710036702323722,9.710139999999999,1713.03864382,9.710139999999999,1.2149035930958323,41,32,0,-0.04342433566936288,5,
09:15:12.526,16.161997039364337,16.161944086225052,16.8615565693352,16.161944086225052,8.61693997377089,-0.69325,16.100857402279267,0.2703527616516997,1.3660540107777779,1.366056,285.570374,1.366056,856,0.9,1,0.08452259998876388,0.084523,16.936181,0.084523,9.720098998707845,9.720145,1713.0486488200002,9.720145,1.057673506931129,41,32,0,-0.04342433566936288,5,
09:15:12.745,16.161997039364337,16.161944086225052,16.8615565693352,16.161944086225052,8.605618208665154,-0.69325,11.096613112704038,0.2703527616516997,1.3670145756111112,1.367017,285.571335,1.367017,856,0.9,1,0.08452259998876388,0.084523,16.936181,0.084523,9.720098998707845,9.720145,1713.0486488200002,9.720145,1.057673506931129,41,32,0,-0.043421801338170876,3,
09:15:12.995,16.161997039364337,16.161944086225052,16.8615565693352,16.161944086225052,8.605618208665154,-0.70325,11.096613112704038,0.2703527616516997,1.3670145756111112,1.367017,285.571335,1.367017,856,0.9,1,0.08452259998876388,0.084523,16.936181,0.084523,9.720098998707845,9.720145,1713.0486488200002,9.720145,1.057673506931129,41,31,0,-0.043421801338170876,3,
09:15:13.438,16.161997039364337,16.161944086225052,16.8615565693352,16.161944086225052,8.605618208665154,-0.70325,11.096613112704038,0.2703527616516997,1.3670145756111112,1.367017,285.571335,1.367017,856,0.9,1,0.08452259998876388,0.084523,16.936181,0.084523,9.720098998707845,9.720145,1713.0486488200002,9.720145,1.057673506931129,41,31,2.3529411764705883,-0.043421801338170876,3,
09:15:13.680,16.15523606094548,16.155156113356494,16.86151873056391,16.155156113356494,8.605618208665154,-0.70325,11.096613112704038,0.2970899707388221,1.3670145756111112,1.367017,285.571335,1.367017,971,1,1,0.0846174311816962,0.084618,16.936276,0.084618,9.731004585895064,9.731069999999999,1713.0595738200002,9.731069999999999,1.1622747602268517,41,31,2.3529411764705883,-0.043421801338170876,3,
09:15:13.901,16.15523606094548,16.155156113356494,16.86151873056391,16.155156113356494,8.592339633749903,-0.70325,6.731967407133515,0.2970899707388221,1.3676545063333334,1.367657,285.571975,1.367657,971,1,1,0.0846174311816962,0.084618,16.936276,0.084618,9.731004585895064,9.731069999999999,1713.0595738200002,9.731069999999999,1.1622747602268517,41,31,2.3529411764705883,-0.03695793116182929,2,
09:15:14.125,16.15523606094548,16.155156113356494,16.86151873056391,16.155156113356494,8.592339633749903,-0.69325,6.731967407133515,0.2970899707388221,1.3676545063333334,1.367657,285.571975,1.367657,971,1,1,0.0846174311816962,0.084618,16.936276,0.084618,9.731004585895064,9.731069999999999,1713.0595738200002,9.731069999999999,1.1622747602268517,41,32,2.3529411764705883,-0.03695793116182929,2,
09:15:14.563,16.15523606094548,16.155156113356494,16.86151873056391,16.155156113356494,8.592339633749903,-0.69325,6.731967407133515,0.2970899707388221,1.3676545063333334,1.367657,285.571975,1.367657,971,1,1,0.0846174311816962,0.084618,16.936276,0.084618,9.731004585895064,9.731069999999999,1713.0595738200002,9.731069999999999,1.1622747602268517,41,32,0,-0.03695793116182929,2,
09:15:14.792,16.142795633318272,16.14268852613812,16.861451983159803,16.14268852613812,8.592339633749903,-0.69325,6.731967407133515,0.33940731801150065,1.3676545063333334,1.367657,285.571975,1.367657,1003,1,1,0.0847222833887913,0.084723,16.936381,0.084723,9.743062589711,9.743145,1713.07164882,9.743145,1.3278285974448296,41,32,0,-0.03695793116182929,2,
09:15:15.025,16.142795633318272,16.14268852613812,16.861451983159803,16.14268852613812,8.579423650636084,-0.69325,5.892624860646732,0.33940731801150065,1.3682794409444445,1.368282,285.5726,1.368282,1003,1,1,0.0847222833887913,0.084723,16.936381,0.084723,9.743062589711,9.743145,1713.07164882,9.743145,1.3278285974448296,41,32,0,-0.030994727446272907,2,
09:15:15.262,16.142795633318272,16.14268852613812,16.861451983159803,16.14268852613812,8.579423650636084,-0.68325,5.892624860646732,0.33940731801150065,1.3682794409444445,1.368282,285.5726,1.368282,1003,1,1,0.0847222833887913,0.084723,16.936381,0.084723,9.743062589711,9.743145,1713.07164882,9.743145,1.3278285974448296,41,33,0,-0.030994727446272907,2,
09:15:15.730,16.142795633318272,16.14268852613812,16.861451983159803,16.14268852613812,8.579423650636084,-0.68325,5.892624860646732,0.33940731801150065,1.3682794409444445,1.368282,285.5726,1.368282,1003,1,1,0.0847222833887913,0.084723,16.936381,0.084723,9.743062589711,9.743145,1713.07164882,9.743145,1.3278285974448296,41,33,0,-0.030994727446272907,2,
09:15:15.945,16.132997402319948,16.132927735134945,16.861399284419996,16.132927735134945,8.579423650636084,-0.68325,5.892624860646732,0.28173260737981054,1.3682794409444445,1.368282,285.5726,1.368282,865,0.9,1,0.0848124751292456,0.084813,16.936471,0.084813,9.753434639863244,9.753495,1713.08199882,9.753495,1.10219371551362,41,33,0,-0.030994727446272907,2,
09:15:16.165,16.132997402319948,16.132927735134945,16.861399284419996,16.132927735134945,8.564406667452452,-0.68325,3.5494648961661577,0.28173260737981054,1.3685960508611112,1.368599,285.572917,1.368599,865,0.9,1,0.0848124751292456,0.084813,16.936471,0.084813,9.753434639863244,9.753495,1713.08199882,9.753495,1.10219371551362,41,33,0,-0.02479787404442803,1,
09:15:16.395,16.132997402319948,16.132927735134945,16.861399284419996,16.132927735134945,8.564406667452452,-0.68325,3.5494648961661577,0.28173260737981054,1.3685960508611112,1.368599,285.572917,1.368599,865,0.9,1,0.0848124751292456,0.084813,16.936471,0.084813,9.753434639863244,9.753495,1713.08199882,9.753495,1.10219371551362,41,33,0,-0.02479787404442803,1,
09:15:16.870,16.132997402319948,16.132927735134945,16.861399284419996,16.132927735134945,8.564406667452452,-0.68325,3.5494648961661577,0.28173260737981054,1.3685960508611112,1.368599,285.572917,1.368599,865,0.9,1,0.0848124751292456,0.084813,16.936471,0.084813,9.753434639863244,9.753495,1713.08199882,9.753495,1.10219371551362,41,33,0,-0.02479787404442803,1,
09:15:17.106,16.118971176949458,16.11899041292724,16.86132541405683,16.11899041292724,8.564406667452452,-0.68325,3.5494648961661577,0.2895494658504642,1.3685960508611112,1.368599,285.572917,1.368599,889,0.9,1,0.08490591836396101,0.084906,16.936564,0.084906,9.764180611855517,9.76419,1713.0926938200002,9.76419,1.132774812822668,41,33,0,-0.02479787404442803,1,
09:15:17.335,16.118971176949458,16.11899041292724,16.86132541405683,16.11899041292724,8.547020038211635,-0.68325,3.5494648961661577,0.2895494658504642,1.3685960508611112,1.368599,285.572917,1.368599,889,0.9,1,0.08490591836396101,0.084906,16.936564,0.084906,9.764180611855517,9.76419,1713.0926938200002,9.76419,1.132774812822668,41,33,0,-0.018512489022904477,0,
09:15:17.562,16.118971176949458,16.11899041292724,16.86132541405683,16.11899041292724,8.547020038211635,-0.69325,3.5494648961661577,0.2895494658504642,1.3685960508611112,1.368599,285.572917,1.368599,889,0.9,1,0.08490591836396101,0.084906,16.936564,0.084906,9.764180611855517,9.76419,1713.0926938200002,9.76419,1.132774812822668,41,32,0,-0.018512489022904477,0,
09:15:17.996,16.118971176949458,16.11899041292724,16.86132541405683,16.11899041292724,8.547020038211635,-0.69325,3.5494648961661577,0.2895494658504642,1.3685960508611112,1.368599,285.572917,1.368599,889,0.9,1,0.08490591836396101,0.084906,16.936564,0.084906,9.764180611855517,9.76419,1713.0926938200002,9.76419,1.132774812822668,41,32,0,-0.018512489022904477,0,
09:15:18.242,16.102236417223853,16.102301338918043,16.861237805441124,16.102301338918043,8.547020038211635,-0.69325,3.5494648961661577,0.2798277416161285,1.3685960508611112,1.368599,285.572917,1.368599,886,0.9,1,0.08499415953160297,0.084994,16.936652,0.084994,9.774328346134341,9.77431,1713.1028138200002,9.77431,1.0947415036693697,41,32,0,-0.018512489022904477,0,
09:15:18.459,16.102236417223853,16.102301338918043,16.861237805441124,16.102301338918043,8.530393701818758,-0.69325,3.5494648961661577,0.2798277416161285,1.3685960508611112,1.368599,285.572917,1.368599,886,0.9,1,0.08499415953160297,0.084994,16.936652,0.084994,9.774328346134341,9.77431,1713.1028138200002,9.77431,1.0947415036693697,41,32,0,-0.012427653553283001,0,
09:15:18.696,16.102236417223853,16.102301338918043,16.861237805441124,16.102301338918043,8.530393701818758,-0.70325,3.5494648961661577,0.2798277416161285,1.3685960508611112,1.368599,285.572917,1.368599,886,0.9,1,0.08499415953160297,0.084994,16.936652,0.084994,9.774328346134341,9.77431,1713.1028138200002,9.77431,1.0947415036693697,41,31,0,-0.012427653553283001,0,
09:15:19.167,16.102236417223853,16.102301338918043,16.861237805441124,16.102301338918043,8.530393701818758,-0.70325,3.5494648961661577,0.2798277416161285,1.3685960508611112,1.368599,285.572917,1.368599,886,0.9,1,0.08499415953160297,0.084994,16.936652,0.084994,9.774328346134341,9.77431,1713.1028138200002,9.77431,1.0947415036693697,41,31,0,-0.012427653553283001,0,
09:15:19.384,16.086287472470744,16.086403065422317,16.861154179884483,16.086403065422317,8.530393701818758,-0.70325,3.5494648961661577,0.2655757925863003,1.3685960508611112,1.368599,285.572917,1.368599,868,0.9,1,0.08507842802158404,0.085078,16.936736,0.085078,9.784019222482165,9.78397,1713.11247382,9.78397,1.0389850585755998,41,31,0,-0.012427653553283001,0,
09:15:19.605,16.086287472470744,16.086403065422317,16.861154179884483,16.086403065422317,8.513494618740541,-0.70325,3.5494648961661577,0.2655757925863003,1.3685960508611112,1.368599,285.572917,1.368599,868,0.9,1,0.08507842802158404,0.085078,16.936736,0.085078,9.784019222482165,9.78397,1713.11247382,9.78397,1.0389850585755998,41,31,0,-0.012366639855096288,0,
09:15:19.844,16.086287472470744,16.086403065422317,16.861154179884483,16.086403065422317,8.513494618740541,-0.70325,3.5494648961661577,0.2655757925863003,1.3685960508611112,1.368599,285.572917,1.368599,868,0.9,1,0.08507842802158404,0.085078,16.936736,0.085078,9.784019222482165,9.78397,1713.11247382,9.78397,1.0389850585755998,41,31,0,-0.012366639855096288,0,
09:15:20.302,16.086287472470744,16.086403065422317,16.861154179884483,16.086403065422317,8.513494618740541,-0.70325,3.5494648961661577,0.2655757925863003,1.3685960508611112,1.368599,285.572917,1.368599,868,0.9,1,0.08507842802158404,0.085078,16.936736,0.085078,9.784019222482165,9.78397,1713.11247382,9.78397,1.0389850585755998,41,31,0,-0.012366639855096288,0,
09:15:20.552,16.069849476490894,16.069970058122465,16.861067568575287,16.069970058122465,8.513494618740541,-0.70325,3.5494648961661577,0.26832945863846236,1.3685960508611112,1.368599,285.572917,1.368599,877,0.9,1,0.08516545552360494,0.085165,16.936823,0.085165,9.794027385214568,9.793975,1713.1224788200002,9.793975,1.0497579451276506,41,31,0,-0.012366639855096288,0,
09:15:20.770,16.069849476490894,16.069970058122465,16.861067568575287,16.069970058122465,8.496395710814978,-0.70325,3.5494648961661577,0.26832945863846236,1.3685960508611112,1.368599,285.572917,1.368599,877,0.9,1,0.08516545552360494,0.085165,16.936823,0.085165,9.794027385214568,9.793975,1713.1224788200002,9.793975,1.0497579451276506,41,31,0,-0.006150578347220284,0,
09:15:20.987,16.069849476490894,16.069970058122465,16.861067568575287,16.069970058122465,8.496395710814978,-0.70325,3.5494648961661577,0.26832945863846236,1.3685960508611112,1.368599,285.572917,1.368599,877,0.9,1,0.08516545552360494,0.085165,16.936823,0.085165,9.794027385214568,9.793975,1713.1224788200002,9.793975,1.0497579451276506,41,31,0,-0.006150578347220284,0,
09:15:21.462,16.069849476490894,16.069970058122465,16.861067568575287,16.069970058122465,8.496395710814978,-0.70325,3.5494648961661577,0.26832945863846236,1.3685960508611112,1.368599,285.572917,1.368599,877,0.9,1,0.08516545552360494,0.085165,16.936823,0.085165,9.794027385214568,9.793975,1713.1224788200002,9.793975,1.0497579451276506,41,31,0,-0.006150578347220284,0,
09:15:21.689,16.05430751621541,16.054512182246878,16.8609859357421,16.054512182246878,8.496395710814978,-0.70325,3.5494648961661577,0.2609863491660301,1.3685960508611112,1.368599,285.572917,1.368599,853,0.9,1,0.08524790306145448,0.085247,16.936905,0.085247,9.803508852067266,9.803405,1713.1319088200003,9.803405,1.0210302476555142,41,31,0,-0.006150578347220284,0,
09:15:22.018,16.05430751621541,16.054512182246878,16.8609859357421,16.054512182246878,8.478143768637612,-0.70325,3.5494648961661577,0.2609863491660301,1.3685960508611112,1.368599,285.572917,1.368599,853,0.9,1,0.08524790306145448,0.085247,16.936905,0.085247,9.803508852067266,9.803405,1713.1319088200003,9.803405,1.0210302476555142,41,31,0,0,0,
09:15:22.312,16.05430751621541,16.054512182246878,16.8609859357421,16.054512182246878,8.478143768637612,-0.70325,3.5494648961661577,0.2609863491660301,1.3685960508611112,1.368599,285.572917,1.368599,853,0.9,1,0.08524790306145448,0.085247,16.936905,0.085247,9.803508852067266,9.803405,1713.1319088200003,9.803405,1.0210302476555142,41,31,0,0,0,
09:15:22.751,16.05430751621541,16.054512182246878,16.8609859357421,16.054512182246878,8.478143768637612,-0.70325,3.5494648961661577,0.2609863491660301,1.3685960508611112,1.368599,285.572917,1.368599,853,0.9,1,0.08524790306145448,0.085247,16.936905,0.085247,9.803508852067266,9.803405,1713.1319088200003,9.803405,1.0210302476555142,41,31,0,0,0,
09:15:23.029,16.035157703902136,16.035325545700594,16.86088439356493,16.035325545700594,8.478143768637612,-0.70325,3.5494648961661577,0.266799644165039,1.3685960508611112,1.368599,285.572917,1.368599,872,0.9,1,0.08534970944052923,0.085349,16.937007,0.085349,9.815216585660862,9.815135,1713.1436388200002,9.815135,1.0437730081542886,41,31,0,0,0,
09:15:23.325,16.035157703902136,16.035325545700594,16.86088439356493,16.035325545700594,8.459094312433008,-0.70325,3.5494648961661577,0.266799644165039,1.3685960508611112,1.368599,285.572917,1.368599,872,0.9,1,0.08534970944052923,0.085349,16.937007,0.085349,9.815216585660862,9.815135,1713.1436388200002,9.815135,1.0437730081542886,41,31,0,0,0,
09:15:23.624,16.035157703902136,16.035325545700594,16.86088439356493,16.035325545700594,8.459094312433008,-0.70325,3.5494648961661577,0.266799644165039,1.3685960508611112,1.368599,285.572917,1.368599,872,0.9,1,0.08534970944052923,0.085349,16.937007,0.085349,9.815216585660862,9.815135,1713.1436388200002,9.815135,1.0437730081542886,41,31,0,0,0,
09:15:24.157,16.035157703902136,16.035325545700594,16.86088439356493,16.035325545700594,8.459094312433008,-0.70325,3.5494648961661577,0.266799644165039,1.3685960508611112,1.368599,285.572917,1.368599,872,0.9,1,0.08534970944052923,0.085349,16.937007,0.085349,9.815216585660862,9.815135,1713.1436388200002,9.815135,1.0437730081542886,41,31,0,0,0,
09:15:24.467,16.01567787945968,16.015809860391087,16.860780861623923,16.015809860391087,8.459094312433008,-0.70325,3.5494648961661577,0.265881755480985,1.3685960508611112,1.368599,285.572917,1.368599,869,0.9,1,0.08545352005464307,0.085453,16.937111,0.085453,9.827154806283954,9.827095,1713.1555988200003,9.827095,1.0401820459702722,41,31,0,0,0,
09:15:25.162,16.01567787945968,16.015809860391087,16.860780861623923,16.015809860391087,8.431686032564446,-0.70325,3.5494648961661577,0.265881755480985,1.3685960508611112,1.368599,285.572917,1.368599,869,0.9,1,0.08545352005464307,0.085453,16.937111,0.085453,9.827154806283954,9.827095,1713.1555988200003,9.827095,1.0401820459702722,41,31,0,0,0,
09:15:25.556,16.01567787945968,16.015809860391087,16.860780861623923,16.015809860391087,8.431686032564446,-0.70325,3.5494648961661577,0.265881755480985,1.3685960508611112,1.368599,285.572917,1.368599,869,0.9,1,0.08545352005464307,0.085453,16.937111,0.085453,9.827154806283954,9.827095,1713.1555988200003,9.827095,1.0401820459702722,41,31,0,0,0,
09:15:26.070,16.01567787945968,16.015809860391087,16.860780861623923,16.015809860391087,8.431686032564446,-0.70325,3.5494648961661577,0.265881755480985,1.3685960508611112,1.368599,285.572917,1.368599,869,0.9,1,0.08545352005464307,0.085453,16.937111,0.085453,9.827154806283954,9.827095,1713.1555988200003,9.827095,1.0401820459702722,41,31,0,0,0,
09:15:26.359,15.99017231001995,15.990360910864714,16.860645475619503,15.990360910864714,8.431686032564446,-0.70325,3.5494648961661577,0.258232683113868,1.3685960508611112,1.368599,285.572917,1.368599,844,0.8,1,0.0855898250704594,0.085589,16.937247,0.085589,9.84282988310283,9.842735,1713.17123882,9.842735,1.0102573611034629,41,31,0,0,0,
09:15:26.754,15.99017231001995,15.990360910864714,16.860645475619503,15.990360910864714,8.409548049112528,-0.70325,3.5494648961661577,0.258232683113868,1.3685960508611112,1.368599,285.572917,1.368599,844,0.8,1,0.0855898250704594,0.085589,16.937247,0.085589,9.84282988310283,9.842735,1713.17123882,9.842735,1.0102573611034629,41,31,0,0,0,
09:15:27.148,15.99017231001995,15.990360910864714,16.860645475619503,15.990360910864714,8.409548049112528,-0.71325,3.5494648961661577,0.258232683113868,1.3685960508611112,1.368599,285.572917,1.368599,844,0.8,1,0.0855898250704594,0.085589,16.937247,0.085589,9.84282988310283,9.842735,1713.17123882,9.842735,1.0102573611034629,41,30,0,0,0,
09:15:27.716,15.99017231001995,15.990360910864714,16.860645475619503,15.990360910864714,8.409548049112528,-0.71325,3.5494648961661577,0.258232683113868,1.3685960508611112,1.368599,285.572917,1.368599,844,0.8,1,0.0855898250704594,0.085589,16.937247,0.085589,9.84282988310283,9.842735,1713.17123882,9.842735,1.0102573611034629,41,30,0,0,0,
09:15:27.912,15.96969769731631,15.969836287471264,16.860535973824014,15.969836287471264,8.409548049112528,-0.71325,3.5494648961661577,0.2552322727917989,1.3685960508611112,1.368599,285.572917,1.368599,862,0.9,1,0.0856995590524611,0.085699,16.937357000000002,0.085699,9.855449291033027,9.855385,1713.1838888200002,9.855385,0.9985191621363535,41,30,0,0,0,
09:15:28.228,15.96969769731631,15.969836287471264,16.860535973824014,15.969836287471264,8.388423023203897,-0.71325,3.5494648961661577,0.2552322727917989,1.3685960508611112,1.368599,285.572917,1.368599,862,0.9,1,0.0856995590524611,0.085699,16.937357000000002,0.085699,9.855449291033027,9.855385,1713.1838888200002,9.855385,0.9985191621363535,41,30,0,0,0,
09:15:28.545,15.96969769731631,15.969836287471264,16.860535973824014,15.969836287471264,8.388423023203897,-0.6032500000000001,3.5494648961661577,0.2552322727917989,1.3685960508611112,1.368599,285.572917,1.368599,862,0.9,1,0.0856995590524611,0.085699,16.937357000000002,0.085699,9.855449291033027,9.855385,1713.1838888200002,9.855385,0.9985191621363535,41,41,0,0,0,
09:15:28.988,15.96969769731631,15.969836287471264,16.860535973824014,15.969836287471264,8.388423023203897,-0.6032500000000001,3.5494648961661577,0.2552322727917989,1.3685960508611112,1.368599,285.572917,1.368599,862,0.9,1,0.0856995590524611,0.085699,16.937357000000002,0.085699,9.855449291033027,9.855385,1713.1838888200002,9.855385,0.9985191621363535,41,41,0,0,0,
09:15:29.245,15.947008706923338,15.947134151314946,16.860414528041627,15.947134151314946,8.388423023203897,-0.6032500000000001,3.5494648961661577,0.32939373055504634,1.3685960508611112,1.368599,285.572917,1.368599,814,0.8,1,0.08582149016241146,0.085821,16.937479,0.085821,9.869471368677317,9.869415,1713.19791882,9.869415,1.2886534616062908,41,41,0,0,0,
09:15:29.615,15.947008706923338,15.947134151314946,16.860414528041627,15.947134151314946,8.368596456215158,-0.6032500000000001,3.5494648961661577,0.32939373055504634,1.3685960508611112,1.368599,285.572917,1.368599,814,0.8,1,0.08582149016241146,0.085821,16.937479,0.085821,9.869471368677317,9.869415,1713.19791882,9.869415,1.2886534616062908,41,41,0,0,0,
09:15:29.909,15.947008706923338,15.947134151314946,16.860414528041627,15.947134151314946,8.368596456215158,-0.54325,3.5494648961661577,0.32939373055504634,1.3685960508611112,1.368599,285.572917,1.368599,814,0.8,1,0.08582149016241146,0.085821,16.937479,0.085821,9.869471368677317,9.869415,1713.19791882,9.869415,1.2886534616062908,41,47,0,0,0,
09:15:30.382,15.947008706923338,15.947134151314946,16.860414528041627,15.947134151314946,8.368596456215158,-0.54325,3.5494648961661577,0.32939373055504634,1.3685960508611112,1.368599,285.572917,1.368599,814,0.8,1,0.08582149016241146,0.085821,16.937479,0.085821,9.869471368677317,9.869415,1713.19791882,9.869415,1.2886534616062908,41,47,0,0,0,
09:15:30.680,15.917443251207828,15.91764363805536,16.860256252967503,15.91764363805536,8.368596456215158,-0.54325,3.5494648961661577,0.399863894040485,1.3685960508611112,1.368599,285.572917,1.368599,862,0.9,1,0.08598089713668437,0.08598,16.937638,0.08598,9.887803170718703,9.8877,1713.2162038200001,9.8877,1.564346687346954,41,47,0,0,0,
09:15:30.915,15.917443251207828,15.91764363805536,16.860256252967503,15.91764363805536,8.350223185482392,-0.54325,3.5494648961661577,0.399863894040485,1.3685960508611112,1.368599,285.572917,1.368599,862,0.9,1,0.08598089713668437,0.08598,16.937638,0.08598,9.887803170718703,9.8877,1713.2162038200001,9.8877,1.564346687346954,41,47,0,0,0,
09:15:31.236,15.917443251207828,15.91764363805536,16.860256252967503,15.91764363805536,8.350223185482392,-0.56325,3.5494648961661577,0.399863894040485,1.3685960508611112,1.368599,285.572917,1.368599,862,0.9,1,0.08598089713668437,0.08598,16.937638,0.08598,9.887803170718703,9.8877,1713.2162038200001,9.8877,1.564346687346954,41,45,0,0,0,
09:15:31.691,15.917443251207828,15.91764363805536,16.860256252967503,15.91764363805536,8.350223185482392,-0.56325,3.5494648961661577,0.399863894040485,1.3685960508611112,1.368599,285.572917,1.368599,862,0.9,1,0.08598089713668437,0.08598,16.937638,0.08598,9.887803170718703,9.8877,1713.2162038200001,9.8877,1.564346687346954,41,45,0,0,0,
09:15:31.928,15.893260280224881,15.893428249584838,16.86012585246617,15.893428249584838,8.350223185482392,-0.56325,3.5494648961661577,0.37751873295770716,1.3685960508611112,1.368599,285.572917,1.368599,850,0.8,1,0.08611172451281005,0.086111,16.937769,0.086111,9.902848318973156,9.902764999999999,1713.2312688200002,9.902764999999999,1.4769279950392697,41,45,0,0,0,
09:15:32.218,15.893260280224881,15.893428249584838,16.86012585246617,15.893428249584838,8.33180890403311,-0.56325,3.5494648961661577,0.37751873295770716,1.3685960508611112,1.368599,285.572917,1.368599,850,0.8,1,0.08611172451281005,0.086111,16.937769,0.086111,9.902848318973156,9.902764999999999,1713.2312688200002,9.902764999999999,1.4769279950392697,41,45,0,0,0,
09:15:32.525,15.893260280224881,15.893428249584838,16.86012585246617,15.893428249584838,8.33180890403311,-0.57325,3.5494648961661577,0.37751873295770716,1.3685960508611112,1.368599,285.572917,1.368599,850,0.8,1,0.08611172451281005,0.086111,16.937769,0.086111,9.902848318973156,9.902764999999999,1713.2312688200002,9.902764999999999,1.4769279950392697,41,44,0,0,0,
09:15:32.980,15.893260280224881,15.893428249584838,16.86012585246617,15.893428249584838,8.33180890403311,-0.57325,3.5494648961661577,0.37751873295770716,1.3685960508611112,1.368599,285.572917,1.368599,850,0.8,1,0.08611172451281005,0.086111,16.937769,0.086111,9.902848318973156,9.902764999999999,1713.2312688200002,9.902764999999999,1.4769279950392697,41,44,0,0,0,
09:15:33.191,15.870553818815113,15.87075863348563,16.860003417190285,15.87075863348563,8.33180890403311,-0.57325,3.5494648961661577,0.3508900913493439,1.3685960508611112,1.368599,285.572917,1.368599,808,0.8,1,0.08623492705330744,0.086234,16.937892,0.086234,9.917016611130355,9.916910000000001,1713.24541382,9.916910000000001,1.3727514792061732,41,44,0,0,0,
09:15:33.516,15.870553818815113,15.87075863348563,16.860003417190285,15.87075863348563,8.31354964417492,-0.57325,3.5494648961661577,0.3508900913493439,1.3685960508611112,1.368599,285.572917,1.368599,808,0.8,1,0.08623492705330744,0.086234,16.937892,0.086234,9.917016611130355,9.916910000000001,1713.24541382,9.916910000000001,1.3727514792061732,41,44,0,0,0,
09:15:33.827,15.870553818815113,15.87075863348563,16.860003417190285,15.87075863348563,8.31354964417492,-0.5032500000000001,3.5494648961661577,0.3508900913493439,1.3685960508611112,1.368599,285.572917,1.368599,808,0.8,1,0.08623492705330744,0.086234,16.937892,0.086234,9.917016611130355,9.916910000000001,1713.24541382,9.916910000000001,1.3727514792061732,41,51,0,0,0,
09:15:34.305,15.870553818815113,15.87075863348563,16.860003417190285,15.87075863348563,8.31354964417492,-0.5032500000000001,3.5494648961661577,0.3508900913493439,1.3685960508611112,1.368599,285.572917,1.368599,808,0.8,1,0.08623492705330744,0.086234,16.937892,0.086234,9.917016611130355,9.916910000000001,1713.24541382,9.916910000000001,1.3727514792061732,41,51,0,0,0,
09:15:34.516,15.842962524185438,15.843200129653637,16.85985410828477,15.843200129653637,8.31354964417492,-0.5032500000000001,3.5494648961661577,0.4087269482155444,1.3685960508611112,1.368599,285.572917,1.368599,812,0.8,1,0.0863851093993216,0.086384,16.938042,0.086384,9.934287580921984,9.93416,1713.2626638200002,9.93416,1.5990207092958504,41,51,0,0,0,
09:15:34.820,15.842962524185438,15.843200129653637,16.85985410828477,15.843200129653637,8.295309220031031,-0.5032500000000001,3.5494648961661577,0.4087269482155444,1.3685960508611112,1.368599,285.572917,1.368599,812,0.8,1,0.0863851093993216,0.086384,16.938042,0.086384,9.934287580921984,9.93416,1713.2626638200002,9.93416,1.5990207092958504,41,51,0,0,0,
09:15:35.117,15.842962524185438,15.843200129653637,16.85985410828477,15.843200129653637,8.295309220031031,-0.45325000000000004,3.5494648961661577,0.4087269482155444,1.3685960508611112,1.368599,285.572917,1.368599,812,0.8,1,0.0863851093993216,0.086384,16.938042,0.086384,9.934287580921984,9.93416,1713.2626638200002,9.93416,1.5990207092958504,41,56,0,0,0,
09:15:35.580,15.842962524185438,15.843200129653637,16.85985410828477,15.843200129653637,8.295309220031031,-0.45325000000000004,3.5494648961661577,0.4087269482155444,1.3685960508611112,1.368599,285.572917,1.368599,812,0.8,1,0.0863851093993216,0.086384,16.938042,0.086384,9.934287580921984,9.93416,1713.2626638200002,9.93416,1.5990207092958504,41,56,0,0,0,
09:15:35.806,15.811641978752656,15.811899948009934,16.859683899358213,15.811899948009934,8.295309220031031,-0.45325000000000004,3.5494648961661577,0.47753899020720797,1.3685960508611112,1.368599,285.572917,1.368599,864,0.9,1,0.0865562256405882,0.086555,16.938213,0.086555,9.953965948667642,9.953825,1713.2823288200002,9.953825,1.8682270356073216,41,56,0,0,0,
09:15:36.102,15.811641978752656,15.811899948009934,16.859683899358213,15.811899948009934,8.277456102331398,-0.45325000000000004,3.5494648961661577,0.47753899020720797,1.3685960508611112,1.368599,285.572917,1.368599,864,0.9,1,0.0865562256405882,0.086555,16.938213,0.086555,9.953965948667642,9.953825,1713.2823288200002,9.953825,1.8682270356073216,41,56,0,0,0,
09:15:36.395,15.811641978752656,15.811899948009934,16.859683899358213,15.811899948009934,8.277456102331398,-0.46325000000000005,3.5494648961661577,0.47753899020720797,1.3685960508611112,1.368599,285.572917,1.368599,864,0.9,1,0.0865562256405882,0.086555,16.938213,0.086555,9.953965948667642,9.953825,1713.2823288200002,9.953825,1.8682270356073216,41,55,0,0,0,
09:15:36.868,15.811641978752656,15.811899948009934,16.859683899358213,15.811899948009934,8.277456102331398,-0.46325000000000005,3.5494648961661577,0.47753899020720797,1.3685960508611112,1.368599,285.572917,1.368599,864,0.9,1,0.0865562256405882,0.086555,16.938213,0.086555,9.953965948667642,9.953825,1713.2823288200002,9.953825,1.8682270356073216,41,55,0,0,0,
09:15:37.093,15.779042810250042,15.77926764590587,16.85950573112253,15.77926764590587,8.277456102331398,-0.46325000000000005,3.5494648961661577,0.4999532396855597,1.3685960508611112,1.368599,285.572917,1.368599,921,0.9,1,0.08673504897090928,0.086734,16.938392,0.086734,9.974530631654567,9.97441,1713.3029138200002,9.97441,1.9559160153912218,41,55,0,0,0,
09:15:37.403,15.779042810250042,15.77926764590587,16.85950573112253,15.77926764590587,8.259418614440406,-0.46325000000000005,3.5494648961661577,0.4999532396855597,1.3685960508611112,1.368599,285.572917,1.368599,921,0.9,1,0.08673504897090928,0.086734,16.938392,0.086734,9.974530631654567,9.97441,1713.3029138200002,9.97441,1.9559160153912218,41,55,0,0,0,
09:15:37.716,15.779042810250042,15.77926764590587,16.85950573112253,15.77926764590587,8.259418614440406,-0.49325,3.5494648961661577,0.4999532396855597,1.3685960508611112,1.368599,285.572917,1.368599,921,0.9,1,0.08673504897090928,0.086734,16.938392,0.086734,9.974530631654567,9.97441,1713.3029138200002,9.97441,1.9559160153912218,41,52,0,0,0,
09:15:38.171,15.779042810250042,15.77926764590587,16.85950573112253,15.77926764590587,8.259418614440406,-0.49325,3.5494648961661577,0.4999532396855597,1.3685960508611112,1.368599,285.572917,1.368599,921,0.9,1,0.08673504897090928,0.086734,16.938392,0.086734,9.974530631654567,9.97441,1713.3029138200002,9.97441,1.9559160153912218,41,52,0,0,0,
09:15:38.393,15.749187663046088,15.749487905360306,16.859342496491436,15.749487905360306,8.259418614440406,-0.49325,3.5494648961661577,0.45523330820761526,1.3685960508611112,1.368599,285.572917,1.368599,887,0.9,1,0.08689946936580016,0.086898,16.938556000000002,0.086898,9.993438977067019,9.99327,1713.32177382,9.99327,1.7809627932860466,41,52,0,0,0,
09:15:38.702,15.749187663046088,15.749487905360306,16.859342496491436,15.749487905360306,8.241458371737302,-0.49325,3.5494648961661577,0.45523330820761526,1.3685960508611112,1.368599,285.572917,1.368599,887,0.9,1,0.08689946936580016,0.086898,16.938556000000002,0.086898,9.993438977067019,9.99327,1713.32177382,9.99327,1.7809627932860466,41,52,0,0,0,
09:15:39.007,15.749187663046088,15.749487905360306,16.859342496491436,15.749487905360306,8.241458371737302,-0.5032500000000001,3.5494648961661577,0.45523330820761526,1.3685960508611112,1.368599,285.572917,1.368599,887,0.9,1,0.08689946936580016,0.086898,16.938556000000002,0.086898,9.993438977067019,9.99327,1713.32177382,9.99327,1.7809627932860466,41,51,0,0,0,
09:15:39.475,15.749187663046088,15.749487905360306,16.859342496491436,15.749487905360306,8.241458371737302,-0.5032500000000001,3.5494648961661577,0.45523330820761526,1.3685960508611112,1.368599,285.572917,1.368599,887,0.9,1,0.08689946936580016,0.086898,16.938556000000002,0.086898,9.993438977067019,9.99327,1713.32177382,9.99327,1.7809627932860466,41,51,0,0,0,
09:15:39.710,15.720297230778352,15.720542626754575,16.859183246238974,15.720542626754575,8.241458371737302,-0.5032500000000001,3.5494648961661577,0.43641165529910947,1.3685960508611112,1.368599,285.572917,1.368599,867,0.9,1,0.08705917138650365,0.087058,16.938716,0.087058,10.01180470944792,10.011669999999999,1713.3401738200002,10.011669999999999,1.707328762265396,41,51,0,0,0,
09:15:40.006,15.720297230778352,15.720542626754575,16.859183246238974,15.720542626754575,8.223517529689387,-0.5032500000000001,3.5494648961661577,0.43641165529910947,1.3685960508611112,1.368599,285.572917,1.368599,867,0.9,1,0.08705917138650365,0.087058,16.938716,0.087058,10.01180470944792,10.011669999999999,1713.3401738200002,10.011669999999999,1.707328762265396,41,51,0,0,0,
09:15:40.295,15.720297230778352,15.720542626754575,16.859183246238974,15.720542626754575,8.223517529689387,-0.47325000000000006,3.5494648961661577,0.43641165529910947,1.3685960508611112,1.368599,285.572917,1.368599,867,0.9,1,0.08705917138650365,0.087058,16.938716,0.087058,10.01180470944792,10.011669999999999,1713.3401738200002,10.011669999999999,1.707328762265396,41,54,0,0,0,
09:15:40.752,15.720297230778352,15.720542626754575,16.859183246238974,15.720542626754575,8.223517529689387,-0.47325000000000006,3.5494648961661577,0.43641165529910947,1.3685960508611112,1.368599,285.572917,1.368599,867,0.9,1,0.08705917138650365,0.087058,16.938716,0.087058,10.01180470944792,10.011669999999999,1713.3401738200002,10.011669999999999,1.707328762265396,41,54,0,0,0,
09:15:40.996,15.693155079148108,15.693322936852846,16.859032956572594,15.693322936852846,8.223517529689387,-0.47325000000000006,3.5494648961661577,0.42157738979230086,1.3685960508611112,1.368599,285.572917,1.368599,791,0.8,1,0.08720974488295215,0.087209,16.938867000000002,0.087209,10.029120661539498,10.029034999999999,1713.3575388200002,10.029034999999999,1.6492941798720888,41,54,0,0,0,
09:15:41.305,15.693155079148108,15.693322936852846,16.859032956572594,15.693322936852846,8.205738634659745,-0.47325000000000006,3.5494648961661577,0.42157738979230086,1.3685960508611112,1.368599,285.572917,1.368599,791,0.8,1,0.08720974488295215,0.087209,16.938867000000002,0.087209,10.029120661539498,10.029034999999999,1713.3575388200002,10.029034999999999,1.6492941798720888,41,54,0,0,0,
09:15:41.629,15.693155079148108,15.693322936852846,16.859032956572594,15.693322936852846,8.205738634659745,-0.5032500000000001,3.5494648961661577,0.42157738979230086,1.3685960508611112,1.368599,285.572917,1.368599,791,0.8,1,0.08720974488295215,0.087209,16.938867000000002,0.087209,10.029120661539498,10.029034999999999,1713.3575388200002,10.029034999999999,1.6492941798720888,41,51,0,0,0,
09:15:42.146,15.693155079148108,15.693322936852846,16.859032956572594,15.693322936852846,8.205738634659745,-0.5032500000000001,3.5494648961661577,0.42157738979230086,1.3685960508611112,1.368599,285.572917,1.368599,791,0.8,1,0.08720974488295215,0.087209,16.938867000000002,0.087209,10.029120661539498,10.029034999999999,1713.3575388200002,10.029034999999999,1.6492941798720888,41,51,0,0,0,
09:15:42.369,15.662537708981489,15.662790830748808,16.85886375949235,15.662790830748808,8.205738634659745,-0.5032500000000001,3.5494648961661577,0.4469821798219255,1.3685960508611112,1.368599,285.572917,1.368599,888,0.9,1,0.08738022383667154,0.087379,16.939037,0.087379,10.048725741217227,10.048585,1713.3770888200002,10.048585,1.7486827461264962,41,51,0,0,0,
09:15:42.699,15.662537708981489,15.662790830748808,16.85886375949235,15.662790830748808,8.18671115667019,-0.5032500000000001,3.5494648961661577,0.4469821798219255,1.3685960508611112,1.368599,285.572917,1.368599,888,0.9,1,0.08738022383667154,0.087379,16.939037,0.087379,10.048725741217227,10.048585,1713.3770888200002,10.048585,1.7486827461264962,41,51,0,0,0,
09:15:43.011,15.662537708981489,15.662790830748808,16.85886375949235,15.662790830748808,8.18671115667019,-0.49325,3.5494648961661577,0.4469821798219255,1.3685960508611112,1.368599,285.572917,1.368599,888,0.9,1,0.08738022383667154,0.087379,16.939037,0.087379,10.048725741217227,10.048585,1713.3770888200002,10.048585,1.7486827461264962,41,52,0,0,0,
09:15:43.464,15.662537708981489,15.662790830748808,16.85886375949235,15.662790830748808,8.18671115667019,-0.49325,3.5494648961661577,0.4469821798219255,1.3685960508611112,1.368599,285.572917,1.368599,888,0.9,1,0.08738022383667154,0.087379,16.939037,0.087379,10.048725741217227,10.048585,1713.3770888200002,10.048585,1.7486827461264962,41,52,0,0,0,
09:15:43.668,15.635535660096725,15.635770592939563,16.858713475521967,15.635770592939563,8.18671115667019,-0.49325,3.5494648961661577,0.41879411442774994,1.3685960508611112,1.368599,285.572917,1.368599,816,0.8,1,0.0875311265704756,0.08753,16.939188,0.08753,10.066079555604693,10.065949999999999,1713.39445382,10.065949999999999,1.6384054558302308,41,52,0,0,0,
09:15:43.986,15.635535660096725,15.635770592939563,16.858713475521967,15.635770592939563,8.169254510036138,-0.49325,3.5494648961661577,0.41879411442774994,1.3685960508611112,1.368599,285.572917,1.368599,816,0.8,1,0.0875311265704756,0.08753,16.939188,0.08753,10.066079555604693,10.065949999999999,1713.39445382,10.065949999999999,1.6384054558302308,41,52,0,0,0,
09:15:44.286,15.635535660096725,15.635770592939563,16.858713475521967,15.635770592939563,8.169254510036138,-0.49325,3.5494648961661577,0.41879411442774994,1.3685960508611112,1.368599,285.572917,1.368599,816,0.8,1,0.0875311265704756,0.08753,16.939188,0.08753,10.066079555604693,10.065949999999999,1713.39445382,10.065949999999999,1.6384054558302308,41,52,0,0,0,
09:15:44.744,15.635535660096725,15.635770592939563,16.858713475521967,15.635770592939563,8.169254510036138,-0.49325,3.5494648961661577,0.41879411442774994,1.3685960508611112,1.368599,285.572917,1.368599,816,0.8,1,0.0875311265704756,0.08753,16.939188,0.08753,10.066079555604693,10.065949999999999,1713.39445382,10.065949999999999,1.6384054558302308,41,52,0,0,0,
09:15:45.004,15.605964109094145,15.60617359970808,16.858548265772118,15.60617359970808,8.169254510036138,-0.49325,3.5494648961661577,0.4459952027422973,1.3685960508611112,1.368599,285.572917,1.368599,869,0.9,1,0.08769698823436241,0.087696,16.939354,0.087696,10.085153646951676,10.08504,1713.41354382,10.08504,1.7448214964662623,41,52,0,0,0,
09:15:45.286,15.605964109094145,15.60617359970808,16.858548265772118,15.60617359970808,8.151673069892594,-0.49325,3.5494648961661577,0.4459952027422973,1.3685960508611112,1.368599,285.572917,1.368599,869,0.9,1,0.08769698823436241,0.087696,16.939354,0.087696,10.085153646951676,10.08504,1713.41354382,10.08504,1.7448214964662623,41,52,0,0,0,
09:15:45.584,15.605964109094145,15.60617359970808,16.858548265772118,15.60617359970808,8.151673069892594,-0.46325000000000005,3.5494648961661577,0.4459952027422973,1.3685960508611112,1.368599,285.572917,1.368599,869,0.9,1,0.08769698823436241,0.087696,16.939354,0.087696,10.085153646951676,10.08504,1713.41354382,10.08504,1.7448214964662623,41,55,0,0,0,
09:15:46.048,15.605964109094145,15.60617359970808,16.858548265772118,15.60617359970808,8.151673069892594,-0.46325000000000005,3.5494648961661577,0.4459952027422973,1.3685960508611112,1.368599,285.572917,1.368599,869,0.9,1,0.08769698823436241,0.087696,16.939354,0.087696,10.085153646951676,10.08504,1713.41354382,10.08504,1.7448214964662623,41,55,0,0,0,
09:15:46.290,15.577823748401727,15.578106859107152,16.85839102094559,15.578106859107152,8.151673069892594,-0.46325000000000005,3.5494648961661577,0.4434981507308384,1.3685960508611112,1.368599,285.572917,1.368599,817,0.8,1,0.08785540733836639,0.087854,16.939512,0.087854,10.103371843912134,10.10321,1713.4317138200001,10.10321,1.7350525348258712,41,55,0,0,0,
09:15:46.745,15.577823748401727,15.578106859107152,16.85839102094559,15.578106859107152,8.136852907164704,-0.46325000000000005,4.509601667344519,0.4434981507308384,1.369406948027778,1.36941,285.573728,1.36941,817,0.8,1,0.08785540733836639,0.087854,16.939512,0.087854,10.103371843912134,10.10321,1713.4317138200001,10.10321,1.7350525348258712,41,55,0,0.01041418948552645,2,
09:15:47.053,15.577823748401727,15.578106859107152,16.85839102094559,15.578106859107152,8.136852907164704,-0.46325000000000005,4.509601667344519,0.4434981507308384,1.369406948027778,1.36941,285.573728,1.36941,817,0.8,1,0.08785540733836639,0.087854,16.939512,0.087854,10.103371843912134,10.10321,1713.4317138200001,10.10321,1.7350525348258712,41,55,0,0.01041418948552645,2,
09:15:47.518,15.577823748401727,15.578106859107152,16.85839102094559,15.578106859107152,8.136852907164704,-0.46325000000000005,4.509601667344519,0.4434981507308384,1.369406948027778,1.36941,285.573728,1.36941,817,0.8,1,0.08785540733836639,0.087854,16.939512,0.087854,10.103371843912134,10.10321,1713.4317138200001,10.10321,1.7350525348258712,41,55,3.9215686274509802,0.01041418948552645,2,
09:15:47.732,15.54198309584242,15.542226106300152,16.858185121436442,15.542226106300152,8.136852907164704,-0.46325000000000005,4.509601667344519,0.6362829737273179,1.369406948027778,1.36941,285.573728,1.36941,1094,1.1,1,0.08811018128015485,0.088109,16.939767,0.088109,10.132670847217808,10.132535,1713.46103882,10.132535,2.4892649148883175,41,55,3.9215686274509802,0.01041418948552645,2,
09:15:48.064,15.54198309584242,15.542226106300152,16.858185121436442,15.542226106300152,8.13219836357603,-0.46325000000000005,9.429766704037768,0.6362829737273179,1.371611279027778,1.371614,285.575932,1.371614,1094,1.1,1,0.08811018128015485,0.088109,16.939767,0.088109,10.132670847217808,10.132535,1713.46103882,10.132535,2.4892649148883175,41,55,3.9215686274509802,0.031678173174799235,6,
09:15:48.370,15.54198309584242,15.542226106300152,16.858185121436442,15.542226106300152,8.13219836357603,-0.53325,9.429766704037768,0.6362829737273179,1.371611279027778,1.371614,285.575932,1.371614,1094,1.1,1,0.08811018128015485,0.088109,16.939767,0.088109,10.132670847217808,10.132535,1713.46103882,10.132535,2.4892649148883175,41,48,3.9215686274509802,0.031678173174799235,6,
09:15:48.829,15.54198309584242,15.542226106300152,16.858185121436442,15.542226106300152,8.13219836357603,-0.53325,9.429766704037768,0.6362829737273179,1.371611279027778,1.371614,285.575932,1.371614,1094,1.1,1,0.08811018128015485,0.088109,16.939767,0.088109,10.132670847217808,10.132535,1713.46103882,10.132535,2.4892649148883175,41,48,2.3529411764705883,0.031678173174799235,6,
09:15:49.066,15.521217047308252,15.521438513505869,16.858056483617176,15.521438513505869,8.13219836357603,-0.53325,9.429766704037768,0.7004717330845527,1.371611279027778,1.371614,285.575932,1.371614,1380,1.4,1,0.08837008559619672,0.088369,16.940027,0.088369,10.162559843562622,10.162435,1713.49093882,10.162435,2.740384044577066,41,48,2.3529411764705883,0.031678173174799235,6,
09:15:49.358,15.521217047308252,15.521438513505869,16.858056483617176,15.521438513505869,8.131917050309935,-0.53325,11.420874850683424,0.7004717330845527,1.374488693027778,1.374491,285.578809,1.374491,1380,1.4,1,0.08837008559619672,0.088369,16.940027,0.088369,10.162559843562622,10.162435,1713.49093882,10.162435,2.740384044577066,41,48,2.3529411764705883,0.042180801142888705,8,
09:15:49.694,15.521217047308252,15.521438513505869,16.858056483617176,15.521438513505869,8.131917050309935,-0.56325,11.420874850683424,0.7004717330845527,1.374488693027778,1.374491,285.578809,1.374491,1380,1.4,1,0.08837008559619672,0.088369,16.940027,0.088369,10.162559843562622,10.162435,1713.49093882,10.162435,2.740384044577066,41,45,2.3529411764705883,0.042180801142888705,8,
09:15:50.154,15.521217047308252,15.521438513505869,16.858056483617176,15.521438513505869,8.131917050309935,-0.56325,11.420874850683424,0.7004717330845527,1.374488693027778,1.374491,285.578809,1.374491,1380,1.4,1,0.08837008559619672,0.088369,16.940027,0.088369,10.162559843562622,10.162435,1713.49093882,10.162435,2.740384044577066,41,45,4.313725490196078,0.042180801142888705,8,
09:15:50.376,15.505457545221132,15.5057420694012,16.857952650430907,15.5057420694012,8.131917050309935,-0.56325,11.420874850683424,0.7585271348755276,1.374488693027778,1.374491,285.578809,1.374491,1594,1.6,1,0.08864547782734751,0.088644,16.940302,0.088644,10.194229950144964,10.19406,1713.5225638200002,10.19406,2.967508265662936,41,45,4.313725490196078,0.042180801142888705,8,
09:15:50.678,15.505457545221132,15.5057420694012,16.857952650430907,15.5057420694012,8.135951343788756,-0.56325,13.183443993260669,0.7585271348755276,1.3781468174722225,1.378149,285.582467,1.378149,1594,1.6,1,0.08864547782734751,0.088644,16.940302,0.088644,10.194229950144964,10.19406,1713.5225638200002,10.19406,2.967508265662936,41,45,4.313725490196078,0.05252705909148827,10,
09:15:50.982,15.505457545221132,15.5057420694012,16.857952650430907,15.5057420694012,8.135951343788756,-0.6132500000000001,13.183443993260669,0.7585271348755276,1.3781468174722225,1.378149,285.582467,1.378149,1594,1.6,1,0.08864547782734751,0.088644,16.940302,0.088644,10.194229950144964,10.19406,1713.5225638200002,10.19406,2.967508265662936,41,40,4.313725490196078,0.05252705909148827,10,
09:15:51.457,15.505457545221132,15.5057420694012,16.857952650430907,15.5057420694012,8.135951343788756,-0.6132500000000001,13.183443993260669,0.7585271348755276,1.3781468174722225,1.378149,285.582467,1.378149,1594,1.6,1,0.08864547782734751,0.088644,16.940302,0.088644,10.194229950144964,10.19406,1713.5225638200002,10.19406,2.967508265662936,41,40,5.098039215686274,0.05252705909148827,10,
09:15:51.679,15.502395427749056,15.5027616230019,16.857916815594297,15.5027616230019,8.135951343788756,-0.6132500000000001,13.183443993260669,0.6992027625536023,1.3781468174722225,1.378149,285.582467,1.378149,1653,1.7,1,0.0888989591250756,0.088897,16.940555,0.088897,10.223380299383694,10.223155,1713.55165882,10.223155,2.7354195807281942,41,40,5.098039215686274,0.05252705909148827,10,
09:15:51.976,15.502395427749056,15.5027616230019,16.857916815594297,15.5027616230019,8.139911360098738,-0.6132500000000001,14.302002989059101,0.6992027625536023,1.381753023027778,1.381755,285.586073,1.381755,1653,1.7,1,0.0888989591250756,0.088897,16.940555,0.088897,10.223380299383694,10.223155,1713.55165882,10.223155,2.7354195807281942,41,40,5.098039215686274,0.04331719545919598,10,
09:15:52.259,15.502395427749056,15.5027616230019,16.857916815594297,15.5027616230019,8.139911360098738,-0.52325,14.302002989059101,0.6992027625536023,1.381753023027778,1.381755,285.586073,1.381755,1653,1.7,1,0.0888989591250756,0.088897,16.940555,0.088897,10.223380299383694,10.223155,1713.55165882,10.223155,2.7354195807281942,41,49,5.098039215686274,0.04331719545919598,10,
09:15:52.722,15.502395427749056,15.5027616230019,16.857916815594297,15.5027616230019,8.139911360098738,-0.52325,14.302002989059101,0.6992027625536023,1.381753023027778,1.381755,285.586073,1.381755,1653,1.7,1,0.0888989591250756,0.088897,16.940555,0.088897,10.223380299383694,10.223155,1713.55165882,10.223155,2.7354195807281942,41,49,3.5294117647058822,0.04331719545919598,10,
09:15:52.940,15.485859885869543,15.486186606892689,16.85780327979362,15.486186606892689,8.139911360098738,-0.52325,14.302002989059101,0.936320481016086,1.381753023027778,1.381755,285.586073,1.381755,1807,1.8,1,0.08922675480801635,0.089225,16.940883,0.089225,10.261076802921881,10.260875,1713.58937882,10.260875,3.663071021421907,41,49,3.5294117647058822,0.04331719545919598,10,
09:15:53.248,15.485859885869543,15.486186606892689,16.85780327979362,15.486186606892689,8.145863415898049,-0.52325,11.748114265387963,0.936320481016086,1.3856470205833336,1.385649,285.589967,1.385649,1807,1.8,1,0.08922675480801635,0.089225,16.940883,0.089225,10.261076802921881,10.260875,1713.58937882,10.260875,3.663071021421907,41,49,3.5294117647058822,0.027318518718175887,11,
09:15:53.580,15.485859885869543,15.486186606892689,16.85780327979362,15.486186606892689,8.145863415898049,-0.51325,11.748114265387963,0.936320481016086,1.3856470205833336,1.385649,285.589967,1.385649,1807,1.8,1,0.08922675480801635,0.089225,16.940883,0.089225,10.261076802921881,10.260875,1713.58937882,10.260875,3.663071021421907,41,50,3.5294117647058822,0.027318518718175887,11,
09:15:54.028,15.485859885869543,15.486186606892689,16.85780327979362,15.486186606892689,8.145863415898049,-0.51325,11.748114265387963,0.936320481016086,1.3856470205833336,1.385649,285.589967,1.385649,1807,1.8,1,0.08922675480801635,0.089225,16.940883,0.089225,10.261076802921881,10.260875,1713.58937882,10.260875,3.663071021421907,41,50,9.411764705882353,0.027318518718175887,11,
09:15:54.261,15.457793337966644,15.458104173406664,16.857621172688255,15.458104173406664,8.145863415898049,-0.51325,11.748114265387963,1.1288550348245168,1.3856470205833336,1.385649,285.589967,1.385649,2135,2.1,1,0.08964067446677386,0.089639,16.941297,0.089639,10.308677563678994,10.308485,1713.6369888200002,10.308485,4.416304298891936,41,50,9.411764705882353,0.027318518718175887,11,
09:15:54.567,15.457793337966644,15.458104173406664,16.857621172688255,15.458104173406664,8.154125318571776,-0.51325,10.630240048373818,1.1288550348245168,1.3900321425833335,1.390034,285.594352,1.390034,2135,2.1,1,0.08964067446677386,0.089639,16.941297,0.089639,10.308677563678994,10.308485,1713.6369888200002,10.308485,4.416304298891936,41,50,9.411764705882353,0.021752250802265553,12,
09:15:54.901,15.457793337966644,15.458104173406664,16.857621172688255,15.458104173406664,8.154125318571776,-0.47325000000000006,10.630240048373818,1.1288550348245168,1.3900321425833335,1.390034,285.594352,1.390034,2135,2.1,1,0.08964067446677386,0.089639,16.941297,0.089639,10.308677563678994,10.308485,1713.6369888200002,10.308485,4.416304298891936,41,54,9.411764705882353,0.021752250802265553,12,
09:15:55.352,15.457793337966644,15.458104173406664,16.857621172688255,15.458104173406664,8.154125318571776,-0.47325000000000006,10.630240048373818,1.1288550348245168,1.3900321425833335,1.390034,285.594352,1.390034,2135,2.1,1,0.08964067446677386,0.089639,16.941297,0.089639,10.308677563678994,10.308485,1713.6369888200002,10.308485,4.416304298891936,41,54,0,0.021752250802265553,12,
09:15:55.572,15.421172033580573,15.421518594124434,16.85738546933105,15.421518594124434,8.154125318571776,-0.47325000000000006,10.630240048373818,1.3636357325591668,1.3900321425833335,1.390034,285.594352,1.390034,2388,2.4,1,0.09013790518363007,0.090136,16.941794,0.090136,10.36585909611746,10.365639999999999,1713.6941438200001,10.365639999999999,5.3348128519973095,41,54,0,0.021752250802265553,12,
09:15:55.865,15.421172033580573,15.421518594124434,16.85738546933105,15.421518594124434,8.168559926553327,-0.47325000000000006,11.000005090691744,1.3636357325591668,1.3954350988333335,1.395437,285.599755,1.395437,2388,2.4,1,0.09013790518363007,0.090136,16.941794,0.090136,10.36585909611746,10.365639999999999,1713.6941438200001,10.365639999999999,5.3348128519973095,41,54,0,0.027306421144308368,15,
09:15:56.102,15.421172033580573,15.421518594124434,16.85738546933105,15.421518594124434,8.168559926553327,-0.7432500000000001,11.000005090691744,1.3636357325591668,1.3954350988333335,1.395437,285.599755,1.395437,2388,2.4,1,0.09013790518363007,0.090136,16.941794,0.090136,10.36585909611746,10.365639999999999,1713.6941438200001,10.365639999999999,5.3348128519973095,41,27,0,0.027306421144308368,15,
09:15:56.581,15.421172033580573,15.421518594124434,16.85738546933105,15.421518594124434,8.168559926553327,-0.7432500000000001,11.000005090691744,1.3636357325591668,1.3954350988333335,1.395437,285.599755,1.395437,2388,2.4,0,0.09013790518363007,0.090136,16.941794,0.090136,10.36585909611746,10.365639999999999,1713.6941438200001,10.365639999999999,5.3348128519973095,41,27,0,0.027306421144308368,15,
09:15:56.800,15.481113034416936,15.481461347297417,16.85770438478947,15.481461347297417,8.168559926553327,-0.7432500000000001,11.000005090691744,0,1.3954350988333335,1.395437,285.599755,1.395437,1329,1.3,0,0.09013790518363007,0.090136,16.941794,0.090136,10.36585909611746,10.365639999999999,1713.6941438200001,10.365639999999999,0,41,27,0,0.027306421144308368,15,
09:15:57.116,15.481113034416936,15.481461347297417,16.85770438478947,15.481461347297417,8.176346902603997,-0.7432500000000001,11.000005090691744,0,1.3996098995000001,1.399612,285.60393,1.399612,1329,1.3,0,0.09013790518363007,0.090136,16.941794,0.090136,10.36585909611746,10.365639999999999,1713.6941438200001,10.365639999999999,0,41,27,0,0.027306421144308368,12,
09:15:57.427,15.481113034416936,15.481461347297417,16.85770438478947,15.481461347297417,8.176346902603997,-0.43325,11.000005090691744,0,1.3996098995000001,1.399612,285.60393,1.399612,1329,1.3,0,0.09013790518363007,0.090136,16.941794,0.090136,10.36585909611746,10.365639999999999,1713.6941438200001,10.365639999999999,0,41,58,0,0.027306421144308368,12,
09:15:57.874,15.481113034416936,15.481461347297417,16.85770438478947,15.481461347297417,8.176346902603997,-0.43325,11.000005090691744,0,1.3996098995000001,1.399612,285.60393,1.399612,1329,1.3,1,0.09013790518363007,0.090136,16.941794,0.090136,10.36585909611746,10.365639999999999,1713.6941438200001,10.365639999999999,0,41,58,6.2745098039215685,0.027306421144308368,12,
09:15:58.106,15.480568138316515,15.480892389032066,16.8576791722049,15.480892389032066,8.176346902603997,-0.43325,11.000005090691744,0.7525629733800614,1.3996098995000001,1.399612,285.60393,1.399612,1227,1.2,1,0.09041075798993287,0.090409,16.942067,0.090409,10.39723716884228,10.397035,1713.72553882,10.397035,2.944175285573241,41,58,6.2745098039215685,0.027306421144308368,12,
09:15:58.416,15.480568138316515,15.480892389032066,16.8576791722049,15.480892389032066,8.1865077373888,-0.43325,17.27430189876576,0.7525629733800614,1.4043073278055558,1.404309,285.608627,1.404309,1227,1.2,1,0.09041075798993287,0.090409,16.942067,0.090409,10.39723716884228,10.397035,1713.72553882,10.397035,2.944175285573241,41,58,6.2745098039215685,0.027306421144308368,13,
09:15:58.747,15.480568138316515,15.480892389032066,16.8576791722049,15.480892389032066,8.1865077373888,-0.36325,17.27430189876576,0.7525629733800614,1.4043073278055558,1.404309,285.608627,1.404309,1227,1.2,1,0.09041075798993287,0.090409,16.942067,0.090409,10.39723716884228,10.397035,1713.72553882,10.397035,2.944175285573241,41,65,6.2745098039215685,0.027306421144308368,13,
09:15:59.198,15.480568138316515,15.480892389032066,16.8576791722049,15.480892389032066,8.1865077373888,-0.36325,17.27430189876576,0.7525629733800614,1.4043073278055558,1.404309,285.608627,1.404309,1227,1.2,1,0.09041075798993287,0.090409,16.942067,0.090409,10.39723716884228,10.397035,1713.72553882,10.397035,2.944175285573241,41,65,6.666666666666667,0.027306421144308368,13,
09:15:59.419,15.47510288779956,15.475502512562812,16.857623080835882,15.475502512562812,8.1865077373888,-0.36325,17.27430189876576,0.919686392306213,1.4043073278055558,1.404309,285.608627,1.404309,1338,1.3,1,0.09074623529079731,0.090744,16.942402,0.090744,10.43581705844169,10.43556,1713.76406382,10.43556,3.597995174469619,41,65,6.666666666666667,0.027306421144308368,13,
09:15:59.742,15.47510288779956,15.475502512562812,16.857623080835882,15.475502512562812,8.19681913608843,-0.36325,14.135253178424328,0.919686392306213,1.4090946810833336,1.409096,285.613414,1.409096,1338,1.3,1,0.09074623529079731,0.090744,16.942402,0.090744,10.43581705844169,10.43556,1713.76406382,10.43556,3.597995174469619,41,65,6.666666666666667,0.027306421144308368,13,
09:16:00.061,15.47510288779956,15.475502512562812,16.857623080835882,15.475502512562812,8.19681913608843,-0.48325,14.135253178424328,0.919686392306213,1.4090946810833336,1.409096,285.613414,1.409096,1338,1.3,1,0.09074623529079731,0.090744,16.942402,0.090744,10.43581705844169,10.43556,1713.76406382,10.43556,3.597995174469619,41,53,6.666666666666667,0.027306421144308368,13,
09:16:00.485,15.47510288779956,15.475502512562812,16.857623080835882,15.475502512562812,8.19681913608843,-0.48325,14.135253178424328,0.919686392306213,1.4090946810833336,1.409096,285.613414,1.409096,1338,1.3,1,0.09074623529079731,0.090744,16.942402,0.090744,10.43581705844169,10.43556,1713.76406382,10.43556,3.597995174469619,41,53,3.1372549019607843,0.027306421144308368,13,
09:16:00.719,15.480772679839363,15.481168973851899,16.857631007329534,15.481168973851899,8.19681913608843,-0.48325,14.135253178424328,0.7633492228931387,1.4090946810833336,1.409096,285.613414,1.409096,1362,1.4,1,0.0910222448339675,0.09102,16.942678,0.09102,10.467558155906262,10.4673,1713.7958038200002,10.4673,2.9863732282886484,41,53,3.1372549019607843,0.027306421144308368,13,
09:16:01.036,15.480772679839363,15.481168973851899,16.857631007329534,15.481168973851899,8.210999263798893,-0.48325,19.650245981975477,0.7633492228931387,1.4144806069166669,1.414482,285.6188,1.414482,1362,1.4,1,0.0910222448339675,0.09102,16.942678,0.09102,10.467558155906262,10.4673,1713.7958038200002,10.4673,2.9863732282886484,41,53,3.1372549019607843,0.027306421144308368,15,
09:16:01.337,15.480772679839363,15.481168973851899,16.857631007329534,15.481168973851899,8.210999263798893,-0.6132500000000001,19.650245981975477,0.7633492228931387,1.4144806069166669,1.414482,285.6188,1.414482,1362,1.4,1,0.0910222448339675,0.09102,16.942678,0.09102,10.467558155906262,10.4673,1713.7958038200002,10.4673,2.9863732282886484,41,40,3.1372549019607843,0.027306421144308368,15,
09:16:01.810,15.480772679839363,15.481168973851899,16.857631007329534,15.481168973851899,8.210999263798893,-0.6132500000000001,19.650245981975477,0.7633492228931387,1.4144806069166669,1.414482,285.6188,1.414482,1362,1.4,1,0.0910222448339675,0.09102,16.942678,0.09102,10.467558155906262,10.4673,1713.7958038200002,10.4673,2.9863732282886484,41,40,1.9607843137254901,0.027306421144308368,15,
09:16:02.081,15.506563734231637,15.506950534993859,16.857753885202712,15.506950534993859,8.210999263798893,-0.6132500000000001,19.650245981975477,0.5194319373356464,1.4144806069166669,1.414482,285.6188,1.414482,1228,1.2,1,0.09121818548322985,0.091216,16.942874,0.091216,10.490091330571433,10.489840000000001,1713.81834382,10.489840000000001,2.0321205354713987,41,40,1.9607843137254901,0.027306421144308368,15,
09:16:02.349,15.506563734231637,15.506950534993859,16.857753885202712,15.506950534993859,8.219034059725935,-0.6132500000000001,23.10216052858113,0.5194319373356464,1.4188735372500003,1.418875,285.623193,1.418875,1228,1.2,1,0.09121818548322985,0.091216,16.942874,0.091216,10.490091330571433,10.489840000000001,1713.81834382,10.489840000000001,2.0321205354713987,41,40,1.9607843137254901,0.027306421144308368,12,
09:16:02.639,15.506563734231637,15.506950534993859,16.857753885202712,15.506950534993859,8.219034059725935,-0.67325,23.10216052858113,0.5194319373356464,1.4188735372500003,1.418875,285.623193,1.418875,1228,1.2,1,0.09121818548322985,0.091216,16.942874,0.091216,10.490091330571433,10.489840000000001,1713.81834382,10.489840000000001,2.0321205354713987,41,34,1.9607843137254901,0.027306421144308368,12,
09:16:03.108,15.506563734231637,15.506950534993859,16.857753885202712,15.506950534993859,8.219034059725935,-0.67325,23.10216052858113,0.5194319373356464,1.4188735372500003,1.418875,285.623193,1.418875,1228,1.2,1,0.09121818548322985,0.091216,16.942874,0.091216,10.490091330571433,10.489840000000001,1713.81834382,10.489840000000001,2.0321205354713987,41,34,3.1372549019607843,0.027306421144308368,12,
09:16:03.333,15.531304213009681,15.53161328458524,16.857875860561276,15.53161328458524,8.219034059725935,-0.67325,23.10216052858113,0.3947767321786311,1.4188735372500003,1.418875,285.623193,1.418875,1098,1.1,1,0.0913557237557353,0.091354,16.943012,0.091354,10.505908231909558,10.50571,1713.83421382,10.50571,1.5444447033839228,41,34,3.1372549019607843,0.027306421144308368,12,
09:16:03.639,15.531304213009681,15.53161328458524,16.857875860561276,15.53161328458524,8.224765792110897,-0.67325,27.863850889324066,0.3947767321786311,1.4227954855000002,1.422797,285.627115,1.422797,1098,1.1,1,0.0913557237557353,0.091354,16.943012,0.091354,10.505908231909558,10.50571,1713.83421382,10.50571,1.5444447033839228,41,34,3.1372549019607843,0.027306421144308368,11,
09:16:03.945,15.531304213009681,15.53161328458524,16.857875860561276,15.53161328458524,8.224765792110897,-0.6032500000000001,27.863850889324066,0.3947767321786311,1.4227954855000002,1.422797,285.627115,1.422797,1098,1.1,1,0.0913557237557353,0.091354,16.943012,0.091354,10.505908231909558,10.50571,1713.83421382,10.50571,1.5444447033839228,41,41,3.1372549019607843,0.027306421144308368,11,
09:16:04.422,15.531304213009681,15.53161328458524,16.857875860561276,15.53161328458524,8.224765792110897,-0.6032500000000001,27.863850889324066,0.3947767321786311,1.4227954855000002,1.422797,285.627115,1.422797,1098,1.1,1,0.0913557237557353,0.091354,16.943012,0.091354,10.505908231909558,10.50571,1713.83421382,10.50571,1.5444447033839228,41,41,4.313725490196078,0.027306421144308368,11,
09:16:04.641,15.542762105739113,15.543069074383597,16.85792327150537,15.543069074383597,8.224765792110897,-0.6032500000000001,27.863850889324066,0.509438794404413,1.4227954855000002,1.422797,285.627115,1.422797,1175,1.2,1,0.09154071044905447,0.091539,16.943197,0.091539,10.527181701641265,10.526985,1713.8554888200001,10.526985,1.9930253826615358,41,41,4.313725490196078,0.027306421144308368,11,
09:16:04.959,15.542762105739113,15.543069074383597,16.85792327150537,15.543069074383597,8.232768711543498,-0.6032500000000001,23.555332125872454,0.509438794404413,1.4272053611666669,1.427207,285.631525,1.427207,1175,1.2,1,0.09154071044905447,0.091539,16.943197,0.091539,10.527181701641265,10.526985,1713.8554888200001,10.526985,1.9930253826615358,41,41,4.313725490196078,0.027306421144308368,12,
09:16:05.259,15.542762105739113,15.543069074383597,16.85792327150537,15.543069074383597,8.232768711543498,-0.40325000000000005,23.555332125872454,0.509438794404413,1.4272053611666669,1.427207,285.631525,1.427207,1175,1.2,1,0.09154071044905447,0.091539,16.943197,0.091539,10.527181701641265,10.526985,1713.8554888200001,10.526985,1.9930253826615358,41,61,4.313725490196078,0.027306421144308368,12,
09:16:05.722,15.542762105739113,15.543069074383597,16.85792327150537,15.543069074383597,8.232768711543498,-0.40325000000000005,23.555332125872454,0.509438794404413,1.4272053611666669,1.427207,285.631525,1.427207,1175,1.2,1,0.09154071044905447,0.091539,16.943197,0.091539,10.527181701641265,10.526985,1713.8554888200001,10.526985,1.9930253826615358,41,61,8.235294117647058,0.027306421144308368,12,
09:16:05.940,15.530460221710776,15.530844986125468,16.85782934665474,15.530844986125468,8.232768711543498,-0.40325000000000005,23.555332125872454,0.9875868904664771,1.4272053611666669,1.427207,285.631525,1.427207,1531,1.5,1,0.09189717115861822,0.091895,16.943553,0.091895,10.568174683241095,10.567925,1713.8964288200002,10.567925,3.8636353609163154,41,61,8.235294117647058,0.027306421144308368,12,
09:16:06.231,15.530460221710776,15.530844986125468,16.85782934665474,15.530844986125468,8.250605407369516,-0.40325000000000005,17.213675236181206,0.9875868904664771,1.4332133051944447,1.433215,285.637533,1.433215,1531,1.5,1,0.09189717115861822,0.091895,16.943553,0.091895,10.568174683241095,10.567925,1713.8964288200002,10.567925,3.8636353609163154,41,61,8.235294117647058,0.027306421144308368,17,
09:16:06.558,15.530460221710776,15.530844986125468,16.85782934665474,15.530844986125468,8.250605407369516,-0.44325000000000003,17.213675236181206,0.9875868904664771,1.4332133051944447,1.433215,285.637533,1.433215,1531,1.5,1,0.09189717115861822,0.091895,16.943553,0.091895,10.568174683241095,10.567925,1713.8964288200002,10.567925,3.8636353609163154,41,57,8.235294117647058,0.027306421144308368,17,
09:16:07.000,15.530460221710776,15.530844986125468,16.85782934665474,15.530844986125468,8.250605407369516,-0.44325000000000003,17.213675236181206,0.9875868904664771,1.4332133051944447,1.433215,285.637533,1.433215,1531,1.5,1,0.09189717115861822,0.091895,16.943553,0.091895,10.568174683241095,10.567925,1713.8964288200002,10.567925,3.8636353609163154,41,57,0,0.027306421144308368,17,
09:16:07.232,15.539238363402177,15.539574975604465,16.857850630268565,15.539574975604465,8.250605407369516,-0.44325000000000003,17.213675236181206,0.9318685094033355,1.4332133051944447,1.433215,285.637533,1.433215,1546,1.5,1,0.09223188882731415,0.09223,16.943888,0.09223,10.606667215141126,10.60645,1713.9349538200001,10.60645,3.6456540274187845,41,57,0,0.027306421144308368,17,
09:16:07.544,15.539238363402177,15.539574975604465,16.857850630268565,15.539574975604465,8.275216806669485,-0.44325000000000003,21.462255455767856,0.9318685094033355,1.4405059740833335,1.440508,285.644826,1.440508,1546,1.5,1,0.09223188882731415,0.09223,16.943888,0.09223,10.606667215141126,10.60645,1713.9349538200001,10.60645,3.6456540274187845,41,57,0,0.027306421144308368,20,
09:16:07.827,15.539238363402177,15.539574975604465,16.857850630268565,15.539574975604465,8.275216806669485,-0.69325,21.462255455767856,0.9318685094033355,1.4405059740833335,1.440508,285.644826,1.440508,1546,1.5,1,0.09223188882731415,0.09223,16.943888,0.09223,10.606667215141126,10.60645,1713.9349538200001,10.60645,3.6456540274187845,41,32,0,0.027306421144308368,20,
09:16:08.294,15.539238363402177,15.539574975604465,16.857850630268565,15.539574975604465,8.275216806669485,-0.69325,21.462255455767856,0.9318685094033355,1.4405059740833335,1.440508,285.644826,1.440508,1546,1.5,1,0.09223188882731415,0.09223,16.943888,0.09223,10.606667215141126,10.60645,1713.9349538200001,10.60645,3.6456540274187845,41,32,0,0.027306421144308368,20,
09:16:08.520,15.594964707767978,15.595314394595528,16.858143749307278,15.595314394595528,8.275216806669485,-0.69325,21.462255455767856,0.38610543355047083,1.4405059740833335,1.440508,285.644826,1.440508,1141,1.1,1,0.09236994126481131,0.092368,16.944026,0.092368,10.6225432454533,10.62232,1713.95082382,10.62232,1.5105208670833006,41,32,0,0.027306421144308368,20,
09:16:08.845,15.594964707767978,15.595314394595528,16.858143749307278,15.595314394595528,8.301632567219574,-0.69325,54.389288974496985,0.38610543355047083,1.4481104660833335,1.448112,285.65243,1.448112,1141,1.1,1,0.09236994126481131,0.092368,16.944026,0.092368,10.6225432454533,10.62232,1713.95082382,10.62232,1.5105208670833006,41,32,0,0.054403381688283826,21,
09:16:09.148,15.594964707767978,15.595314394595528,16.858143749307278,15.595314394595528,8.301632567219574,-0.7232500000000001,54.389288974496985,0.38610543355047083,1.4481104660833335,1.448112,285.65243,1.448112,1141,1.1,1,0.09236994126481131,0.092368,16.944026,0.092368,10.6225432454533,10.62232,1713.95082382,10.62232,1.5105208670833006,41,29,0,0.054403381688283826,21,
09:16:09.598,15.594964707767978,15.595314394595528,16.858143749307278,15.595314394595528,8.301632567219574,-0.7232500000000001,54.389288974496985,0.38610543355047083,1.4481104660833335,1.448112,285.65243,1.448112,1141,1.1,1,0.09236994126481131,0.092368,16.944026,0.092368,10.6225432454533,10.62232,1713.95082382,10.62232,1.5105208670833006,41,29,0,0.054403381688283826,21,
09:16:09.851,15.653798203312803,15.654080231766246,16.858454223031934,15.654080231766246,8.301632567219574,-0.7232500000000001,54.389288974496985,0.37536148305509187,1.4481104660833335,1.448112,285.65243,1.448112,1224,1.2,1,0.09250856867292889,0.092507,16.944165,0.092507,10.638485397386823,10.638305,1713.96680882,10.638305,1.4684884064961892,41,29,0,0.054403381688283826,21,
09:16:10.159,15.653798203312803,15.654080231766246,16.858454223031934,15.654080231766246,8.32810421132302,-0.7232500000000001,55.94607051602529,0.37536148305509187,1.455762850916667,1.455764,285.660082,1.455764,1224,1.2,1,0.09250856867292889,0.092507,16.944165,0.092507,10.638485397386823,10.638305,1713.96680882,10.638305,1.4684884064961892,41,29,0,0.04902865630970495,21,
09:16:10.463,15.653798203312803,15.654080231766246,16.858454223031934,15.654080231766246,8.32810421132302,-0.77325,55.94607051602529,0.37536148305509187,1.455762850916667,1.455764,285.660082,1.455764,1224,1.2,1,0.09250856867292889,0.092507,16.944165,0.092507,10.638485397386823,10.638305,1713.96680882,10.638305,1.4684884064961892,41,24,0,0.04902865630970495,21,
09:16:10.915,15.653798203312803,15.654080231766246,16.858454223031934,15.654080231766246,8.32810421132302,-0.77325,55.94607051602529,0.37536148305509187,1.455762850916667,1.455764,285.660082,1.455764,1224,1.2,1,0.09250856867292889,0.092507,16.944165,0.092507,10.638485397386823,10.638305,1713.96680882,10.638305,1.4684884064961892,41,24,0,0.04902865630970495,21,
09:16:11.132,15.717442479450689,15.717768492425959,16.85879438821733,15.717768492425959,8.32810421132302,-0.77325,55.94607051602529,0.3152122798880486,1.455762850916667,1.455764,285.660082,1.455764,1242,1.2,1,0.09262084800500854,0.092619,16.944277,0.092619,10.651397520575982,10.651185000000002,1713.97968882,10.651185000000002,1.2331728200596794,41,24,0,0.04902865630970495,21,
09:16:11.449,15.717442479450689,15.717768492425959,16.85879438821733,15.717768492425959,8.356081441163967,-0.77325,69.79423519862094,0.3152122798880486,1.4636484148055557,1.46365,285.667968,1.46365,1242,1.2,1,0.09262084800500854,0.092619,16.944277,0.092619,10.651397520575982,10.651185000000002,1713.97968882,10.651185000000002,1.2331728200596794,41,24,0,0.02714089729714115,22,
09:16:11.757,15.717442479450689,15.717768492425959,16.85879438821733,15.717768492425959,8.356081441163967,-0.78325,69.79423519862094,0.3152122798880486,1.4636484148055557,1.46365,285.667968,1.46365,1242,1.2,1,0.09262084800500854,0.092619,16.944277,0.092619,10.651397520575982,10.651185000000002,1713.97968882,10.651185000000002,1.2331728200596794,41,23,0,0.02714089729714115,22,
09:16:12.207,15.717442479450689,15.717768492425959,16.85879438821733,15.717768492425959,8.356081441163967,-0.78325,69.79423519862094,0.3152122798880486,1.4636484148055557,1.46365,285.667968,1.46365,1242,1.2,1,0.09262084800500854,0.092619,16.944277,0.092619,10.651397520575982,10.651185000000002,1713.97968882,10.651185000000002,1.2331728200596794,41,23,0,0.02714089729714115,22,
09:16:12.442,15.78402566293419,15.784336985592269,16.85915134369578,15.784336985592269,8.356081441163967,-0.78325,69.79423519862094,0.29915980267152775,1.4636484148055557,1.46365,285.667968,1.46365,1230,1.2,1,0.09272972852816998,0.092728,16.944386,0.092728,10.663918780739547,10.663720000000001,1713.9922238200002,10.663720000000001,1.1703723523714555,41,23,0,0.02714089729714115,22,
09:16:12.751,15.78402566293419,15.784336985592269,16.85915134369578,15.784336985592269,8.384194263723925,-0.78325,73.53929172147375,0.29915980267152775,1.4716048382500002,1.471606,285.675924,1.471606,1230,1.2,1,0.09272972852816998,0.092728,16.944386,0.092728,10.663918780739547,10.663720000000001,1713.9922238200002,10.663720000000001,1.1703723523714555,41,23,0,0.010879515785896842,22,
09:16:13.031,15.78402566293419,15.784336985592269,16.85915134369578,15.784336985592269,8.384194263723925,-0.79325,73.53929172147375,0.29915980267152775,1.4716048382500002,1.471606,285.675924,1.471606,1230,1.2,1,0.09272972852816998,0.092728,16.944386,0.092728,10.663918780739547,10.663720000000001,1713.9922238200002,10.663720000000001,1.1703723523714555,41,22,0,0.010879515785896842,22,
09:16:13.502,15.78402566293419,15.784336985592269,16.85915134369578,15.784336985592269,8.384194263723925,-0.79325,73.53929172147375,0.29915980267152775,1.4716048382500002,1.471606,285.675924,1.471606,1230,1.2,1,0.09272972852816998,0.092728,16.944386,0.092728,10.663918780739547,10.663720000000001,1713.9922238200002,10.663720000000001,1.1703723523714555,41,22,0,0.010879515785896842,22,
09:16:13.737,15.85213332854608,15.852356945880732,16.859517400641742,15.852356945880732,8.384194263723925,-0.79325,73.53929172147375,0.2877813669106735,1.4716048382500002,1.471606,285.675924,1.471606,1237,1.2,1,0.09283323624335,0.092832,16.944490000000002,0.092832,10.67582216798525,10.67568,1714.0041838200002,10.67568,1.1258576598599075,41,22,0,0.010879515785896842,22,
09:16:14.025,15.85213332854608,15.852356945880732,16.859517400641742,15.852356945880732,8.411564888660777,-0.79325,76.44692301023343,0.2877813669106735,1.4793828361944446,1.479384,285.683702,1.479384,1237,1.2,1,0.09283323624335,0.092832,16.944490000000002,0.092832,10.67582216798525,10.67568,1714.0041838200002,10.67568,1.1258576598599075,41,22,0,0.005468360973905688,22,
09:16:14.354,15.85213332854608,15.852356945880732,16.859517400641742,15.852356945880732,8.411564888660777,-0.78325,76.44692301023343,0.2877813669106735,1.4793828361944446,1.479384,285.683702,1.479384,1237,1.2,1,0.09283323624335,0.092832,16.944490000000002,0.092832,10.67582216798525,10.67568,1714.0041838200002,10.67568,1.1258576598599075,41,23,0,0.005468360973905688,22,
09:16:14.783,15.85213332854608,15.852356945880732,16.859517400641742,15.852356945880732,8.411564888660777,-0.78325,76.44692301023343,0.2877813669106735,1.4793828361944446,1.479384,285.683702,1.479384,1237,1.2,1,0.09283323624335,0.092832,16.944490000000002,0.092832,10.67582216798525,10.67568,1714.0041838200002,10.67568,1.1258576598599075,41,23,0,0.005468360973905688,22,
09:16:15.032,15.918208238163237,15.918480658524777,16.859873943269097,15.918480658524777,8.411564888660777,-0.78325,76.44692301023343,0.28724205443501966,1.4793828361944446,1.479384,285.683702,1.479384,1181,1.2,1,0.09293651735549523,0.092935,16.944593,0.092935,10.687699495881951,10.687525,1714.0160288200002,10.687525,1.1237477627241372,41,23,0,0.005468360973905688,22,
09:16:15.344,15.918208238163237,15.918480658524777,16.859873943269097,15.918480658524777,8.435668703297965,-0.78325,69.62768748934857,0.28724205443501966,1.486714440638889,1.486716,285.691034,1.486716,1181,1.2,1,0.09293651735549523,0.092935,16.944593,0.092935,10.687699495881951,10.687525,1714.0160288200002,10.687525,1.1237477627241372,41,23,0,-0.005463275579536411,20,
09:16:15.637,15.918208238163237,15.918480658524777,16.859873943269097,15.918480658524777,8.435668703297965,-0.78325,69.62768748934857,0.28724205443501966,1.486714440638889,1.486716,285.691034,1.486716,1181,1.2,1,0.09293651735549523,0.092935,16.944593,0.092935,10.687699495881951,10.687525,1714.0160288200002,10.687525,1.1237477627241372,41,23,0,-0.005463275579536411,20,
09:16:16.102,15.918208238163237,15.918480658524777,16.859873943269097,15.918480658524777,8.435668703297965,-0.78325,69.62768748934857,0.28724205443501966,1.486714440638889,1.486716,285.691034,1.486716,1181,1.2,1,0.09293651735549523,0.092935,16.944593,0.092935,10.687699495881951,10.687525,1714.0160288200002,10.687525,1.1237477627241372,41,23,0,-0.005463275579536411,20,
09:16:16.314,15.984473266703345,15.98481851023568,16.86023401110414,15.98481851023568,8.435668703297965,-0.78325,69.62768748934857,0.2058932885811956,1.486714440638889,1.486716,285.691034,1.486716,907,0.9,1,0.09300991129534483,0.093008,16.944666,0.093008,10.696139798964655,10.69592,1714.02442382,10.69592,0.8054952916212867,41,23,0,-0.005463275579536411,20,
09:16:16.624,15.984473266703345,15.98481851023568,16.86023401110414,15.98481851023568,8.45894377079226,-0.78325,97.13769758023389,0.2058932885811956,1.4938230300833335,1.493825,285.698143,1.493825,907,0.9,1,0.09300991129534483,0.093008,16.944666,0.093008,10.696139798964655,10.69592,1714.02442382,10.69592,0.8054952916212867,41,23,0,-0.01094764554305749,20,
09:16:17.004,15.984473266703345,15.98481851023568,16.86023401110414,15.98481851023568,8.45894377079226,-0.7232500000000001,97.13769758023389,0.2058932885811956,1.4938230300833335,1.493825,285.698143,1.493825,907,0.9,1,0.09300991129534483,0.093008,16.944666,0.093008,10.696139798964655,10.69592,1714.02442382,10.69592,0.8054952916212867,41,29,0,-0.01094764554305749,20,
09:16:17.484,15.984473266703345,15.98481851023568,16.86023401110414,15.98481851023568,8.45894377079226,-0.7232500000000001,97.13769758023389,0.2058932885811956,1.4938230300833335,1.493825,285.698143,1.493825,907,0.9,1,0.09300991129534483,0.093008,16.944666,0.093008,10.696139798964655,10.69592,1714.02442382,10.69592,0.8054952916212867,41,29,0,-0.01094764554305749,20,
09:16:17.704,16.044352350341065,16.04469195738099,16.860558029673122,16.04469195738099,8.45894377079226,-0.7232500000000001,97.13769758023389,0.24844187048395827,1.4938230300833335,1.493825,285.698143,1.493825,868,0.9,1,0.0931058479310683,0.093104,16.944762,0.093104,10.707172512072853,10.70696,1714.0354638200001,10.70696,0.9719537644739477,41,29,0,-0.01094764554305749,20,
09:16:17.991,16.044352350341065,16.04469195738099,16.860558029673122,16.04469195738099,8.48370507457808,-0.7232500000000001,80.50172847692912,0.24844187048395827,1.5014170850833335,1.501419,285.705737,1.501419,868,0.9,1,0.0931058479310683,0.093104,16.944762,0.093104,10.707172512072853,10.70696,1714.0354638200001,10.70696,0.9719537644739477,41,29,0,-0.01081124946743678,20,
09:16:18.307,16.044352350341065,16.04469195738099,16.860558029673122,16.04469195738099,8.48370507457808,-0.71325,80.50172847692912,0.24844187048395827,1.5014170850833335,1.501419,285.705737,1.501419,868,0.9,1,0.0931058479310683,0.093104,16.944762,0.093104,10.707172512072853,10.70696,1714.0354638200001,10.70696,0.9719537644739477,41,30,0,-0.01081124946743678,20,
09:16:18.776,16.044352350341065,16.04469195738099,16.860558029673122,16.04469195738099,8.48370507457808,-0.71325,80.50172847692912,0.24844187048395827,1.5014170850833335,1.501419,285.705737,1.501419,868,0.9,1,0.0931058479310683,0.093104,16.944762,0.093104,10.707172512072853,10.70696,1714.0354638200001,10.70696,0.9719537644739477,41,30,0,-0.01081124946743678,20,
09:16:19.000,16.110063268173885,16.11033735353449,16.860914647007284,16.11033735353449,8.48370507457808,-0.71325,80.50172847692912,0.2543439934201337,1.5014170850833335,1.501419,285.705737,1.501419,859,0.9,1,0.09319746670700213,0.093196,16.944854,0.093196,10.717708671305244,10.71754,1714.0460438200002,10.71754,0.9950440374421435,41,30,0,-0.01081124946743678,20,
09:16:19.315,16.110063268173885,16.11033735353449,16.860914647007284,16.11033735353449,8.501356379048826,-0.71325,66.83861400225341,0.2543439934201337,1.5076658171111113,1.507668,285.711986,1.507668,859,0.9,1,0.09319746670700213,0.093196,16.944854,0.093196,10.717708671305244,10.71754,1714.0460438200002,10.71754,0.9950440374421435,41,30,0,-0.026775459697318947,17,
09:16:19.593,16.110063268173885,16.11033735353449,16.860914647007284,16.11033735353449,8.501356379048826,-0.70325,66.83861400225341,0.2543439934201337,1.5076658171111113,1.507668,285.711986,1.507668,859,0.9,1,0.09319746670700213,0.093196,16.944854,0.093196,10.717708671305244,10.71754,1714.0460438200002,10.71754,0.9950440374421435,41,31,0,-0.026775459697318947,17,
09:16:20.043,16.110063268173885,16.11033735353449,16.860914647007284,16.11033735353449,8.501356379048826,-0.70325,66.83861400225341,0.2543439934201337,1.5076658171111113,1.507668,285.711986,1.507668,859,0.9,1,0.09319746670700213,0.093196,16.944854,0.093196,10.717708671305244,10.71754,1714.0460438200002,10.71754,0.9950440374421435,41,31,0,-0.026775459697318947,17,
09:16:20.284,16.16084285814317,16.161089077071498,16.861189895655038,16.161089077071498,8.501356379048826,-0.70325,66.83861400225341,0.26343405232350753,1.5076658171111113,1.507668,285.711986,1.507668,861,0.9,1,0.09329128624943127,0.09329,16.944948,0.09329,10.728497918684596,10.728349999999999,1714.0568538200002,10.728349999999999,1.030606146812893,41,31,0,-0.026775459697318947,17,
09:16:20.594,16.16084285814317,16.161089077071498,16.861189895655038,16.161089077071498,8.51636632446014,-0.70325,60.7362634362522,0.26343405232350753,1.513357011777778,1.513359,285.717677,1.513359,861,0.9,1,0.09329128624943127,0.09329,16.944948,0.09329,10.728497918684596,10.728349999999999,1714.0568538200002,10.728349999999999,1.030606146812893,41,31,0,-0.021578295513161334,16,
09:16:20.879,16.16084285814317,16.161089077071498,16.861189895655038,16.161089077071498,8.51636632446014,-0.70325,60.7362634362522,0.26343405232350753,1.513357011777778,1.513359,285.717677,1.513359,861,0.9,1,0.09329128624943127,0.09329,16.944948,0.09329,10.728497918684596,10.728349999999999,1714.0568538200002,10.728349999999999,1.030606146812893,41,31,0,-0.021578295513161334,16,
09:16:21.344,16.16084285814317,16.161089077071498,16.861189895655038,16.161089077071498,8.51636632446014,-0.70325,60.7362634362522,0.26343405232350753,1.513357011777778,1.513359,285.717677,1.513359,861,0.9,1,0.09329128624943127,0.09329,16.944948,0.09329,10.728497918684596,10.728349999999999,1714.0568538200002,10.728349999999999,1.030606146812893,41,31,0,-0.021578295513161334,16,
09:16:21.564,16.205634398180816,16.205936840752596,16.861433206328623,16.205936840752596,8.51636632446014,-0.70325,60.7362634362522,0.2622102007447688,1.513357011777778,1.513359,285.717677,1.513359,857,0.9,1,0.09338462010149147,0.093383,16.945041,0.093383,10.739231311671519,10.739044999999999,1714.0675488200002,10.739044999999999,1.0258181972342038,41,31,0,-0.021578295513161334,16,
09:16:21.991,16.205634398180816,16.205936840752596,16.861433206328623,16.205936840752596,8.53265614835511,-0.70325,61.01974657947859,0.2622102007447688,1.5195593762222224,1.519561,285.723879,1.519561,857,0.9,1,0.09338462010149147,0.093383,16.945041,0.093383,10.739231311671519,10.739044999999999,1714.0675488200002,10.739044999999999,1.0258181972342038,41,31,0,-0.021109329111657357,16,
09:16:22.234,16.205634398180816,16.205936840752596,16.861433206328623,16.205936840752596,8.53265614835511,-0.70325,61.01974657947859,0.2622102007447688,1.5195593762222224,1.519561,285.723879,1.519561,857,0.9,1,0.09338462010149147,0.093383,16.945041,0.093383,10.739231311671519,10.739044999999999,1714.0675488200002,10.739044999999999,1.0258181972342038,41,31,0,-0.021109329111657357,16,
09:16:22.693,16.205634398180816,16.205936840752596,16.861433206328623,16.205936840752596,8.53265614835511,-0.70325,61.01974657947859,0.2622102007447688,1.5195593762222224,1.519561,285.723879,1.519561,857,0.9,1,0.09338462010149147,0.093383,16.945041,0.093383,10.739231311671519,10.739044999999999,1714.0675488200002,10.739044999999999,1.0258181972342038,41,31,0,-0.021109329111657357,16,
09:16:22.950,16.254698906408333,16.25494474931271,16.861699704947867,16.25494474931271,8.53265614835511,-0.70325,61.01974657947859,0.2591505717979221,1.5195593762222224,1.519561,285.723879,1.519561,847,0.8,1,0.09348431398031888,0.093483,16.945141,0.093483,10.75069610773667,10.750544999999999,1714.0790488200003,10.750544999999999,1.0138483232874804,41,31,0,-0.021109329111657357,16,
09:16:23.303,16.254698906408333,16.25494474931271,16.861699704947867,16.25494474931271,8.539738766166206,-0.70325,46.30512646276251,0.2591505717979221,1.523933585888889,1.523935,285.728253,1.523935,847,0.8,1,0.09348431398031888,0.093483,16.945141,0.093483,10.75069610773667,10.750544999999999,1714.0790488200003,10.750544999999999,1.0138483232874804,41,31,0,-0.042662448175218866,12,
09:16:23.620,16.254698906408333,16.25494474931271,16.861699704947867,16.25494474931271,8.539738766166206,-0.70325,46.30512646276251,0.2591505717979221,1.523933585888889,1.523935,285.728253,1.523935,847,0.8,1,0.09348431398031888,0.093483,16.945141,0.093483,10.75069610773667,10.750544999999999,1714.0790488200003,10.750544999999999,1.0138483232874804,41,31,0,-0.042662448175218866,12,
09:16:24.090,16.254698906408333,16.25494474931271,16.861699704947867,16.25494474931271,8.539738766166206,-0.70325,46.30512646276251,0.2591505717979221,1.523933585888889,1.523935,285.728253,1.523935,847,0.8,1,0.09348431398031888,0.093483,16.945141,0.093483,10.75069610773667,10.750544999999999,1714.0790488200003,10.750544999999999,1.0138483232874804,41,31,0,-0.042662448175218866,12,
09:16:24.312,16.284282857303268,16.284488470004916,16.861859318605106,16.284488470004916,8.539738766166206,-0.70325,46.30512646276251,0.26129231206071474,1.523933585888889,1.523935,285.728253,1.523935,854,0.9,1,0.09358309476953273,0.093582,16.945240000000002,0.093582,10.762055898496264,10.76193,1714.09043382,10.76193,1.0222272350501864,41,31,0,-0.042662448175218866,12,
09:16:24.609,16.284282857303268,16.284488470004916,16.861859318605106,16.284488470004916,8.546759965891882,-0.70325,45.92557624585464,0.26129231206071474,1.5282875742222222,1.528289,285.732607,1.528289,854,0.9,1,0.09358309476953273,0.093582,16.945240000000002,0.093582,10.762055898496264,10.76193,1714.09043382,10.76193,1.0222272350501864,41,31,0,-0.026750665436893525,12,
09:16:24.923,16.284282857303268,16.284488470004916,16.861859318605106,16.284488470004916,8.546759965891882,-0.71325,45.92557624585464,0.26129231206071474,1.5282875742222222,1.528289,285.732607,1.528289,854,0.9,1,0.09358309476953273,0.093582,16.945240000000002,0.093582,10.762055898496264,10.76193,1714.09043382,10.76193,1.0222272350501864,41,30,0,-0.026750665436893525,12,
09:16:25.387,16.284282857303268,16.284488470004916,16.861859318605106,16.284488470004916,8.546759965891882,-0.71325,45.92557624585464,0.26129231206071474,1.5282875742222222,1.528289,285.732607,1.528289,854,0.9,1,0.09358309476953273,0.093582,16.945240000000002,0.093582,10.762055898496264,10.76193,1714.09043382,10.76193,1.0222272350501864,41,30,0,-0.026750665436893525,12,
09:16:25.607,16.31495394120074,16.315149509463772,16.86202571079904,16.315149509463772,8.546759965891882,-0.71325,45.92557624585464,0.25286352780069177,1.5282875742222222,1.528289,285.732607,1.528289,854,0.9,1,0.09367403547262136,0.093673,16.945331,0.093673,10.772514079351456,10.772395000000001,1714.10089882,10.772395000000001,0.9892521629517936,41,30,0,-0.026750665436893525,12,
09:16:25.924,16.31495394120074,16.315149509463772,16.86202571079904,16.315149509463772,8.553807373588924,-0.71325,47.45642878738312,0.25286352780069177,1.5326756555555554,1.532677,285.736995,1.532677,854,0.9,1,0.09367403547262136,0.093673,16.945331,0.093673,10.772514079351456,10.772395000000001,1714.10089882,10.772395000000001,0.9892521629517936,41,30,0,-0.021257213701261282,12,
09:16:26.243,16.31495394120074,16.315149509463772,16.86202571079904,16.315149509463772,8.553807373588924,-0.71325,47.45642878738312,0.25286352780069177,1.5326756555555554,1.532677,285.736995,1.532677,854,0.9,1,0.09367403547262136,0.093673,16.945331,0.093673,10.772514079351456,10.772395000000001,1714.10089882,10.772395000000001,0.9892521629517936,41,30,0,-0.021257213701261282,12,
09:16:26.698,16.31495394120074,16.315149509463772,16.86202571079904,16.315149509463772,8.553807373588924,-0.71325,47.45642878738312,0.25286352780069177,1.5326756555555554,1.532677,285.736995,1.532677,854,0.9,1,0.09367403547262136,0.093673,16.945331,0.093673,10.772514079351456,10.772395000000001,1714.10089882,10.772395000000001,0.9892521629517936,41,30,0,-0.021257213701261282,12,
09:16:26.916,16.345526783921766,16.3457649894418,16.86219211747077,16.3457649894418,8.553807373588924,-0.71325,47.45642878738312,0.25582445903957574,1.5326756555555554,1.532677,285.736995,1.532677,864,0.9,1,0.09376728421277726,0.093766,16.945424,0.093766,10.783237684469386,10.78309,1714.11159382,10.78309,1.0008359119324937,41,30,0,-0.021257213701261282,12,
09:16:27.231,16.345526783921766,16.3457649894418,16.86219211747077,16.3457649894418,8.562806024004677,-0.71325,50.81609494574917,0.25582445903957574,1.5373995818333333,1.537401,285.741719,1.537401,864,0.9,1,0.09376728421277726,0.093766,16.945424,0.093766,10.783237684469386,10.78309,1714.11159382,10.78309,1.0008359119324937,41,30,0,-0.021257213701261282,13,
09:16:27.537,16.345526783921766,16.3457649894418,16.86219211747077,16.3457649894418,8.562806024004677,-0.70325,50.81609494574917,0.25582445903957574,1.5373995818333333,1.537401,285.741719,1.537401,864,0.9,1,0.09376728421277726,0.093766,16.945424,0.093766,10.783237684469386,10.78309,1714.11159382,10.78309,1.0008359119324937,41,31,0,-0.021257213701261282,13,
09:16:27.991,16.345526783921766,16.3457649894418,16.86219211747077,16.3457649894418,8.562806024004677,-0.70325,50.81609494574917,0.25582445903957574,1.5373995818333333,1.537401,285.741719,1.537401,864,0.9,1,0.09376728421277726,0.093766,16.945424,0.093766,10.783237684469386,10.78309,1714.11159382,10.78309,1.0008359119324937,41,31,0,-0.021257213701261282,13,
09:16:28.235,16.377521875494995,16.377805712094258,16.86236640945231,16.377805712094258,8.562806024004677,-0.70325,50.81609494574917,0.28760512100359703,1.5373995818333333,1.537401,285.741719,1.537401,940,0.9,1,0.09387254027324368,0.093871,16.945529,0.093871,10.795342131423023,10.795164999999999,1714.1236688200001,10.795164999999999,1.1251681509920086,41,31,0,-0.021257213701261282,13,
09:16:28.546,16.377521875494995,16.377805712094258,16.86236640945231,16.377805712094258,8.567755411049902,-0.70325,38.24688504020909,0.28760512100359703,1.5414184846944443,1.54142,285.745738,1.54142,940,0.9,1,0.09387254027324368,0.093871,16.945529,0.093871,10.795342131423023,10.795164999999999,1714.1236688200001,10.795164999999999,1.1251681509920086,41,31,0,-0.021257213701261282,11,
09:16:28.852,16.377521875494995,16.377805712094258,16.86236640945231,16.377805712094258,8.567755411049902,-0.57325,38.24688504020909,0.28760512100359703,1.5414184846944443,1.54142,285.745738,1.54142,940,0.9,1,0.09387254027324368,0.093871,16.945529,0.093871,10.795342131423023,10.795164999999999,1714.1236688200001,10.795164999999999,1.1251681509920086,41,44,0,-0.021257213701261282,11,
09:16:29.320,16.377521875494995,16.377805712094258,16.86236640945231,16.377805712094258,8.567755411049902,-0.57325,38.24688504020909,0.28760512100359703,1.5414184846944443,1.54142,285.745738,1.54142,940,0.9,1,0.09387254027324368,0.093871,16.945529,0.093871,10.795342131423023,10.795164999999999,1714.1236688200001,10.795164999999999,1.1251681509920086,41,44,0,-0.021257213701261282,11,
09:16:29.557,16.397100366682334,16.39738734521935,16.862471233050677,16.39738734521935,8.567755411049902,-0.57325,38.24688504020909,0.3621811091402882,1.5414184846944443,1.54142,285.745738,1.54142,834,0.8,1,0.09400555282484517,0.094004,16.945662000000002,0.094004,10.810638574857194,10.81046,1714.13896382,10.81046,1.4169241753192434,41,44,0,-0.021257213701261282,11,
09:16:29.865,16.397100366682334,16.39738734521935,16.862471233050677,16.39738734521935,8.566601822222164,-0.57325,22.088396655998032,0.3621811091402882,1.5443488149166666,1.54435,285.748668,1.54435,834,0.8,1,0.09400555282484517,0.094004,16.945662000000002,0.094004,10.810638574857194,10.81046,1714.13896382,10.81046,1.4169241753192434,41,44,0,-0.021257213701261282,8,
09:16:30.155,16.397100366682334,16.39738734521935,16.862471233050677,16.39738734521935,8.566601822222164,-0.56325,22.088396655998032,0.3621811091402882,1.5443488149166666,1.54435,285.748668,1.54435,834,0.8,1,0.09400555282484517,0.094004,16.945662000000002,0.094004,10.810638574857194,10.81046,1714.13896382,10.81046,1.4169241753192434,41,45,0,-0.021257213701261282,8,
09:16:30.615,16.397100366682334,16.39738734521935,16.862471233050677,16.39738734521935,8.566601822222164,-0.56325,22.088396655998032,0.3621811091402882,1.5443488149166666,1.54435,285.748668,1.54435,834,0.8,1,0.09400555282484517,0.094004,16.945662000000002,0.094004,10.810638574857194,10.81046,1714.13896382,10.81046,1.4169241753192434,41,45,0,-0.021257213701261282,8,
09:16:30.884,16.40348133681033,16.403777112144965,16.8625028355102,16.403777112144965,8.566601822222164,-0.56325,22.088396655998032,0.38640152667435923,1.5443488149166666,1.54435,285.748668,1.54435,870,0.9,1,0.09414762532457432,0.094146,16.945804,0.094146,10.826976912326048,10.826789999999999,1714.1552938200002,10.826789999999999,1.5116792419813707,41,45,0,-0.021257213701261282,8,
09:16:31.152,16.40348133681033,16.403777112144965,16.8625028355102,16.403777112144965,8.55957729720688,-0.56325,12.939907466291563,0.38640152667435923,1.5461276076944444,1.546129,285.750447,1.546129,870,0.9,1,0.09414762532457432,0.094146,16.945804,0.094146,10.826976912326048,10.826789999999999,1714.1552938200002,10.826789999999999,1.5116792419813707,41,45,0,-0.03792750834157327,5,
09:16:31.454,16.40348133681033,16.403777112144965,16.8625028355102,16.403777112144965,8.55957729720688,-0.57325,12.939907466291563,0.38640152667435923,1.5461276076944444,1.546129,285.750447,1.546129,870,0.9,1,0.09414762532457432,0.094146,16.945804,0.094146,10.826976912326048,10.826789999999999,1714.1552938200002,10.826789999999999,1.5116792419813707,41,44,0,-0.03792750834157327,5,
09:16:31.930,16.40348133681033,16.403777112144965,16.8625028355102,16.403777112144965,8.55957729720688,-0.57325,12.939907466291563,0.38640152667435923,1.5461276076944444,1.546129,285.750447,1.546129,870,0.9,1,0.09414762532457432,0.094146,16.945804,0.094146,10.826976912326048,10.826789999999999,1714.1552938200002,10.826789999999999,1.5116792419813707,41,44,0,-0.03792750834157327,5,
09:16:32.148,16.39945255834591,16.399679670760943,16.862476466333877,16.399679670760943,8.55957729720688,-0.57325,12.939907466291563,0.3739063968462687,1.5461276076944444,1.546129,285.750447,1.546129,861,0.9,1,0.09427922073579209,0.094278,16.945936,0.094278,10.84211038461609,10.84197,1714.17047382,10.84197,1.4627958212828156,41,44,0,-0.03792750834157327,5,
09:16:32.461,16.39945255834591,16.399679670760943,16.862476466333877,16.399679670760943,8.548377208672912,-0.57325,8.023398436891272,0.3739063968462687,1.547221487861111,1.547223,285.751541,1.547223,861,0.9,1,0.09427922073579209,0.094278,16.945936,0.094278,10.84211038461609,10.84197,1714.17047382,10.84197,1.4627958212828156,41,44,0,-0.05416045565360393,3,
09:16:32.781,16.39945255834591,16.399679670760943,16.862476466333877,16.399679670760943,8.548377208672912,-0.57325,8.023398436891272,0.3739063968462687,1.547221487861111,1.547223,285.751541,1.547223,861,0.9,1,0.09427922073579209,0.094278,16.945936,0.094278,10.84211038461609,10.84197,1714.17047382,10.84197,1.4627958212828156,41,44,0,-0.05416045565360393,3,
09:16:33.008,16.39945255834591,16.399679670760943,16.862476466333877,16.399679670760943,8.541275128161008,-0.57325,8.023398436891272,0.3739063968462687,1.547221487861111,1.547223,285.751541,1.547223,861,0.9,1,0.09427922073579209,0.094278,16.945936,0.094278,10.84211038461609,10.84197,1714.17047382,10.84197,1.4627958212828156,41,44,0,-0.06983896912068965,0,
09:16:33.221,16.39945255834591,16.399679670760943,16.862476466333877,16.399679670760943,8.541275128161008,-0.58325,8.023398436891272,0.3739063968462687,1.547221487861111,1.547223,285.751541,1.547223,861,0.9,1,0.09427922073579209,0.094278,16.945936,0.094278,10.84211038461609,10.84197,1714.17047382,10.84197,1.4627958212828156,41,43,0,-0.06983896912068965,0,
09:16:33.691,16.39945255834591,16.399679670760943,16.862476466333877,16.399679670760943,8.541275128161008,-0.58325,8.023398436891272,0.3739063968462687,1.547221487861111,1.547223,285.751541,1.547223,861,0.9,1,0.09427922073579209,0.094278,16.945936,0.094278,10.84211038461609,10.84197,1714.17047382,10.84197,1.4627958212828156,41,43,0,-0.06983896912068965,0,
